sample_id,severity_level,loss,severity_difference,difference,semantic_greater
im101,0.25,huber_ab,0.0,-0.021992862224578857,0.0
im101,0.25,gradient_ab,0.0,-0.09869871288537979,0.0
im101,0.25,lpips_vgg,0.0,0.0027147922664880753,1.0
im101,0.25,convnext_perceptual,0.0,-11.611696243286133,0.0
im101,0.25,dinov3_perceptual,0.0,0.00013238820247352123,1.0
im101,0.5,huber_ab,0.0,0.04361230134963989,1.0
im101,0.5,gradient_ab,0.0,-0.19739744067192078,0.0
im101,0.5,lpips_vgg,0.0,0.003937177360057831,1.0
im101,0.5,convnext_perceptual,0.0,-66.1875991821289,0.0
im101,0.5,dinov3_perceptual,0.0,-0.00039052171632647514,0.0
im101,0.75,huber_ab,4.76837158203125e-07,0.12742960453033447,1.0
im101,0.75,gradient_ab,4.76837158203125e-07,-0.29609620571136475,0.0
im101,0.75,lpips_vgg,4.76837158203125e-07,0.003977760672569275,1.0
im101,0.75,convnext_perceptual,4.76837158203125e-07,-128.87155151367188,0.0
im101,0.75,dinov3_perceptual,4.76837158203125e-07,-0.0025914330035448074,0.0
im101,1.0,huber_ab,0.0,0.1862626075744629,1.0
im101,1.0,gradient_ab,0.0,-0.39479488134384155,0.0
im101,1.0,lpips_vgg,0.0,0.0077193304896354675,1.0
im101,1.0,convnext_perceptual,0.0,-132.17771911621094,0.0
im101,1.0,dinov3_perceptual,0.0,-0.004964153282344341,0.0
im102,0.25,huber_ab,0.0,-0.06003522872924805,0.0
im102,0.25,gradient_ab,0.0,-0.014601796865463257,0.0
im102,0.25,lpips_vgg,0.0,0.02365005761384964,1.0
im102,0.25,convnext_perceptual,0.0,-28.22018051147461,0.0
im102,0.25,dinov3_perceptual,0.0,0.002077644458040595,1.0
im102,0.5,huber_ab,0.0,0.08047199249267578,1.0
im102,0.5,gradient_ab,0.0,-0.02920350432395935,0.0
im102,0.5,lpips_vgg,0.0,0.060576826333999634,1.0
im102,0.5,convnext_perceptual,0.0,-7.6485137939453125,0.0
im102,0.5,dinov3_perceptual,0.0,0.0049126483500003815,1.0
im102,0.75,huber_ab,1.9073486328125e-06,0.26416587829589844,1.0
im102,0.75,gradient_ab,1.9073486328125e-06,-0.04380518198013306,0.0
im102,0.75,lpips_vgg,1.9073486328125e-06,0.06370031833648682,1.0
im102,0.75,convnext_perceptual,1.9073486328125e-06,-72.5562744140625,0.0
im102,0.75,dinov3_perceptual,1.9073486328125e-06,0.0067435335367918015,1.0
im102,1.0,huber_ab,0.0,0.4469137191772461,1.0
im102,1.0,gradient_ab,0.0,-0.0584070086479187,0.0
im102,1.0,lpips_vgg,0.0,0.027221083641052246,1.0
im102,1.0,convnext_perceptual,0.0,-47.741302490234375,0.0
im102,1.0,dinov3_perceptual,0.0,0.007183501496911049,1.0
im103,0.25,huber_ab,-2.384185791015625e-07,-0.01634979248046875,0.0
im103,0.25,gradient_ab,-2.384185791015625e-07,-0.3440985679626465,0.0
im103,0.25,lpips_vgg,-2.384185791015625e-07,-0.01041080616414547,0.0
im103,0.25,convnext_perceptual,-2.384185791015625e-07,-25.012062072753906,0.0
im103,0.25,dinov3_perceptual,-2.384185791015625e-07,-0.002587353577837348,0.0
im103,0.5,huber_ab,-4.76837158203125e-07,0.14156460762023926,1.0
im103,0.5,gradient_ab,-4.76837158203125e-07,-0.6881971955299377,0.0
im103,0.5,lpips_vgg,-4.76837158203125e-07,-0.0288626067340374,0.0
im103,0.5,convnext_perceptual,-4.76837158203125e-07,-142.0143280029297,0.0
im103,0.5,dinov3_perceptual,-4.76837158203125e-07,-0.009275187738239765,0.0
im103,0.75,huber_ab,0.0,0.43987321853637695,1.0
im103,0.75,gradient_ab,0.0,-1.0322956442832947,0.0
im103,0.75,lpips_vgg,0.0,-0.04378467798233032,0.0
im103,0.75,convnext_perceptual,0.0,-84.1053466796875,0.0
im103,0.75,dinov3_perceptual,0.0,-0.01623786799609661,0.0
im103,1.0,huber_ab,9.5367431640625e-07,0.7688636779785156,1.0
im103,1.0,gradient_ab,9.5367431640625e-07,-1.376394271850586,0.0
im103,1.0,lpips_vgg,9.5367431640625e-07,-0.05197378993034363,0.0
im103,1.0,convnext_perceptual,9.5367431640625e-07,-54.200164794921875,0.0
im103,1.0,dinov3_perceptual,9.5367431640625e-07,-0.021105876192450523,0.0
im106,0.25,huber_ab,0.0,0.05051147937774658,1.0
im106,0.25,gradient_ab,0.0,0.16627687215805054,1.0
im106,0.25,lpips_vgg,0.0,0.02823770511895418,1.0
im106,0.25,convnext_perceptual,0.0,25.549259185791016,1.0
im106,0.25,dinov3_perceptual,0.0,0.00861562299542129,1.0
im106,0.5,huber_ab,0.0,0.2763652801513672,1.0
im106,0.5,gradient_ab,0.0,0.3325538635253906,1.0
im106,0.5,lpips_vgg,0.0,0.05194341018795967,1.0
im106,0.5,convnext_perceptual,0.0,59.0831937789917,1.0
im106,0.5,dinov3_perceptual,0.0,0.016966310795396566,1.0
im106,0.75,huber_ab,-1.9073486328125e-06,0.5038495063781738,1.0
im106,0.75,gradient_ab,-1.9073486328125e-06,0.49883055686950684,1.0
im106,0.75,lpips_vgg,-1.9073486328125e-06,0.03831122815608978,1.0
im106,0.75,convnext_perceptual,-1.9073486328125e-06,60.881914138793945,1.0
im106,0.75,dinov3_perceptual,-1.9073486328125e-06,0.020401708781719208,1.0
im106,1.0,huber_ab,0.0,0.7237949371337891,1.0
im106,1.0,gradient_ab,0.0,0.6651076078414917,1.0
im106,1.0,lpips_vgg,0.0,0.026859238743782043,1.0
im106,1.0,convnext_perceptual,0.0,18.02906036376953,1.0
im106,1.0,dinov3_perceptual,0.0,0.022306211292743683,1.0
im107,0.25,huber_ab,2.384185791015625e-07,0.0646328330039978,1.0
im107,0.25,gradient_ab,2.384185791015625e-07,-0.12576580047607422,0.0
im107,0.25,lpips_vgg,2.384185791015625e-07,0.003356805071234703,1.0
im107,0.25,convnext_perceptual,2.384185791015625e-07,-8.177154541015625,0.0
im107,0.25,dinov3_perceptual,2.384185791015625e-07,0.00024324608966708183,1.0
im107,0.5,huber_ab,4.76837158203125e-07,0.17029547691345215,1.0
im107,0.5,gradient_ab,4.76837158203125e-07,-0.25153160095214844,0.0
im107,0.5,lpips_vgg,4.76837158203125e-07,0.01039140671491623,1.0
im107,0.5,convnext_perceptual,4.76837158203125e-07,-56.29736328125,0.0
im107,0.5,dinov3_perceptual,4.76837158203125e-07,0.0009105606004595757,1.0
im107,0.75,huber_ab,0.0,0.23895668983459473,1.0
im107,0.75,gradient_ab,0.0,-0.3772975206375122,0.0
im107,0.75,lpips_vgg,0.0,0.007439803332090378,1.0
im107,0.75,convnext_perceptual,0.0,-19.126312255859375,0.0
im107,0.75,dinov3_perceptual,0.0,0.00040339119732379913,1.0
im107,1.0,huber_ab,9.5367431640625e-07,0.2831697463989258,1.0
im107,1.0,gradient_ab,9.5367431640625e-07,-0.5030632019042969,0.0
im107,1.0,lpips_vgg,9.5367431640625e-07,0.003962278366088867,1.0
im107,1.0,convnext_perceptual,9.5367431640625e-07,4.085784912109375,1.0
im107,1.0,dinov3_perceptual,9.5367431640625e-07,-1.8617138266563416e-05,0.0
im109,0.25,huber_ab,-4.76837158203125e-07,0.00840216875076294,1.0
im109,0.25,gradient_ab,-4.76837158203125e-07,-0.24911463260650635,0.0
im109,0.25,lpips_vgg,-4.76837158203125e-07,-0.0037442538887262344,0.0
im109,0.25,convnext_perceptual,-4.76837158203125e-07,-14.21244740486145,0.0
im109,0.25,dinov3_perceptual,-4.76837158203125e-07,-0.0016838131996337324,0.0
im109,0.5,huber_ab,-4.76837158203125e-07,0.09974980354309082,1.0
im109,0.5,gradient_ab,-4.76837158203125e-07,-0.4982292652130127,0.0
im109,0.5,lpips_vgg,-4.76837158203125e-07,-0.007348125800490379,0.0
im109,0.5,convnext_perceptual,-4.76837158203125e-07,-53.398491859436035,0.0
im109,0.5,dinov3_perceptual,-4.76837158203125e-07,-0.006478058756329119,0.0
im109,0.75,huber_ab,4.76837158203125e-07,0.2959423065185547,1.0
im109,0.75,gradient_ab,4.76837158203125e-07,-0.7473439574241638,0.0
im109,0.75,lpips_vgg,4.76837158203125e-07,-0.009216871112585068,0.0
im109,0.75,convnext_perceptual,4.76837158203125e-07,-147.38409042358398,0.0
im109,0.75,dinov3_perceptual,4.76837158203125e-07,-0.014001263538375497,0.0
im109,1.0,huber_ab,-1.9073486328125e-06,0.46596288681030273,1.0
im109,1.0,gradient_ab,-1.9073486328125e-06,-0.9964585304260254,0.0
im109,1.0,lpips_vgg,-1.9073486328125e-06,-0.012341562658548355,0.0
im109,1.0,convnext_perceptual,-1.9073486328125e-06,-156.75301361083984,0.0
im109,1.0,dinov3_perceptual,-1.9073486328125e-06,-0.02076071873307228,0.0
im110,0.25,huber_ab,0.0,-0.12905168533325195,0.0
im110,0.25,gradient_ab,0.0,-0.026518702507019043,0.0
im110,0.25,lpips_vgg,0.0,0.027606956660747528,1.0
im110,0.25,convnext_perceptual,0.0,20.939834594726562,1.0
im110,0.25,dinov3_perceptual,0.0,0.004528346471488476,1.0
im110,0.5,huber_ab,0.0,-0.6591310501098633,0.0
im110,0.5,gradient_ab,0.0,-0.053037405014038086,0.0
im110,0.5,lpips_vgg,0.0,0.05891580134630203,1.0
im110,0.5,convnext_perceptual,0.0,19.806446075439453,1.0
im110,0.5,dinov3_perceptual,0.0,0.006548243574798107,1.0
im110,0.75,huber_ab,0.0,-1.1897640228271484,0.0
im110,0.75,gradient_ab,0.0,-0.07955610752105713,0.0
im110,0.75,lpips_vgg,0.0,0.06961940228939056,1.0
im110,0.75,convnext_perceptual,0.0,-3.3579254150390625,0.0
im110,0.75,dinov3_perceptual,0.0,0.004856325685977936,1.0
im110,1.0,huber_ab,0.0,-1.7005424499511719,0.0
im110,1.0,gradient_ab,0.0,-0.10607492923736572,0.0
im110,1.0,lpips_vgg,0.0,0.05686560273170471,1.0
im110,1.0,convnext_perceptual,0.0,-36.171905517578125,0.0
im110,1.0,dinov3_perceptual,0.0,-0.0003324747085571289,0.0
im111,0.25,huber_ab,2.384185791015625e-07,0.019502341747283936,1.0
im111,0.25,gradient_ab,2.384185791015625e-07,-0.2759742736816406,0.0
im111,0.25,lpips_vgg,2.384185791015625e-07,-0.006919596344232559,0.0
im111,0.25,convnext_perceptual,2.384185791015625e-07,-13.832571029663086,0.0
im111,0.25,dinov3_perceptual,2.384185791015625e-07,-0.0007904623635113239,0.0
im111,0.5,huber_ab,9.5367431640625e-07,0.05553436279296875,1.0
im111,0.5,gradient_ab,9.5367431640625e-07,-0.5519485771656036,0.0
im111,0.5,lpips_vgg,9.5367431640625e-07,-0.01849142462015152,0.0
im111,0.5,convnext_perceptual,9.5367431640625e-07,-48.23680114746094,0.0
im111,0.5,dinov3_perceptual,9.5367431640625e-07,-0.006317652761936188,0.0
im111,0.75,huber_ab,0.0,0.1308283805847168,1.0
im111,0.75,gradient_ab,0.0,-0.8279228210449219,0.0
im111,0.75,lpips_vgg,0.0,-0.03177889436483383,0.0
im111,0.75,convnext_perceptual,0.0,-49.66737365722656,0.0
im111,0.75,dinov3_perceptual,0.0,-0.013252494856715202,0.0
im111,1.0,huber_ab,1.9073486328125e-06,0.18109607696533203,1.0
im111,1.0,gradient_ab,1.9073486328125e-06,-1.103897213935852,0.0
im111,1.0,lpips_vgg,1.9073486328125e-06,-0.048640161752700806,0.0
im111,1.0,convnext_perceptual,1.9073486328125e-06,-85.78326416015625,0.0
im111,1.0,dinov3_perceptual,1.9073486328125e-06,-0.017535075545310974,0.0
im114,0.25,huber_ab,4.76837158203125e-07,0.08954644203186035,1.0
im114,0.25,gradient_ab,4.76837158203125e-07,-0.16956040263175964,0.0
im114,0.25,lpips_vgg,4.76837158203125e-07,-0.031031807884573936,0.0
im114,0.25,convnext_perceptual,4.76837158203125e-07,-257.6245231628418,0.0
im114,0.25,dinov3_perceptual,4.76837158203125e-07,-0.00461121485568583,0.0
im114,0.5,huber_ab,0.0,0.22197580337524414,1.0
im114,0.5,gradient_ab,0.0,-0.33912086486816406,0.0
im114,0.5,lpips_vgg,0.0,-0.07256560772657394,0.0
im114,0.5,convnext_perceptual,0.0,-379.69464111328125,0.0
im114,0.5,dinov3_perceptual,0.0,-0.014190373942255974,0.0
im114,0.75,huber_ab,1.9073486328125e-06,0.2287430763244629,1.0
im114,0.75,gradient_ab,1.9073486328125e-06,-0.5086812973022461,0.0
im114,0.75,lpips_vgg,1.9073486328125e-06,-0.06330782175064087,0.0
im114,0.75,convnext_perceptual,1.9073486328125e-06,-328.3524475097656,0.0
im114,0.75,dinov3_perceptual,1.9073486328125e-06,-0.019949544221162796,0.0
im114,1.0,huber_ab,0.0,0.23583412170410156,1.0
im114,1.0,gradient_ab,0.0,-0.6782416701316833,0.0
im114,1.0,lpips_vgg,0.0,-0.02611459791660309,0.0
im114,1.0,convnext_perceptual,0.0,-244.827392578125,0.0
im114,1.0,dinov3_perceptual,0.0,-0.023840297013521194,0.0
im115,0.25,huber_ab,0.0,-0.08924984931945801,0.0
im115,0.25,gradient_ab,0.0,-0.28657805919647217,0.0
im115,0.25,lpips_vgg,0.0,-0.0010265698656439781,0.0
im115,0.25,convnext_perceptual,0.0,-36.113332748413086,0.0
im115,0.25,dinov3_perceptual,0.0,-0.0011904834536835551,0.0
im115,0.5,huber_ab,-4.76837158203125e-07,-0.021456003189086914,0.0
im115,0.5,gradient_ab,-4.76837158203125e-07,-0.5731561183929443,0.0
im115,0.5,lpips_vgg,-4.76837158203125e-07,-0.005497325211763382,0.0
im115,0.5,convnext_perceptual,-4.76837158203125e-07,-82.84995651245117,0.0
im115,0.5,dinov3_perceptual,-4.76837158203125e-07,-0.0059823887422680855,0.0
im115,0.75,huber_ab,-1.9073486328125e-06,0.07166004180908203,1.0
im115,0.75,gradient_ab,-1.9073486328125e-06,-0.8597341775894165,0.0
im115,0.75,lpips_vgg,-1.9073486328125e-06,-0.02079389989376068,0.0
im115,0.75,convnext_perceptual,-1.9073486328125e-06,-140.06682968139648,0.0
im115,0.75,dinov3_perceptual,-1.9073486328125e-06,-0.014153809286653996,0.0
im115,1.0,huber_ab,0.0,0.16077661514282227,1.0
im115,1.0,gradient_ab,0.0,-1.1463124752044678,0.0
im115,1.0,lpips_vgg,0.0,-0.034679263830184937,0.0
im115,1.0,convnext_perceptual,0.0,-175.63793182373047,0.0
im115,1.0,dinov3_perceptual,0.0,-0.022527890279889107,0.0
im117,0.25,huber_ab,0.0,-0.01734793186187744,0.0
im117,0.25,gradient_ab,0.0,-0.01141589879989624,0.0
im117,0.25,lpips_vgg,0.0,-0.004259761422872543,0.0
im117,0.25,convnext_perceptual,0.0,2.665952682495117,1.0
im117,0.25,dinov3_perceptual,0.0,-0.0015966384671628475,0.0
im117,0.5,huber_ab,0.0,0.22729849815368652,1.0
im117,0.5,gradient_ab,0.0,-0.022831737995147705,0.0
im117,0.5,lpips_vgg,0.0,-0.01666468381881714,0.0
im117,0.5,convnext_perceptual,0.0,6.986358642578125,1.0
im117,0.5,dinov3_perceptual,0.0,-0.005366255063563585,0.0
im117,0.75,huber_ab,9.5367431640625e-07,0.46003246307373047,1.0
im117,0.75,gradient_ab,9.5367431640625e-07,-0.034247636795043945,0.0
im117,0.75,lpips_vgg,9.5367431640625e-07,-0.030959971249103546,0.0
im117,0.75,convnext_perceptual,9.5367431640625e-07,31.74184799194336,1.0
im117,0.75,dinov3_perceptual,9.5367431640625e-07,-0.009197153151035309,0.0
im117,1.0,huber_ab,0.0,0.6763010025024414,1.0
im117,1.0,gradient_ab,0.0,-0.04566347599029541,0.0
im117,1.0,lpips_vgg,0.0,-0.05270680785179138,0.0
im117,1.0,convnext_perceptual,0.0,7.3817138671875,1.0
im117,1.0,dinov3_perceptual,0.0,-0.013587476685643196,0.0
im118,0.25,huber_ab,0.0,0.04383581876754761,1.0
im118,0.25,gradient_ab,0.0,-0.18625496327877045,0.0
im118,0.25,lpips_vgg,0.0,0.00484118890017271,1.0
im118,0.25,convnext_perceptual,0.0,-3.435793399810791,0.0
im118,0.25,dinov3_perceptual,0.0,0.0010968876304104924,1.0
im118,0.5,huber_ab,0.0,0.16482555866241455,1.0
im118,0.5,gradient_ab,0.0,-0.3725099265575409,0.0
im118,0.5,lpips_vgg,0.0,0.007085051387548447,1.0
im118,0.5,convnext_perceptual,0.0,-1.6060924530029297,0.0
im118,0.5,dinov3_perceptual,0.0,0.0027916075196117163,1.0
im118,0.75,huber_ab,0.0,0.2804334759712219,1.0
im118,0.75,gradient_ab,0.0,-0.5587647259235382,0.0
im118,0.75,lpips_vgg,0.0,-0.0038746409118175507,0.0
im118,0.75,convnext_perceptual,0.0,-16.841846466064453,0.0
im118,0.75,dinov3_perceptual,0.0,-0.0001246938481926918,0.0
im118,1.0,huber_ab,0.0,0.3683044910430908,1.0
im118,1.0,gradient_ab,0.0,-0.7450196743011475,0.0
im118,1.0,lpips_vgg,0.0,-0.015424147248268127,0.0
im118,1.0,convnext_perceptual,0.0,-64.58773803710938,0.0
im118,1.0,dinov3_perceptual,0.0,-0.005179010331630707,0.0
im119,0.25,huber_ab,4.76837158203125e-07,-0.054331064224243164,0.0
im119,0.25,gradient_ab,4.76837158203125e-07,-0.26527833938598633,0.0
im119,0.25,lpips_vgg,4.76837158203125e-07,-0.01906871236860752,0.0
im119,0.25,convnext_perceptual,4.76837158203125e-07,-22.399686813354492,0.0
im119,0.25,dinov3_perceptual,4.76837158203125e-07,-0.006235518492758274,0.0
im119,0.5,huber_ab,9.5367431640625e-07,0.27158546447753906,1.0
im119,0.5,gradient_ab,9.5367431640625e-07,-0.5305567383766174,0.0
im119,0.5,lpips_vgg,9.5367431640625e-07,-0.032031916081905365,0.0
im119,0.5,convnext_perceptual,9.5367431640625e-07,-88.80202865600586,0.0
im119,0.5,dinov3_perceptual,9.5367431640625e-07,-0.015504350885748863,0.0
im119,0.75,huber_ab,-1.9073486328125e-06,0.5953798294067383,1.0
im119,0.75,gradient_ab,-1.9073486328125e-06,-0.7958351373672485,0.0
im119,0.75,lpips_vgg,-1.9073486328125e-06,-0.009521424770355225,0.0
im119,0.75,convnext_perceptual,-1.9073486328125e-06,-51.66828155517578,0.0
im119,0.75,dinov3_perceptual,-1.9073486328125e-06,-0.02267303317785263,0.0
im119,1.0,huber_ab,1.9073486328125e-06,0.8682594299316406,1.0
im119,1.0,gradient_ab,1.9073486328125e-06,-1.0611133575439453,0.0
im119,1.0,lpips_vgg,1.9073486328125e-06,0.007658109068870544,1.0
im119,1.0,convnext_perceptual,1.9073486328125e-06,-20.774551391601562,0.0
im119,1.0,dinov3_perceptual,1.9073486328125e-06,-0.02598288655281067,0.0
im12,0.25,huber_ab,0.0,-0.026973456144332886,0.0
im12,0.25,gradient_ab,0.0,-0.21629215776920319,0.0
im12,0.25,lpips_vgg,0.0,-0.0005437536165118217,0.0
im12,0.25,convnext_perceptual,0.0,-11.364238739013672,0.0
im12,0.25,dinov3_perceptual,0.0,-0.0003495270502753556,0.0
im12,0.5,huber_ab,0.0,-0.08418223261833191,0.0
im12,0.5,gradient_ab,0.0,-0.43258431553840637,0.0
im12,0.5,lpips_vgg,0.0,-0.003812488168478012,0.0
im12,0.5,convnext_perceptual,0.0,-81.05266761779785,0.0
im12,0.5,dinov3_perceptual,0.0,-0.0024793269112706184,0.0
im12,0.75,huber_ab,4.76837158203125e-07,-0.10908228158950806,0.0
im12,0.75,gradient_ab,4.76837158203125e-07,-0.6488763689994812,0.0
im12,0.75,lpips_vgg,4.76837158203125e-07,-0.007891334593296051,0.0
im12,0.75,convnext_perceptual,4.76837158203125e-07,-200.41196060180664,0.0
im12,0.75,dinov3_perceptual,4.76837158203125e-07,-0.005696221254765987,0.0
im12,1.0,huber_ab,0.0,-0.0838083028793335,0.0
im12,1.0,gradient_ab,0.0,-0.865168571472168,0.0
im12,1.0,lpips_vgg,0.0,-0.008456230163574219,0.0
im12,1.0,convnext_perceptual,0.0,-250.43716049194336,0.0
im12,1.0,dinov3_perceptual,0.0,-0.007955723907798529,0.0
im120,0.25,huber_ab,2.384185791015625e-07,0.17648828029632568,1.0
im120,0.25,gradient_ab,2.384185791015625e-07,-0.23815476894378662,0.0
im120,0.25,lpips_vgg,2.384185791015625e-07,0.0073121581226587296,1.0
im120,0.25,convnext_perceptual,2.384185791015625e-07,23.050701141357422,1.0
im120,0.25,dinov3_perceptual,2.384185791015625e-07,0.0026499307714402676,1.0
im120,0.5,huber_ab,4.76837158203125e-07,0.3331730365753174,1.0
im120,0.5,gradient_ab,4.76837158203125e-07,-0.4763094186782837,0.0
im120,0.5,lpips_vgg,4.76837158203125e-07,0.01773928850889206,1.0
im120,0.5,convnext_perceptual,4.76837158203125e-07,56.8240966796875,1.0
im120,0.5,dinov3_perceptual,4.76837158203125e-07,0.003919151611626148,1.0
im120,0.75,huber_ab,-9.5367431640625e-07,0.4518551826477051,1.0
im120,0.75,gradient_ab,-9.5367431640625e-07,-0.7144641876220703,0.0
im120,0.75,lpips_vgg,-9.5367431640625e-07,0.02078588306903839,1.0
im120,0.75,convnext_perceptual,-9.5367431640625e-07,-262.4239196777344,0.0
im120,0.75,dinov3_perceptual,-9.5367431640625e-07,0.0005696024745702744,1.0
im120,1.0,huber_ab,0.0,0.5656242370605469,1.0
im120,1.0,gradient_ab,0.0,-0.9526190757751465,0.0
im120,1.0,lpips_vgg,0.0,0.012456551194190979,1.0
im120,1.0,convnext_perceptual,0.0,-502.6435241699219,0.0
im120,1.0,dinov3_perceptual,0.0,-0.0005832761526107788,0.0
im121,0.25,huber_ab,0.0,-0.025530099868774414,0.0
im121,0.25,gradient_ab,0.0,-0.14580711722373962,0.0
im121,0.25,lpips_vgg,0.0,0.004318684339523315,1.0
im121,0.25,convnext_perceptual,0.0,3.319427490234375,1.0
im121,0.25,dinov3_perceptual,0.0,0.0008006924763321877,1.0
im121,0.5,huber_ab,0.0,-0.019500136375427246,0.0
im121,0.5,gradient_ab,0.0,-0.2916146218776703,0.0
im121,0.5,lpips_vgg,0.0,0.007250528782606125,1.0
im121,0.5,convnext_perceptual,0.0,-1.5872116088867188,0.0
im121,0.5,dinov3_perceptual,0.0,0.0012383314315229654,1.0
im121,0.75,huber_ab,0.0,0.08207082748413086,1.0
im121,0.75,gradient_ab,0.0,-0.43742209672927856,0.0
im121,0.75,lpips_vgg,0.0,0.00022500008344650269,1.0
im121,0.75,convnext_perceptual,0.0,-80.8470687866211,0.0
im121,0.75,dinov3_perceptual,0.0,-0.0011264216154813766,0.0
im121,1.0,huber_ab,0.0,0.2183539867401123,1.0
im121,1.0,gradient_ab,0.0,-0.5832295119762421,0.0
im121,1.0,lpips_vgg,0.0,-0.004518188536167145,0.0
im121,1.0,convnext_perceptual,0.0,-158.2757339477539,0.0
im121,1.0,dinov3_perceptual,0.0,-0.006604598835110664,0.0
im122,0.25,huber_ab,0.0,-0.04270040988922119,0.0
im122,0.25,gradient_ab,0.0,-0.006007373332977295,0.0
im122,0.25,lpips_vgg,0.0,-0.0010503544472157955,0.0
im122,0.25,convnext_perceptual,0.0,9.480731964111328,1.0
im122,0.25,dinov3_perceptual,0.0,0.0004295235266909003,1.0
im122,0.5,huber_ab,0.0,0.14381062984466553,1.0
im122,0.5,gradient_ab,0.0,-0.012014776468276978,0.0
im122,0.5,lpips_vgg,0.0,-0.001324174925684929,0.0
im122,0.5,convnext_perceptual,0.0,15.481361389160156,1.0
im122,0.5,dinov3_perceptual,0.0,0.0015970300883054733,1.0
im122,0.75,huber_ab,9.5367431640625e-07,0.3841862678527832,1.0
im122,0.75,gradient_ab,9.5367431640625e-07,-0.018022239208221436,0.0
im122,0.75,lpips_vgg,9.5367431640625e-07,0.0036569349467754364,1.0
im122,0.75,convnext_perceptual,9.5367431640625e-07,-22.793380737304688,0.0
im122,0.75,dinov3_perceptual,9.5367431640625e-07,0.0019036480225622654,1.0
im122,1.0,huber_ab,0.0,0.6135807037353516,1.0
im122,1.0,gradient_ab,0.0,-0.024029672145843506,0.0
im122,1.0,lpips_vgg,0.0,0.012423284351825714,1.0
im122,1.0,convnext_perceptual,0.0,-209.42623901367188,0.0
im122,1.0,dinov3_perceptual,0.0,-0.0018642563372850418,0.0
im123,0.25,huber_ab,2.384185791015625e-07,-0.04603719711303711,0.0
im123,0.25,gradient_ab,2.384185791015625e-07,-0.32858148217201233,0.0
im123,0.25,lpips_vgg,2.384185791015625e-07,-0.006174544803798199,0.0
im123,0.25,convnext_perceptual,2.384185791015625e-07,-109.0286693572998,0.0
im123,0.25,dinov3_perceptual,2.384185791015625e-07,-0.002749017206951976,0.0
im123,0.5,huber_ab,4.76837158203125e-07,0.038335323333740234,1.0
im123,0.5,gradient_ab,4.76837158203125e-07,-0.6571629643440247,0.0
im123,0.5,lpips_vgg,4.76837158203125e-07,-0.00854688510298729,0.0
im123,0.5,convnext_perceptual,4.76837158203125e-07,-111.39111709594727,0.0
im123,0.5,dinov3_perceptual,4.76837158203125e-07,-0.007517732679843903,0.0
im123,0.75,huber_ab,9.5367431640625e-07,0.19197869300842285,1.0
im123,0.75,gradient_ab,9.5367431640625e-07,-0.9857445955276489,0.0
im123,0.75,lpips_vgg,9.5367431640625e-07,-0.01092570275068283,0.0
im123,0.75,convnext_perceptual,9.5367431640625e-07,-42.77690124511719,0.0
im123,0.75,dinov3_perceptual,9.5367431640625e-07,-0.013341316021978855,0.0
im123,1.0,huber_ab,9.5367431640625e-07,0.3343009948730469,1.0
im123,1.0,gradient_ab,9.5367431640625e-07,-1.3143259286880493,0.0
im123,1.0,lpips_vgg,9.5367431640625e-07,-0.016346663236618042,0.0
im123,1.0,convnext_perceptual,9.5367431640625e-07,58.18133544921875,1.0
im123,1.0,dinov3_perceptual,9.5367431640625e-07,-0.019599554128944874,0.0
im124,0.25,huber_ab,0.0,0.36791086196899414,1.0
im124,0.25,gradient_ab,0.0,-0.22174811363220215,0.0
im124,0.25,lpips_vgg,0.0,0.004449227824807167,1.0
im124,0.25,convnext_perceptual,0.0,-5.7790679931640625,0.0
im124,0.25,dinov3_perceptual,0.0,0.0013232631608843803,1.0
im124,0.5,huber_ab,0.0,0.4391779899597168,1.0
im124,0.5,gradient_ab,0.0,-0.44349610805511475,0.0
im124,0.5,lpips_vgg,0.0,0.0061935074627399445,1.0
im124,0.5,convnext_perceptual,0.0,-20.02102279663086,0.0
im124,0.5,dinov3_perceptual,0.0,0.001361144706606865,1.0
im124,0.75,huber_ab,-1.9073486328125e-06,0.4800090789794922,1.0
im124,0.75,gradient_ab,-1.9073486328125e-06,-0.6652441024780273,0.0
im124,0.75,lpips_vgg,-1.9073486328125e-06,0.002535976469516754,1.0
im124,0.75,convnext_perceptual,-1.9073486328125e-06,-27.096885681152344,0.0
im124,0.75,dinov3_perceptual,-1.9073486328125e-06,-0.002931632101535797,0.0
im124,1.0,huber_ab,0.0,0.5360298156738281,1.0
im124,1.0,gradient_ab,0.0,-0.8869924545288086,0.0
im124,1.0,lpips_vgg,0.0,-0.022695764899253845,0.0
im124,1.0,convnext_perceptual,0.0,-31.471412658691406,0.0
im124,1.0,dinov3_perceptual,0.0,-0.007514286786317825,0.0
im125,0.25,huber_ab,4.76837158203125e-07,0.08585929870605469,1.0
im125,0.25,gradient_ab,4.76837158203125e-07,-0.02388465404510498,0.0
im125,0.25,lpips_vgg,4.76837158203125e-07,0.0013098698109388351,1.0
im125,0.25,convnext_perceptual,4.76837158203125e-07,10.584007263183594,1.0
im125,0.25,dinov3_perceptual,4.76837158203125e-07,-0.0006730575114488602,0.0
im125,0.5,huber_ab,9.5367431640625e-07,0.198211669921875,1.0
im125,0.5,gradient_ab,9.5367431640625e-07,-0.04776954650878906,0.0
im125,0.5,lpips_vgg,9.5367431640625e-07,0.005190402269363403,1.0
im125,0.5,convnext_perceptual,9.5367431640625e-07,32.591796875,1.0
im125,0.5,dinov3_perceptual,9.5367431640625e-07,0.00040710531175136566,1.0
im125,0.75,huber_ab,0.0,0.30530261993408203,1.0
im125,0.75,gradient_ab,0.0,-0.0716545581817627,0.0
im125,0.75,lpips_vgg,0.0,0.006495490670204163,1.0
im125,0.75,convnext_perceptual,0.0,100.52532958984375,1.0
im125,0.75,dinov3_perceptual,0.0,0.0006070658564567566,1.0
im125,1.0,huber_ab,1.9073486328125e-06,0.4098949432373047,1.0
im125,1.0,gradient_ab,1.9073486328125e-06,-0.09553933143615723,0.0
im125,1.0,lpips_vgg,1.9073486328125e-06,-0.025486648082733154,0.0
im125,1.0,convnext_perceptual,1.9073486328125e-06,-69.70208740234375,0.0
im125,1.0,dinov3_perceptual,1.9073486328125e-06,-0.007095851004123688,0.0
im127,0.25,huber_ab,0.0,0.0737839788198471,1.0
im127,0.25,gradient_ab,0.0,-0.10445520281791687,0.0
im127,0.25,lpips_vgg,0.0,0.002099236473441124,1.0
im127,0.25,convnext_perceptual,0.0,-28.996049404144287,0.0
im127,0.25,dinov3_perceptual,0.0,0.0005308442050591111,1.0
im127,0.5,huber_ab,0.0,0.18935096263885498,1.0
im127,0.5,gradient_ab,0.0,-0.20891043543815613,0.0
im127,0.5,lpips_vgg,0.0,0.003595784306526184,1.0
im127,0.5,convnext_perceptual,0.0,-55.57622146606445,0.0
im127,0.5,dinov3_perceptual,0.0,-9.513599798083305e-05,0.0
im127,0.75,huber_ab,2.384185791015625e-07,0.2707326412200928,1.0
im127,0.75,gradient_ab,2.384185791015625e-07,-0.3133655786514282,0.0
im127,0.75,lpips_vgg,2.384185791015625e-07,-0.00969281792640686,0.0
im127,0.75,convnext_perceptual,2.384185791015625e-07,-35.36094665527344,0.0
im127,0.75,dinov3_perceptual,2.384185791015625e-07,-0.00431783776730299,0.0
im127,1.0,huber_ab,0.0,0.33757758140563965,1.0
im127,1.0,gradient_ab,0.0,-0.41782084107398987,0.0
im127,1.0,lpips_vgg,0.0,-0.03700502961874008,0.0
im127,1.0,convnext_perceptual,0.0,-32.51374816894531,0.0
im127,1.0,dinov3_perceptual,0.0,-0.009814821183681488,0.0
im128,0.25,huber_ab,0.0,-0.2602078914642334,0.0
im128,0.25,gradient_ab,0.0,-0.08717413246631622,0.0
im128,0.25,lpips_vgg,0.0,0.013767745345830917,1.0
im128,0.25,convnext_perceptual,0.0,2.745574951171875,1.0
im128,0.25,dinov3_perceptual,0.0,-0.0007930193096399307,0.0
im128,0.5,huber_ab,0.0,-1.1403369903564453,0.0
im128,0.5,gradient_ab,0.0,-0.17434829473495483,0.0
im128,0.5,lpips_vgg,0.0,0.03730825334787369,1.0
im128,0.5,convnext_perceptual,0.0,7.380531311035156,1.0
im128,0.5,dinov3_perceptual,0.0,-0.0019609006121754646,0.0
im128,0.75,huber_ab,3.814697265625e-06,-1.9125843048095703,0.0
im128,0.75,gradient_ab,3.814697265625e-06,-0.2615222930908203,0.0
im128,0.75,lpips_vgg,3.814697265625e-06,0.06383281201124191,1.0
im128,0.75,convnext_perceptual,3.814697265625e-06,-15.564346313476562,0.0
im128,0.75,dinov3_perceptual,3.814697265625e-06,-0.003063773736357689,0.0
im128,1.0,huber_ab,0.0,-2.609185218811035,0.0
im128,1.0,gradient_ab,0.0,-0.3486964702606201,0.0
im128,1.0,lpips_vgg,0.0,0.09378513693809509,1.0
im128,1.0,convnext_perceptual,0.0,7.4979095458984375,1.0
im128,1.0,dinov3_perceptual,0.0,-0.004532759077847004,0.0
im130,0.25,huber_ab,0.0,-0.18525683879852295,0.0
im130,0.25,gradient_ab,0.0,-0.24297335743904114,0.0
im130,0.25,lpips_vgg,0.0,-0.008340932428836823,0.0
im130,0.25,convnext_perceptual,0.0,39.23188781738281,1.0
im130,0.25,dinov3_perceptual,0.0,-0.0020685194758698344,0.0
im130,0.5,huber_ab,0.0,-0.17189645767211914,0.0
im130,0.5,gradient_ab,0.0,-0.4859466552734375,0.0
im130,0.5,lpips_vgg,0.0,-0.02238750457763672,0.0
im130,0.5,convnext_perceptual,0.0,137.90994262695312,1.0
im130,0.5,dinov3_perceptual,0.0,-0.00647401437163353,0.0
im130,0.75,huber_ab,0.0,-0.03299713134765625,0.0
im130,0.75,gradient_ab,0.0,-0.7289199829101562,0.0
im130,0.75,lpips_vgg,0.0,-0.04847627878189087,0.0
im130,0.75,convnext_perceptual,0.0,-24.403594970703125,0.0
im130,0.75,dinov3_perceptual,0.0,-0.014705253764986992,0.0
im130,1.0,huber_ab,0.0,0.11156177520751953,1.0
im130,1.0,gradient_ab,0.0,-0.9718935489654541,0.0
im130,1.0,lpips_vgg,0.0,-0.06677977740764618,0.0
im130,1.0,convnext_perceptual,0.0,-118.91343688964844,0.0
im130,1.0,dinov3_perceptual,0.0,-0.023755722679197788,0.0
im131,0.25,huber_ab,0.0,-0.5337280035018921,0.0
im131,0.25,gradient_ab,0.0,-0.21258686482906342,0.0
im131,0.25,lpips_vgg,0.0,0.009746246039867401,1.0
im131,0.25,convnext_perceptual,0.0,-47.49807357788086,0.0
im131,0.25,dinov3_perceptual,0.0,-0.0008862845133990049,0.0
im131,0.5,huber_ab,-9.5367431640625e-07,-0.23394155502319336,0.0
im131,0.5,gradient_ab,-9.5367431640625e-07,-0.42517367005348206,0.0
im131,0.5,lpips_vgg,-9.5367431640625e-07,0.037514932453632355,1.0
im131,0.5,convnext_perceptual,-9.5367431640625e-07,-113.93033599853516,0.0
im131,0.5,dinov3_perceptual,-9.5367431640625e-07,-0.0032874527387320995,0.0
im131,0.75,huber_ab,9.5367431640625e-07,0.16029644012451172,1.0
im131,0.75,gradient_ab,9.5367431640625e-07,-0.6377604305744171,0.0
im131,0.75,lpips_vgg,9.5367431640625e-07,0.04978610575199127,1.0
im131,0.75,convnext_perceptual,9.5367431640625e-07,-236.7295379638672,0.0
im131,0.75,dinov3_perceptual,9.5367431640625e-07,-0.008849638514220715,0.0
im131,1.0,huber_ab,-1.9073486328125e-06,0.5182409286499023,1.0
im131,1.0,gradient_ab,-1.9073486328125e-06,-0.8503473997116089,0.0
im131,1.0,lpips_vgg,-1.9073486328125e-06,0.03149792551994324,1.0
im131,1.0,convnext_perceptual,-1.9073486328125e-06,-278.8531188964844,0.0
im131,1.0,dinov3_perceptual,-1.9073486328125e-06,-0.016892854124307632,0.0
im132,0.25,huber_ab,-1.1920928955078125e-07,-0.06730476021766663,0.0
im132,0.25,gradient_ab,-1.1920928955078125e-07,-0.04205137491226196,0.0
im132,0.25,lpips_vgg,-1.1920928955078125e-07,-0.0020547579042613506,0.0
im132,0.25,convnext_perceptual,-1.1920928955078125e-07,-0.6392765045166016,0.0
im132,0.25,dinov3_perceptual,-1.1920928955078125e-07,-7.287680637091398e-05,0.0
im132,0.5,huber_ab,0.0,-0.07171761989593506,0.0
im132,0.5,gradient_ab,0.0,-0.08410269021987915,0.0
im132,0.5,lpips_vgg,0.0,-0.011651754379272461,0.0
im132,0.5,convnext_perceptual,0.0,-99.36337280273438,0.0
im132,0.5,dinov3_perceptual,0.0,-0.001429238822311163,0.0
im132,0.75,huber_ab,0.0,-0.07589936256408691,0.0
im132,0.75,gradient_ab,0.0,-0.1261541247367859,0.0
im132,0.75,lpips_vgg,0.0,-0.03139890357851982,0.0
im132,0.75,convnext_perceptual,0.0,-118.39228820800781,0.0
im132,0.75,dinov3_perceptual,0.0,-0.005707369185984135,0.0
im132,1.0,huber_ab,4.76837158203125e-07,-0.07024765014648438,0.0
im132,1.0,gradient_ab,4.76837158203125e-07,-0.1682053804397583,0.0
im132,1.0,lpips_vgg,4.76837158203125e-07,-0.05625024437904358,0.0
im132,1.0,convnext_perceptual,4.76837158203125e-07,-51.131874084472656,0.0
im132,1.0,dinov3_perceptual,4.76837158203125e-07,-0.011745716445147991,0.0
im133,0.25,huber_ab,9.5367431640625e-07,-0.18433904647827148,0.0
im133,0.25,gradient_ab,9.5367431640625e-07,-0.12041419744491577,0.0
im133,0.25,lpips_vgg,9.5367431640625e-07,0.003619059920310974,1.0
im133,0.25,convnext_perceptual,9.5367431640625e-07,81.76504516601562,1.0
im133,0.25,dinov3_perceptual,9.5367431640625e-07,-0.0006304257549345493,0.0
im133,0.5,huber_ab,1.9073486328125e-06,-0.1183772087097168,0.0
im133,0.5,gradient_ab,1.9073486328125e-06,-0.24082839488983154,0.0
im133,0.5,lpips_vgg,1.9073486328125e-06,-0.005970709025859833,0.0
im133,0.5,convnext_perceptual,1.9073486328125e-06,-159.20352172851562,0.0
im133,0.5,dinov3_perceptual,1.9073486328125e-06,-0.0059083811938762665,0.0
im133,0.75,huber_ab,-1.9073486328125e-06,-0.0024747848510742188,0.0
im133,0.75,gradient_ab,-1.9073486328125e-06,-0.36124277114868164,0.0
im133,0.75,lpips_vgg,-1.9073486328125e-06,-0.021779030561447144,0.0
im133,0.75,convnext_perceptual,-1.9073486328125e-06,-122.779052734375,0.0
im133,0.75,dinov3_perceptual,-1.9073486328125e-06,-0.015127750113606453,0.0
im133,1.0,huber_ab,3.814697265625e-06,0.1367969512939453,1.0
im133,1.0,gradient_ab,3.814697265625e-06,-0.48165690898895264,0.0
im133,1.0,lpips_vgg,3.814697265625e-06,-0.045245975255966187,0.0
im133,1.0,convnext_perceptual,3.814697265625e-06,-205.481689453125,0.0
im133,1.0,dinov3_perceptual,3.814697265625e-06,-0.026591014117002487,0.0
im134,0.25,huber_ab,0.0,-0.07614445686340332,0.0
im134,0.25,gradient_ab,0.0,-0.1619812250137329,0.0
im134,0.25,lpips_vgg,0.0,0.006051752716302872,1.0
im134,0.25,convnext_perceptual,0.0,30.527706146240234,1.0
im134,0.25,dinov3_perceptual,0.0,0.0018805882427841425,1.0
im134,0.5,huber_ab,0.0,0.01957082748413086,1.0
im134,0.5,gradient_ab,0.0,-0.32396256923675537,0.0
im134,0.5,lpips_vgg,0.0,0.01099153608083725,1.0
im134,0.5,convnext_perceptual,0.0,23.144973754882812,1.0
im134,0.5,dinov3_perceptual,0.0,0.0030178381130099297,1.0
im134,0.75,huber_ab,0.0,0.1585240364074707,1.0
im134,0.75,gradient_ab,0.0,-0.4859440326690674,0.0
im134,0.75,lpips_vgg,0.0,-0.0037412941455841064,0.0
im134,0.75,convnext_perceptual,0.0,-38.878021240234375,0.0
im134,0.75,dinov3_perceptual,0.0,-0.005301147699356079,0.0
im134,1.0,huber_ab,0.0,0.3028602600097656,1.0
im134,1.0,gradient_ab,0.0,-0.6479251384735107,0.0
im134,1.0,lpips_vgg,0.0,-0.030022665858268738,0.0
im134,1.0,convnext_perceptual,0.0,-285.9693908691406,0.0
im134,1.0,dinov3_perceptual,0.0,-0.03052942268550396,0.0
im136,0.25,huber_ab,-9.5367431640625e-07,0.2154865264892578,1.0
im136,0.25,gradient_ab,-9.5367431640625e-07,-0.21460580825805664,0.0
im136,0.25,lpips_vgg,-9.5367431640625e-07,0.025982065126299858,1.0
im136,0.25,convnext_perceptual,-9.5367431640625e-07,-23.987991333007812,0.0
im136,0.25,dinov3_perceptual,-9.5367431640625e-07,-0.0007377201691269875,0.0
im136,0.5,huber_ab,-1.9073486328125e-06,0.7136950492858887,1.0
im136,0.5,gradient_ab,-1.9073486328125e-06,-0.42921149730682373,0.0
im136,0.5,lpips_vgg,-1.9073486328125e-06,0.06373219192028046,1.0
im136,0.5,convnext_perceptual,-1.9073486328125e-06,-57.50342559814453,0.0
im136,0.5,dinov3_perceptual,-1.9073486328125e-06,-0.003610460087656975,0.0
im136,0.75,huber_ab,-3.814697265625e-06,1.1831855773925781,1.0
im136,0.75,gradient_ab,-3.814697265625e-06,-0.6438174247741699,0.0
im136,0.75,lpips_vgg,-3.814697265625e-06,0.05197860300540924,1.0
im136,0.75,convnext_perceptual,-3.814697265625e-06,-91.05238342285156,0.0
im136,0.75,dinov3_perceptual,-3.814697265625e-06,-0.01054401881992817,0.0
im136,1.0,huber_ab,-3.814697265625e-06,1.6334905624389648,1.0
im136,1.0,gradient_ab,-3.814697265625e-06,-0.858423113822937,0.0
im136,1.0,lpips_vgg,-3.814697265625e-06,0.039112091064453125,1.0
im136,1.0,convnext_perceptual,-3.814697265625e-06,-115.54973602294922,0.0
im136,1.0,dinov3_perceptual,-3.814697265625e-06,-0.017307547852396965,0.0
im137,0.25,huber_ab,0.0,0.1014336347579956,1.0
im137,0.25,gradient_ab,0.0,-0.1349290907382965,0.0
im137,0.25,lpips_vgg,0.0,-0.005335001274943352,0.0
im137,0.25,convnext_perceptual,0.0,-17.95375919342041,0.0
im137,0.25,dinov3_perceptual,0.0,-0.0027990899980068207,0.0
im137,0.5,huber_ab,0.0,0.07318639755249023,1.0
im137,0.5,gradient_ab,0.0,-0.26985812187194824,0.0
im137,0.5,lpips_vgg,0.0,-0.023182742297649384,0.0
im137,0.5,convnext_perceptual,0.0,-94.86698532104492,0.0
im137,0.5,dinov3_perceptual,0.0,-0.0072394851595163345,0.0
im137,0.75,huber_ab,-9.5367431640625e-07,-0.03121471405029297,0.0
im137,0.75,gradient_ab,-9.5367431640625e-07,-0.40478718280792236,0.0
im137,0.75,lpips_vgg,-9.5367431640625e-07,-0.03675123304128647,0.0
im137,0.75,convnext_perceptual,-9.5367431640625e-07,-142.8602294921875,0.0
im137,0.75,dinov3_perceptual,-9.5367431640625e-07,-0.009993989020586014,0.0
im137,1.0,huber_ab,0.0,-0.14877986907958984,0.0
im137,1.0,gradient_ab,0.0,-0.5397162437438965,0.0
im137,1.0,lpips_vgg,0.0,-0.04258660972118378,0.0
im137,1.0,convnext_perceptual,0.0,-129.73602294921875,0.0
im137,1.0,dinov3_perceptual,0.0,-0.009592937305569649,0.0
im139,0.25,huber_ab,4.76837158203125e-07,0.09073877334594727,1.0
im139,0.25,gradient_ab,4.76837158203125e-07,-0.13682761788368225,0.0
im139,0.25,lpips_vgg,4.76837158203125e-07,-0.0038955137133598328,0.0
im139,0.25,convnext_perceptual,4.76837158203125e-07,-8.644703388214111,0.0
im139,0.25,dinov3_perceptual,4.76837158203125e-07,0.00027070636861026287,1.0
im139,0.5,huber_ab,9.5367431640625e-07,0.23897624015808105,1.0
im139,0.5,gradient_ab,9.5367431640625e-07,-0.27365514636039734,0.0
im139,0.5,lpips_vgg,9.5367431640625e-07,-0.016932550817728043,0.0
im139,0.5,convnext_perceptual,9.5367431640625e-07,-14.927623748779297,0.0
im139,0.5,dinov3_perceptual,9.5367431640625e-07,-0.0030757496133446693,0.0
im139,0.75,huber_ab,9.5367431640625e-07,0.32138919830322266,1.0
im139,0.75,gradient_ab,9.5367431640625e-07,-0.4104827642440796,0.0
im139,0.75,lpips_vgg,9.5367431640625e-07,-0.047585129737854004,0.0
im139,0.75,convnext_perceptual,9.5367431640625e-07,-3.6623191833496094,0.0
im139,0.75,dinov3_perceptual,9.5367431640625e-07,-0.009431099519133568,0.0
im139,1.0,huber_ab,1.9073486328125e-06,0.36328697204589844,1.0
im139,1.0,gradient_ab,1.9073486328125e-06,-0.5473103523254395,0.0
im139,1.0,lpips_vgg,1.9073486328125e-06,-0.09134694933891296,0.0
im139,1.0,convnext_perceptual,1.9073486328125e-06,-15.367340087890625,0.0
im139,1.0,dinov3_perceptual,1.9073486328125e-06,-0.014973575249314308,0.0
im14,0.25,huber_ab,-2.384185791015625e-07,-0.016771674156188965,0.0
im14,0.25,gradient_ab,-2.384185791015625e-07,-0.14166724681854248,0.0
im14,0.25,lpips_vgg,-2.384185791015625e-07,-0.0014365194365382195,0.0
im14,0.25,convnext_perceptual,-2.384185791015625e-07,-3.209348201751709,0.0
im14,0.25,dinov3_perceptual,-2.384185791015625e-07,-5.635363049805164e-05,0.0
im14,0.5,huber_ab,-4.76837158203125e-07,0.03969717025756836,1.0
im14,0.5,gradient_ab,-4.76837158203125e-07,-0.2833344340324402,0.0
im14,0.5,lpips_vgg,-4.76837158203125e-07,-0.005419015884399414,0.0
im14,0.5,convnext_perceptual,-4.76837158203125e-07,-23.855409622192383,0.0
im14,0.5,dinov3_perceptual,-4.76837158203125e-07,-0.0010777497664093971,0.0
im14,0.75,huber_ab,-9.5367431640625e-07,0.13989520072937012,1.0
im14,0.75,gradient_ab,-9.5367431640625e-07,-0.4250016212463379,0.0
im14,0.75,lpips_vgg,-9.5367431640625e-07,-0.015181899070739746,0.0
im14,0.75,convnext_perceptual,-9.5367431640625e-07,1.2926864624023438,1.0
im14,0.75,dinov3_perceptual,-9.5367431640625e-07,-0.006330400705337524,0.0
im14,1.0,huber_ab,-9.5367431640625e-07,0.2578926086425781,1.0
im14,1.0,gradient_ab,-9.5367431640625e-07,-0.5666689872741699,0.0
im14,1.0,lpips_vgg,-9.5367431640625e-07,-0.029651835560798645,0.0
im14,1.0,convnext_perceptual,-9.5367431640625e-07,-74.76873779296875,0.0
im14,1.0,dinov3_perceptual,-9.5367431640625e-07,-0.016198625788092613,0.0
im140,0.25,huber_ab,-1.1920928955078125e-07,0.06208986043930054,1.0
im140,0.25,gradient_ab,-1.1920928955078125e-07,-0.11161543428897858,0.0
im140,0.25,lpips_vgg,-1.1920928955078125e-07,-0.000905635766685009,0.0
im140,0.25,convnext_perceptual,-1.1920928955078125e-07,-14.39695930480957,0.0
im140,0.25,dinov3_perceptual,-1.1920928955078125e-07,-0.0002616832498461008,0.0
im140,0.5,huber_ab,-4.76837158203125e-07,0.22368919849395752,1.0
im140,0.5,gradient_ab,-4.76837158203125e-07,-0.22323083877563477,0.0
im140,0.5,lpips_vgg,-4.76837158203125e-07,-0.010726887732744217,0.0
im140,0.5,convnext_perceptual,-4.76837158203125e-07,-29.11581325531006,0.0
im140,0.5,dinov3_perceptual,-4.76837158203125e-07,-0.003738085273653269,0.0
im140,0.75,huber_ab,-4.76837158203125e-07,0.37311601638793945,1.0
im140,0.75,gradient_ab,-4.76837158203125e-07,-0.33484625816345215,0.0
im140,0.75,lpips_vgg,-4.76837158203125e-07,-0.03268915414810181,0.0
im140,0.75,convnext_perceptual,-4.76837158203125e-07,-33.71890640258789,0.0
im140,0.75,dinov3_perceptual,-4.76837158203125e-07,-0.01165489200502634,0.0
im140,1.0,huber_ab,-4.76837158203125e-07,0.47278523445129395,1.0
im140,1.0,gradient_ab,-4.76837158203125e-07,-0.4464617371559143,0.0
im140,1.0,lpips_vgg,-4.76837158203125e-07,-0.058594368398189545,0.0
im140,1.0,convnext_perceptual,-4.76837158203125e-07,-16.242740631103516,0.0
im140,1.0,dinov3_perceptual,-4.76837158203125e-07,-0.019751031883060932,0.0
im141,0.25,huber_ab,0.0,0.14698505401611328,1.0
im141,0.25,gradient_ab,0.0,-0.11758536100387573,0.0
im141,0.25,lpips_vgg,0.0,0.009911268949508667,1.0
im141,0.25,convnext_perceptual,0.0,-3.612603187561035,0.0
im141,0.25,dinov3_perceptual,0.0,0.00041484320536255836,1.0
im141,0.5,huber_ab,0.0,0.06832551956176758,1.0
im141,0.5,gradient_ab,0.0,-0.23517078161239624,0.0
im141,0.5,lpips_vgg,0.0,0.01634550839662552,1.0
im141,0.5,convnext_perceptual,0.0,-32.50994110107422,0.0
im141,0.5,dinov3_perceptual,0.0,-0.003131117671728134,0.0
im141,0.75,huber_ab,9.5367431640625e-07,-0.045948028564453125,0.0
im141,0.75,gradient_ab,9.5367431640625e-07,-0.35275620222091675,0.0
im141,0.75,lpips_vgg,9.5367431640625e-07,0.01109980046749115,1.0
im141,0.75,convnext_perceptual,9.5367431640625e-07,-36.612327575683594,0.0
im141,0.75,dinov3_perceptual,9.5367431640625e-07,-0.008410587906837463,0.0
im141,1.0,huber_ab,0.0,-0.15544891357421875,0.0
im141,1.0,gradient_ab,0.0,-0.47034168243408203,0.0
im141,1.0,lpips_vgg,0.0,0.0039078593254089355,1.0
im141,1.0,convnext_perceptual,0.0,5.155647277832031,1.0
im141,1.0,dinov3_perceptual,0.0,-0.011767532676458359,0.0
im142,0.25,huber_ab,-4.76837158203125e-07,0.03604865074157715,1.0
im142,0.25,gradient_ab,-4.76837158203125e-07,-0.09905660152435303,0.0
im142,0.25,lpips_vgg,-4.76837158203125e-07,0.0008901413530111313,1.0
im142,0.25,convnext_perceptual,-4.76837158203125e-07,-2.4616012573242188,0.0
im142,0.25,dinov3_perceptual,-4.76837158203125e-07,-0.0004341481253504753,0.0
im142,0.5,huber_ab,-9.5367431640625e-07,0.4038257598876953,1.0
im142,0.5,gradient_ab,-9.5367431640625e-07,-0.19811320304870605,0.0
im142,0.5,lpips_vgg,-9.5367431640625e-07,-0.0018743276596069336,0.0
im142,0.5,convnext_perceptual,-9.5367431640625e-07,-11.30790901184082,0.0
im142,0.5,dinov3_perceptual,-9.5367431640625e-07,-0.002459287643432617,0.0
im142,0.75,huber_ab,0.0,0.7397708892822266,1.0
im142,0.75,gradient_ab,0.0,-0.2971698045730591,0.0
im142,0.75,lpips_vgg,0.0,-0.01156875491142273,0.0
im142,0.75,convnext_perceptual,0.0,-34.25872802734375,0.0
im142,0.75,dinov3_perceptual,0.0,-0.00663486123085022,0.0
im142,1.0,huber_ab,-1.9073486328125e-06,1.060903549194336,1.0
im142,1.0,gradient_ab,-1.9073486328125e-06,-0.39622652530670166,0.0
im142,1.0,lpips_vgg,-1.9073486328125e-06,-0.017189696431159973,0.0
im142,1.0,convnext_perceptual,-1.9073486328125e-06,-25.059616088867188,0.0
im142,1.0,dinov3_perceptual,-1.9073486328125e-06,-0.009083613753318787,0.0
im143,0.25,huber_ab,0.0,-0.05051279067993164,0.0
im143,0.25,gradient_ab,0.0,-0.04294627904891968,0.0
im143,0.25,lpips_vgg,0.0,0.025043055415153503,1.0
im143,0.25,convnext_perceptual,0.0,-94.32731628417969,0.0
im143,0.25,dinov3_perceptual,0.0,0.00439047534018755,1.0
im143,0.5,huber_ab,0.0,0.08691978454589844,1.0
im143,0.5,gradient_ab,0.0,-0.08589237928390503,0.0
im143,0.5,lpips_vgg,0.0,0.051394134759902954,1.0
im143,0.5,convnext_perceptual,0.0,-182.499755859375,0.0
im143,0.5,dinov3_perceptual,0.0,0.008820999413728714,1.0
im143,0.75,huber_ab,0.0,0.2245311737060547,1.0
im143,0.75,gradient_ab,0.0,-0.1288386583328247,0.0
im143,0.75,lpips_vgg,0.0,0.0372491180896759,1.0
im143,0.75,convnext_perceptual,0.0,-177.2978515625,0.0
im143,0.75,dinov3_perceptual,0.0,-0.0006939582526683807,0.0
im143,1.0,huber_ab,0.0,0.34880828857421875,1.0
im143,1.0,gradient_ab,0.0,-0.1717848777770996,0.0
im143,1.0,lpips_vgg,0.0,-0.02876216173171997,0.0
im143,1.0,convnext_perceptual,0.0,-501.6966552734375,0.0
im143,1.0,dinov3_perceptual,0.0,-0.02643539384007454,0.0
im144,0.25,huber_ab,-2.384185791015625e-07,0.0058296918869018555,1.0
im144,0.25,gradient_ab,-2.384185791015625e-07,-0.16549353301525116,0.0
im144,0.25,lpips_vgg,-2.384185791015625e-07,-0.0244575347751379,0.0
im144,0.25,convnext_perceptual,-2.384185791015625e-07,-55.292747497558594,0.0
im144,0.25,dinov3_perceptual,-2.384185791015625e-07,-0.005987850483506918,0.0
im144,0.5,huber_ab,-4.76837158203125e-07,0.2451775074005127,1.0
im144,0.5,gradient_ab,-4.76837158203125e-07,-0.33098697662353516,0.0
im144,0.5,lpips_vgg,-4.76837158203125e-07,-0.057927608489990234,0.0
im144,0.5,convnext_perceptual,-4.76837158203125e-07,-147.90640258789062,0.0
im144,0.5,dinov3_perceptual,-4.76837158203125e-07,-0.012271210551261902,0.0
im144,0.75,huber_ab,-9.5367431640625e-07,0.4563741683959961,1.0
im144,0.75,gradient_ab,-9.5367431640625e-07,-0.4964805245399475,0.0
im144,0.75,lpips_vgg,-9.5367431640625e-07,-0.09264900162816048,0.0
im144,0.75,convnext_perceptual,-9.5367431640625e-07,-115.53837585449219,0.0
im144,0.75,dinov3_perceptual,-9.5367431640625e-07,-0.018992114812135696,0.0
im144,1.0,huber_ab,-9.5367431640625e-07,0.6459026336669922,1.0
im144,1.0,gradient_ab,-9.5367431640625e-07,-0.6619739532470703,0.0
im144,1.0,lpips_vgg,-9.5367431640625e-07,-0.12198315560817719,0.0
im144,1.0,convnext_perceptual,-9.5367431640625e-07,-84.48875427246094,0.0
im144,1.0,dinov3_perceptual,-9.5367431640625e-07,-0.023875143378973007,0.0
im145,0.25,huber_ab,0.0,-0.20288002490997314,0.0
im145,0.25,gradient_ab,0.0,-0.2099589854478836,0.0
im145,0.25,lpips_vgg,0.0,0.024961110204458237,1.0
im145,0.25,convnext_perceptual,0.0,-14.67528247833252,0.0
im145,0.25,dinov3_perceptual,0.0,-0.005444840062409639,0.0
im145,0.5,huber_ab,0.0,0.046808719635009766,1.0
im145,0.5,gradient_ab,0.0,-0.41991785168647766,0.0
im145,0.5,lpips_vgg,0.0,0.024202585220336914,1.0
im145,0.5,convnext_perceptual,0.0,-56.642995834350586,0.0
im145,0.5,dinov3_perceptual,0.0,-0.01502195280045271,0.0
im145,0.75,huber_ab,-9.5367431640625e-07,0.32332658767700195,1.0
im145,0.75,gradient_ab,-9.5367431640625e-07,-0.6298767328262329,0.0
im145,0.75,lpips_vgg,-9.5367431640625e-07,0.014881029725074768,1.0
im145,0.75,convnext_perceptual,-9.5367431640625e-07,-82.6668758392334,0.0
im145,0.75,dinov3_perceptual,-9.5367431640625e-07,-0.021418467164039612,0.0
im145,1.0,huber_ab,0.0,0.5338001251220703,1.0
im145,1.0,gradient_ab,0.0,-0.8398356437683105,0.0
im145,1.0,lpips_vgg,0.0,0.003110826015472412,1.0
im145,1.0,convnext_perceptual,0.0,-91.69566345214844,0.0
im145,1.0,dinov3_perceptual,0.0,-0.023239009082317352,0.0
im147,0.25,huber_ab,0.0,0.2842140197753906,1.0
im147,0.25,gradient_ab,0.0,0.028294146060943604,1.0
im147,0.25,lpips_vgg,0.0,0.01619269698858261,1.0
im147,0.25,convnext_perceptual,0.0,-76.6144905090332,0.0
im147,0.25,dinov3_perceptual,0.0,0.0005159219726920128,1.0
im147,0.5,huber_ab,0.0,0.6219773292541504,1.0
im147,0.5,gradient_ab,0.0,0.056588172912597656,1.0
im147,0.5,lpips_vgg,0.0,0.0446556955575943,1.0
im147,0.5,convnext_perceptual,0.0,-85.24371337890625,0.0
im147,0.5,dinov3_perceptual,0.0,-0.00021662749350070953,0.0
im147,0.75,huber_ab,0.0,0.9310436248779297,1.0
im147,0.75,gradient_ab,0.0,0.08488237857818604,1.0
im147,0.75,lpips_vgg,0.0,0.04321396350860596,1.0
im147,0.75,convnext_perceptual,0.0,27.888900756835938,1.0
im147,0.75,dinov3_perceptual,0.0,-0.005112361162900925,0.0
im147,1.0,huber_ab,0.0,1.2363824844360352,1.0
im147,1.0,gradient_ab,0.0,0.11317658424377441,1.0
im147,1.0,lpips_vgg,0.0,0.016259372234344482,1.0
im147,1.0,convnext_perceptual,0.0,102.54118347167969,1.0
im147,1.0,dinov3_perceptual,0.0,-0.0062933750450611115,0.0
im148,0.25,huber_ab,2.384185791015625e-07,-0.07190656661987305,0.0
im148,0.25,gradient_ab,2.384185791015625e-07,-0.021375730633735657,0.0
im148,0.25,lpips_vgg,2.384185791015625e-07,0.018705997616052628,1.0
im148,0.25,convnext_perceptual,2.384185791015625e-07,8.60605001449585,1.0
im148,0.25,dinov3_perceptual,2.384185791015625e-07,0.003783336142078042,1.0
im148,0.5,huber_ab,0.0,-0.3611760139465332,0.0
im148,0.5,gradient_ab,0.0,-0.04275152087211609,0.0
im148,0.5,lpips_vgg,0.0,0.04061364755034447,1.0
im148,0.5,convnext_perceptual,0.0,7.537708282470703,1.0
im148,0.5,dinov3_perceptual,0.0,0.005413954146206379,1.0
im148,0.75,huber_ab,9.5367431640625e-07,-0.6301660537719727,0.0
im148,0.75,gradient_ab,9.5367431640625e-07,-0.06412732601165771,0.0
im148,0.75,lpips_vgg,9.5367431640625e-07,0.042501695454120636,1.0
im148,0.75,convnext_perceptual,9.5367431640625e-07,1.4287109375,1.0
im148,0.75,dinov3_perceptual,9.5367431640625e-07,0.004555622115731239,1.0
im148,1.0,huber_ab,0.0,-0.8830819129943848,0.0
im148,1.0,gradient_ab,0.0,-0.08550304174423218,0.0
im148,1.0,lpips_vgg,0.0,0.009250015020370483,1.0
im148,1.0,convnext_perceptual,0.0,-24.237903594970703,0.0
im148,1.0,dinov3_perceptual,0.0,-0.00020906515419483185,0.0
im152,0.25,huber_ab,0.0,-0.009757936000823975,0.0
im152,0.25,gradient_ab,0.0,-0.00596696138381958,0.0
im152,0.25,lpips_vgg,0.0,0.001047711819410324,1.0
im152,0.25,convnext_perceptual,0.0,-16.313566207885742,0.0
im152,0.25,dinov3_perceptual,0.0,0.002300742780789733,1.0
im152,0.5,huber_ab,0.0,0.03131723403930664,1.0
im152,0.5,gradient_ab,0.0,-0.011933982372283936,0.0
im152,0.5,lpips_vgg,0.0,0.0037392862141132355,1.0
im152,0.5,convnext_perceptual,0.0,-0.349853515625,0.0
im152,0.5,dinov3_perceptual,0.0,0.00415379460901022,1.0
im152,0.75,huber_ab,0.0,0.06984472274780273,1.0
im152,0.75,gradient_ab,0.0,-0.017900824546813965,0.0
im152,0.75,lpips_vgg,0.0,-0.005736164748668671,0.0
im152,0.75,convnext_perceptual,0.0,11.737617492675781,1.0
im152,0.75,dinov3_perceptual,0.0,0.0011698007583618164,1.0
im152,1.0,huber_ab,0.0,0.09802865982055664,1.0
im152,1.0,gradient_ab,0.0,-0.02386784553527832,0.0
im152,1.0,lpips_vgg,0.0,-0.021111875772476196,0.0
im152,1.0,convnext_perceptual,0.0,-33.9619140625,0.0
im152,1.0,dinov3_perceptual,0.0,-0.003931399434804916,0.0
im153,0.25,huber_ab,2.384185791015625e-07,0.07359516620635986,1.0
im153,0.25,gradient_ab,2.384185791015625e-07,-0.2115744650363922,0.0
im153,0.25,lpips_vgg,2.384185791015625e-07,0.0028075622394680977,1.0
im153,0.25,convnext_perceptual,2.384185791015625e-07,14.204654693603516,1.0
im153,0.25,dinov3_perceptual,2.384185791015625e-07,0.00031490379478782415,1.0
im153,0.5,huber_ab,4.76837158203125e-07,-0.036402344703674316,0.0
im153,0.5,gradient_ab,4.76837158203125e-07,-0.42314887046813965,0.0
im153,0.5,lpips_vgg,4.76837158203125e-07,0.004393104463815689,1.0
im153,0.5,convnext_perceptual,4.76837158203125e-07,70.06316375732422,1.0
im153,0.5,dinov3_perceptual,4.76837158203125e-07,-0.0008096983656287193,0.0
im153,0.75,huber_ab,1.9073486328125e-06,-0.20283079147338867,0.0
im153,0.75,gradient_ab,1.9073486328125e-06,-0.6347233653068542,0.0
im153,0.75,lpips_vgg,1.9073486328125e-06,-0.004286773502826691,0.0
im153,0.75,convnext_perceptual,1.9073486328125e-06,120.43281555175781,1.0
im153,0.75,dinov3_perceptual,1.9073486328125e-06,-0.005047186277806759,0.0
im153,1.0,huber_ab,0.0,-0.3670320510864258,0.0
im153,1.0,gradient_ab,0.0,-0.8462977409362793,0.0
im153,1.0,lpips_vgg,0.0,-0.027055487036705017,0.0
im153,1.0,convnext_perceptual,0.0,65.01133728027344,1.0
im153,1.0,dinov3_perceptual,0.0,-0.008949816226959229,0.0
im154,0.25,huber_ab,0.0,0.0015151500701904297,1.0
im154,0.25,gradient_ab,0.0,-0.11282452940940857,0.0
im154,0.25,lpips_vgg,0.0,-0.011527091264724731,0.0
im154,0.25,convnext_perceptual,0.0,-101.8709831237793,0.0
im154,0.25,dinov3_perceptual,0.0,-0.003456048434600234,0.0
im154,0.5,huber_ab,0.0,0.11303377151489258,1.0
im154,0.5,gradient_ab,0.0,-0.22564905881881714,0.0
im154,0.5,lpips_vgg,0.0,-0.029285017400979996,0.0
im154,0.5,convnext_perceptual,0.0,-221.44766235351562,0.0
im154,0.5,dinov3_perceptual,0.0,-0.010613948106765747,0.0
im154,0.75,huber_ab,0.0,0.1840496063232422,1.0
im154,0.75,gradient_ab,0.0,-0.3384736180305481,0.0
im154,0.75,lpips_vgg,0.0,-0.04201001673936844,0.0
im154,0.75,convnext_perceptual,0.0,-449.90721130371094,0.0
im154,0.75,dinov3_perceptual,0.0,-0.01726599596440792,0.0
im154,1.0,huber_ab,0.0,0.2387714385986328,1.0
im154,1.0,gradient_ab,0.0,-0.45129817724227905,0.0
im154,1.0,lpips_vgg,0.0,-0.04979350417852402,0.0
im154,1.0,convnext_perceptual,0.0,-388.775390625,0.0
im154,1.0,dinov3_perceptual,0.0,-0.01953006349503994,0.0
im155,0.25,huber_ab,4.76837158203125e-07,-0.1625276803970337,0.0
im155,0.25,gradient_ab,4.76837158203125e-07,-0.15796534717082977,0.0
im155,0.25,lpips_vgg,4.76837158203125e-07,-0.008928614668548107,0.0
im155,0.25,convnext_perceptual,4.76837158203125e-07,-426.0517530441284,0.0
im155,0.25,dinov3_perceptual,4.76837158203125e-07,-0.00139581790426746,0.0
im155,0.5,huber_ab,9.5367431640625e-07,-0.2865934371948242,0.0
im155,0.5,gradient_ab,9.5367431640625e-07,-0.31593072414398193,0.0
im155,0.5,lpips_vgg,9.5367431640625e-07,-0.028206661343574524,0.0
im155,0.5,convnext_perceptual,9.5367431640625e-07,-461.31288146972656,0.0
im155,0.5,dinov3_perceptual,9.5367431640625e-07,-0.00538460654206574,0.0
im155,0.75,huber_ab,0.0,-0.5482387542724609,0.0
im155,0.75,gradient_ab,0.0,-0.4738961458206177,0.0
im155,0.75,lpips_vgg,0.0,-0.04335969686508179,0.0
im155,0.75,convnext_perceptual,0.0,-184.8636474609375,0.0
im155,0.75,dinov3_perceptual,0.0,-0.012425789143890142,0.0
im155,1.0,huber_ab,1.9073486328125e-06,-0.8386964797973633,0.0
im155,1.0,gradient_ab,1.9073486328125e-06,-0.6318614482879639,0.0
im155,1.0,lpips_vgg,1.9073486328125e-06,-0.04447367787361145,0.0
im155,1.0,convnext_perceptual,1.9073486328125e-06,87.8511962890625,1.0
im155,1.0,dinov3_perceptual,1.9073486328125e-06,-0.022344122640788555,0.0
im156,0.25,huber_ab,-2.384185791015625e-07,-0.012566566467285156,0.0
im156,0.25,gradient_ab,-2.384185791015625e-07,-0.15756365656852722,0.0
im156,0.25,lpips_vgg,-2.384185791015625e-07,-0.008912770077586174,0.0
im156,0.25,convnext_perceptual,-2.384185791015625e-07,-40.418487548828125,0.0
im156,0.25,dinov3_perceptual,-2.384185791015625e-07,0.0010916851460933685,1.0
im156,0.5,huber_ab,-4.76837158203125e-07,0.11092305183410645,1.0
im156,0.5,gradient_ab,-4.76837158203125e-07,-0.3151273727416992,0.0
im156,0.5,lpips_vgg,-4.76837158203125e-07,-0.020819611847400665,0.0
im156,0.5,convnext_perceptual,-4.76837158203125e-07,-108.18917846679688,0.0
im156,0.5,dinov3_perceptual,-4.76837158203125e-07,0.0013701487332582474,1.0
im156,0.75,huber_ab,-9.5367431640625e-07,0.34476494789123535,1.0
im156,0.75,gradient_ab,-9.5367431640625e-07,-0.4726911783218384,0.0
im156,0.75,lpips_vgg,-9.5367431640625e-07,-0.025555573403835297,0.0
im156,0.75,convnext_perceptual,-9.5367431640625e-07,-181.7895965576172,0.0
im156,0.75,dinov3_perceptual,-9.5367431640625e-07,-0.004794802516698837,0.0
im156,1.0,huber_ab,0.0,0.5616436004638672,1.0
im156,1.0,gradient_ab,0.0,-0.630254864692688,0.0
im156,1.0,lpips_vgg,0.0,-0.03077620267868042,0.0
im156,1.0,convnext_perceptual,0.0,-192.4196319580078,0.0
im156,1.0,dinov3_perceptual,0.0,-0.008754920214414597,0.0
im157,0.25,huber_ab,-2.384185791015625e-07,0.1089557409286499,1.0
im157,0.25,gradient_ab,-2.384185791015625e-07,-0.33128148317337036,0.0
im157,0.25,lpips_vgg,-2.384185791015625e-07,-0.003230649046599865,0.0
im157,0.25,convnext_perceptual,-2.384185791015625e-07,-5.549999237060547,0.0
im157,0.25,dinov3_perceptual,-2.384185791015625e-07,-0.001933425897732377,0.0
im157,0.5,huber_ab,-4.76837158203125e-07,0.16251564025878906,1.0
im157,0.5,gradient_ab,-4.76837158203125e-07,-0.6625629663467407,0.0
im157,0.5,lpips_vgg,-4.76837158203125e-07,-0.007734231650829315,0.0
im157,0.5,convnext_perceptual,-4.76837158203125e-07,-30.329387664794922,0.0
im157,0.5,dinov3_perceptual,-4.76837158203125e-07,-0.005620570853352547,0.0
im157,0.75,huber_ab,-9.5367431640625e-07,0.1658802032470703,1.0
im157,0.75,gradient_ab,-9.5367431640625e-07,-0.9938451051712036,0.0
im157,0.75,lpips_vgg,-9.5367431640625e-07,-0.010436154901981354,0.0
im157,0.75,convnext_perceptual,-9.5367431640625e-07,-61.20087814331055,0.0
im157,0.75,dinov3_perceptual,-9.5367431640625e-07,-0.008620049804449081,0.0
im157,1.0,huber_ab,0.0,0.16193580627441406,1.0
im157,1.0,gradient_ab,0.0,-1.3251259326934814,0.0
im157,1.0,lpips_vgg,0.0,-0.012638263404369354,0.0
im157,1.0,convnext_perceptual,0.0,-79.20553970336914,0.0
im157,1.0,dinov3_perceptual,0.0,-0.009338321164250374,0.0
im158,0.25,huber_ab,-2.384185791015625e-07,-0.03401672840118408,0.0
im158,0.25,gradient_ab,-2.384185791015625e-07,-0.14083075523376465,0.0
im158,0.25,lpips_vgg,-2.384185791015625e-07,-0.0066677965223789215,0.0
im158,0.25,convnext_perceptual,-2.384185791015625e-07,-24.980843544006348,0.0
im158,0.25,dinov3_perceptual,-2.384185791015625e-07,-0.002850006567314267,0.0
im158,0.5,huber_ab,-4.76837158203125e-07,-0.05171549320220947,0.0
im158,0.5,gradient_ab,-4.76837158203125e-07,-0.2816615700721741,0.0
im158,0.5,lpips_vgg,-4.76837158203125e-07,-0.01671510562300682,0.0
im158,0.5,convnext_perceptual,-4.76837158203125e-07,-54.73623085021973,0.0
im158,0.5,dinov3_perceptual,-4.76837158203125e-07,-0.01364362332969904,0.0
im158,0.75,huber_ab,0.0,7.033348083496094e-05,1.0
im158,0.75,gradient_ab,0.0,-0.4224923253059387,0.0
im158,0.75,lpips_vgg,0.0,-0.021451756358146667,0.0
im158,0.75,convnext_perceptual,0.0,-55.51857376098633,0.0
im158,0.75,dinov3_perceptual,0.0,-0.02565572038292885,0.0
im158,1.0,huber_ab,-9.5367431640625e-07,0.08630228042602539,1.0
im158,1.0,gradient_ab,-9.5367431640625e-07,-0.5633231401443481,0.0
im158,1.0,lpips_vgg,-9.5367431640625e-07,-0.015811219811439514,0.0
im158,1.0,convnext_perceptual,-9.5367431640625e-07,-105.7394790649414,0.0
im158,1.0,dinov3_perceptual,-9.5367431640625e-07,-0.03381618671119213,0.0
im159,0.25,huber_ab,0.0,0.0539623498916626,1.0
im159,0.25,gradient_ab,0.0,-0.11451846361160278,0.0
im159,0.25,lpips_vgg,0.0,-0.014572525396943092,0.0
im159,0.25,convnext_perceptual,0.0,-20.233673095703125,0.0
im159,0.25,dinov3_perceptual,0.0,-0.0003582197241485119,0.0
im159,0.5,huber_ab,9.5367431640625e-07,0.8253326416015625,1.0
im159,0.5,gradient_ab,9.5367431640625e-07,-0.22903692722320557,0.0
im159,0.5,lpips_vgg,9.5367431640625e-07,-0.04176131635904312,0.0
im159,0.5,convnext_perceptual,9.5367431640625e-07,-46.53646469116211,0.0
im159,0.5,dinov3_perceptual,9.5367431640625e-07,-0.0005011893808841705,0.0
im159,0.75,huber_ab,1.9073486328125e-06,1.6968927383422852,1.0
im159,0.75,gradient_ab,1.9073486328125e-06,-0.3435555100440979,0.0
im159,0.75,lpips_vgg,1.9073486328125e-06,-0.07214925438165665,0.0
im159,0.75,convnext_perceptual,1.9073486328125e-06,-65.08828735351562,0.0
im159,0.75,dinov3_perceptual,1.9073486328125e-06,-0.007229354232549667,0.0
im159,1.0,huber_ab,1.9073486328125e-06,2.553558349609375,1.0
im159,1.0,gradient_ab,1.9073486328125e-06,-0.4580737352371216,0.0
im159,1.0,lpips_vgg,1.9073486328125e-06,-0.09869274497032166,0.0
im159,1.0,convnext_perceptual,1.9073486328125e-06,-60.509613037109375,0.0
im159,1.0,dinov3_perceptual,1.9073486328125e-06,-0.018853861838579178,0.0
im16,0.25,huber_ab,-4.76837158203125e-07,-0.13419866561889648,0.0
im16,0.25,gradient_ab,-4.76837158203125e-07,-0.09757620096206665,0.0
im16,0.25,lpips_vgg,-4.76837158203125e-07,0.002207525074481964,1.0
im16,0.25,convnext_perceptual,-4.76837158203125e-07,-28.185768127441406,0.0
im16,0.25,dinov3_perceptual,-4.76837158203125e-07,0.0016154563054442406,1.0
im16,0.5,huber_ab,0.0,-0.09945416450500488,0.0
im16,0.5,gradient_ab,0.0,-0.19515252113342285,0.0
im16,0.5,lpips_vgg,0.0,0.0015227347612380981,1.0
im16,0.5,convnext_perceptual,0.0,-115.36093139648438,0.0
im16,0.5,dinov3_perceptual,0.0,0.0016663707792758942,1.0
im16,0.75,huber_ab,0.0,-0.04560995101928711,0.0
im16,0.75,gradient_ab,0.0,-0.2927286624908447,0.0
im16,0.75,lpips_vgg,0.0,-0.011738568544387817,0.0
im16,0.75,convnext_perceptual,0.0,-141.70767211914062,0.0
im16,0.75,dinov3_perceptual,0.0,-0.001957826316356659,0.0
im16,1.0,huber_ab,-1.9073486328125e-06,-0.03247547149658203,0.0
im16,1.0,gradient_ab,-1.9073486328125e-06,-0.3903050422668457,0.0
im16,1.0,lpips_vgg,-1.9073486328125e-06,-0.01746228337287903,0.0
im16,1.0,convnext_perceptual,-1.9073486328125e-06,-18.344207763671875,0.0
im16,1.0,dinov3_perceptual,-1.9073486328125e-06,-0.00824546255171299,0.0
im160,0.25,huber_ab,0.0,-0.3486020565032959,0.0
im160,0.25,gradient_ab,0.0,0.01530098170042038,1.0
im160,0.25,lpips_vgg,0.0,0.02787676267325878,1.0
im160,0.25,convnext_perceptual,0.0,165.27981567382812,1.0
im160,0.25,dinov3_perceptual,0.0,0.0011365319369360805,1.0
im160,0.5,huber_ab,0.0,-1.3495159149169922,0.0
im160,0.5,gradient_ab,0.0,0.03060193359851837,1.0
im160,0.5,lpips_vgg,0.0,0.09091217815876007,1.0
im160,0.5,convnext_perceptual,0.0,126.677490234375,1.0
im160,0.5,dinov3_perceptual,0.0,0.0023047300055623055,1.0
im160,0.75,huber_ab,0.0,-2.301711082458496,0.0
im160,0.75,gradient_ab,0.0,0.04590284824371338,1.0
im160,0.75,lpips_vgg,0.0,0.125851109623909,1.0
im160,0.75,convnext_perceptual,0.0,-159.9630126953125,0.0
im160,0.75,dinov3_perceptual,0.0,0.0031678639352321625,1.0
im160,1.0,huber_ab,0.0,-3.224435806274414,0.0
im160,1.0,gradient_ab,0.0,0.06120389699935913,1.0
im160,1.0,lpips_vgg,0.0,0.1198129653930664,1.0
im160,1.0,convnext_perceptual,0.0,-244.275634765625,0.0
im160,1.0,dinov3_perceptual,0.0,0.0029344186186790466,1.0
im161,0.25,huber_ab,-2.384185791015625e-07,0.04327714443206787,1.0
im161,0.25,gradient_ab,-2.384185791015625e-07,-0.10641095042228699,0.0
im161,0.25,lpips_vgg,-2.384185791015625e-07,0.004580352455377579,1.0
im161,0.25,convnext_perceptual,-2.384185791015625e-07,0.23059463500976562,1.0
im161,0.25,dinov3_perceptual,-2.384185791015625e-07,0.000941847451031208,1.0
im161,0.5,huber_ab,-4.76837158203125e-07,0.11269640922546387,1.0
im161,0.5,gradient_ab,-4.76837158203125e-07,-0.21282196044921875,0.0
im161,0.5,lpips_vgg,-4.76837158203125e-07,0.01059843972325325,1.0
im161,0.5,convnext_perceptual,-4.76837158203125e-07,-30.670766830444336,0.0
im161,0.5,dinov3_perceptual,-4.76837158203125e-07,0.0022159721702337265,1.0
im161,0.75,huber_ab,0.0,0.1549208164215088,1.0
im161,0.75,gradient_ab,0.0,-0.3192328214645386,0.0
im161,0.75,lpips_vgg,0.0,0.010267771780490875,1.0
im161,0.75,convnext_perceptual,0.0,-18.005592346191406,0.0
im161,0.75,dinov3_perceptual,0.0,-0.0008258484303951263,0.0
im161,1.0,huber_ab,-9.5367431640625e-07,0.15879392623901367,1.0
im161,1.0,gradient_ab,-9.5367431640625e-07,-0.4256439208984375,0.0
im161,1.0,lpips_vgg,-9.5367431640625e-07,-0.0033475160598754883,0.0
im161,1.0,convnext_perceptual,-9.5367431640625e-07,-30.41748809814453,0.0
im161,1.0,dinov3_perceptual,-9.5367431640625e-07,-0.0034134574234485626,0.0
im162,0.25,huber_ab,0.0,-0.18572312593460083,0.0
im162,0.25,gradient_ab,0.0,-0.1762656569480896,0.0
im162,0.25,lpips_vgg,0.0,0.000986902043223381,1.0
im162,0.25,convnext_perceptual,0.0,-28.247785568237305,0.0
im162,0.25,dinov3_perceptual,0.0,0.0002514476655051112,1.0
im162,0.5,huber_ab,4.76837158203125e-07,-0.07962560653686523,0.0
im162,0.5,gradient_ab,4.76837158203125e-07,-0.352531373500824,0.0
im162,0.5,lpips_vgg,4.76837158203125e-07,0.0015984736382961273,1.0
im162,0.5,convnext_perceptual,4.76837158203125e-07,-104.71143341064453,0.0
im162,0.5,dinov3_perceptual,4.76837158203125e-07,-0.0008748006075620651,0.0
im162,0.75,huber_ab,1.9073486328125e-06,0.15091753005981445,1.0
im162,0.75,gradient_ab,1.9073486328125e-06,-0.528796911239624,0.0
im162,0.75,lpips_vgg,1.9073486328125e-06,-0.004702463746070862,0.0
im162,0.75,convnext_perceptual,1.9073486328125e-06,-173.82559967041016,0.0
im162,0.75,dinov3_perceptual,1.9073486328125e-06,-0.006821725517511368,0.0
im162,1.0,huber_ab,0.0,0.3755640983581543,1.0
im162,1.0,gradient_ab,0.0,-0.7050628662109375,0.0
im162,1.0,lpips_vgg,0.0,-0.010792016983032227,0.0
im162,1.0,convnext_perceptual,0.0,-240.5550079345703,0.0
im162,1.0,dinov3_perceptual,0.0,-0.014214104041457176,0.0
im163,0.25,huber_ab,-2.384185791015625e-07,-0.03182053565979004,0.0
im163,0.25,gradient_ab,-2.384185791015625e-07,-0.24999482929706573,0.0
im163,0.25,lpips_vgg,-2.384185791015625e-07,-0.00514189200475812,0.0
im163,0.25,convnext_perceptual,-2.384185791015625e-07,-10.744313716888428,0.0
im163,0.25,dinov3_perceptual,-2.384185791015625e-07,-0.0012545461067929864,0.0
im163,0.5,huber_ab,-9.5367431640625e-07,0.045845746994018555,1.0
im163,0.5,gradient_ab,-9.5367431640625e-07,-0.4999895691871643,0.0
im163,0.5,lpips_vgg,-9.5367431640625e-07,-0.01828041672706604,0.0
im163,0.5,convnext_perceptual,-9.5367431640625e-07,-74.5333423614502,0.0
im163,0.5,dinov3_perceptual,-9.5367431640625e-07,-0.0045651826076209545,0.0
im163,0.75,huber_ab,-9.5367431640625e-07,0.18152117729187012,1.0
im163,0.75,gradient_ab,-9.5367431640625e-07,-0.7499843239784241,0.0
im163,0.75,lpips_vgg,-9.5367431640625e-07,-0.03309093043208122,0.0
im163,0.75,convnext_perceptual,-9.5367431640625e-07,-82.08270072937012,0.0
im163,0.75,dinov3_perceptual,-9.5367431640625e-07,-0.011678410228341818,0.0
im163,1.0,huber_ab,0.0,0.3249197006225586,1.0
im163,1.0,gradient_ab,0.0,-0.9999790191650391,0.0
im163,1.0,lpips_vgg,0.0,-0.04729750007390976,0.0
im163,1.0,convnext_perceptual,0.0,-167.9749755859375,0.0
im163,1.0,dinov3_perceptual,0.0,-0.02161561418324709,0.0
im164,0.25,huber_ab,0.0,0.2417006492614746,1.0
im164,0.25,gradient_ab,0.0,-0.3539869785308838,0.0
im164,0.25,lpips_vgg,0.0,-0.010421274229884148,0.0
im164,0.25,convnext_perceptual,0.0,-93.74414825439453,0.0
im164,0.25,dinov3_perceptual,0.0,-0.0010310844518244267,0.0
im164,0.5,huber_ab,0.0,0.5586481094360352,1.0
im164,0.5,gradient_ab,0.0,-0.7079741954803467,0.0
im164,0.5,lpips_vgg,0.0,-0.033413320779800415,0.0
im164,0.5,convnext_perceptual,0.0,-318.36083984375,0.0
im164,0.5,dinov3_perceptual,0.0,-0.0031850505620241165,0.0
im164,0.75,huber_ab,0.0,0.8313198089599609,1.0
im164,0.75,gradient_ab,0.0,-1.0619616508483887,0.0
im164,0.75,lpips_vgg,0.0,-0.061314329504966736,0.0
im164,0.75,convnext_perceptual,0.0,-213.82711791992188,0.0
im164,0.75,dinov3_perceptual,0.0,-0.008984243497252464,0.0
im164,1.0,huber_ab,0.0,1.0971565246582031,1.0
im164,1.0,gradient_ab,0.0,-1.4159483909606934,0.0
im164,1.0,lpips_vgg,0.0,-0.09595707058906555,0.0
im164,1.0,convnext_perceptual,0.0,-398.1212463378906,0.0
im164,1.0,dinov3_perceptual,0.0,-0.01871519163250923,0.0
im165,0.25,huber_ab,-2.384185791015625e-07,0.08078303933143616,1.0
im165,0.25,gradient_ab,-2.384185791015625e-07,-0.30629634857177734,0.0
im165,0.25,lpips_vgg,-2.384185791015625e-07,-0.00015907641500234604,0.0
im165,0.25,convnext_perceptual,-2.384185791015625e-07,-62.25336456298828,0.0
im165,0.25,dinov3_perceptual,-2.384185791015625e-07,-0.0015421356074512005,0.0
im165,0.5,huber_ab,-4.76837158203125e-07,0.3659396171569824,1.0
im165,0.5,gradient_ab,-4.76837158203125e-07,-0.6125927865505219,0.0
im165,0.5,lpips_vgg,-4.76837158203125e-07,-0.001227017492055893,0.0
im165,0.5,convnext_perceptual,-4.76837158203125e-07,-22.72314453125,0.0
im165,0.5,dinov3_perceptual,-4.76837158203125e-07,-0.005285460501909256,0.0
im165,0.75,huber_ab,-9.5367431640625e-07,0.5703036785125732,1.0
im165,0.75,gradient_ab,-9.5367431640625e-07,-0.9188891351222992,0.0
im165,0.75,lpips_vgg,-9.5367431640625e-07,-0.004442274570465088,0.0
im165,0.75,convnext_perceptual,-9.5367431640625e-07,-421.2840270996094,0.0
im165,0.75,dinov3_perceptual,-9.5367431640625e-07,-0.011199476197361946,0.0
im165,1.0,huber_ab,-9.5367431640625e-07,0.7096924781799316,1.0
im165,1.0,gradient_ab,-9.5367431640625e-07,-1.225185513496399,0.0
im165,1.0,lpips_vgg,-9.5367431640625e-07,-0.017842493951320648,0.0
im165,1.0,convnext_perceptual,-9.5367431640625e-07,-419.9854736328125,0.0
im165,1.0,dinov3_perceptual,-9.5367431640625e-07,-0.019650951027870178,0.0
im166,0.25,huber_ab,0.0,0.24393677711486816,1.0
im166,0.25,gradient_ab,0.0,0.30633869767189026,1.0
im166,0.25,lpips_vgg,0.0,0.006545948097482324,1.0
im166,0.25,convnext_perceptual,0.0,26.49529266357422,1.0
im166,0.25,dinov3_perceptual,0.0,0.001674752973485738,1.0
im166,0.5,huber_ab,0.0,0.15454816818237305,1.0
im166,0.5,gradient_ab,0.0,0.6126773357391357,1.0
im166,0.5,lpips_vgg,0.0,0.019479134120047092,1.0
im166,0.5,convnext_perceptual,0.0,19.747528076171875,1.0
im166,0.5,dinov3_perceptual,0.0,0.0050918362103402615,1.0
im166,0.75,huber_ab,1.9073486328125e-06,0.01947641372680664,1.0
im166,0.75,gradient_ab,1.9073486328125e-06,0.9190160632133484,1.0
im166,0.75,lpips_vgg,1.9073486328125e-06,0.030551157891750336,1.0
im166,0.75,convnext_perceptual,1.9073486328125e-06,72.03598022460938,1.0
im166,0.75,dinov3_perceptual,1.9073486328125e-06,0.008531727828085423,1.0
im166,1.0,huber_ab,0.0,-0.09286022186279297,0.0
im166,1.0,gradient_ab,0.0,1.2253546714782715,1.0
im166,1.0,lpips_vgg,0.0,0.038642771542072296,1.0
im166,1.0,convnext_perceptual,0.0,-35.37017822265625,0.0
im166,1.0,dinov3_perceptual,0.0,0.011084639467298985,1.0
im167,0.25,huber_ab,0.0,0.09067106246948242,1.0
im167,0.25,gradient_ab,0.0,-0.15113797783851624,0.0
im167,0.25,lpips_vgg,0.0,0.005906028673052788,1.0
im167,0.25,convnext_perceptual,0.0,-22.665019989013672,0.0
im167,0.25,dinov3_perceptual,0.0,0.0010084533132612705,1.0
im167,0.5,huber_ab,-4.76837158203125e-07,0.37050652503967285,1.0
im167,0.5,gradient_ab,-4.76837158203125e-07,-0.30227595567703247,0.0
im167,0.5,lpips_vgg,-4.76837158203125e-07,0.026175830513238907,1.0
im167,0.5,convnext_perceptual,-4.76837158203125e-07,-2.0580825805664062,0.0
im167,0.5,dinov3_perceptual,-4.76837158203125e-07,7.254257798194885e-05,1.0
im167,0.75,huber_ab,-1.9073486328125e-06,0.5585308074951172,1.0
im167,0.75,gradient_ab,-1.9073486328125e-06,-0.4534139037132263,0.0
im167,0.75,lpips_vgg,-1.9073486328125e-06,0.053382277488708496,1.0
im167,0.75,convnext_perceptual,-1.9073486328125e-06,63.19364929199219,1.0
im167,0.75,dinov3_perceptual,-1.9073486328125e-06,-0.0034294724464416504,0.0
im167,1.0,huber_ab,0.0,0.6765217781066895,1.0
im167,1.0,gradient_ab,0.0,-0.6045518517494202,0.0
im167,1.0,lpips_vgg,0.0,0.06954386830329895,1.0
im167,1.0,convnext_perceptual,0.0,104.33588409423828,1.0
im167,1.0,dinov3_perceptual,0.0,-0.008074017241597176,0.0
im169,0.25,huber_ab,0.0,-0.008625641465187073,0.0
im169,0.25,gradient_ab,0.0,-0.21668018400669098,0.0
im169,0.25,lpips_vgg,0.0,-0.00011237245053052902,0.0
im169,0.25,convnext_perceptual,0.0,-80.99567985534668,0.0
im169,0.25,dinov3_perceptual,0.0,-0.0012460272992029786,0.0
im169,0.5,huber_ab,0.0,-0.01887059211730957,0.0
im169,0.5,gradient_ab,0.0,-0.43336039781570435,0.0
im169,0.5,lpips_vgg,0.0,0.004487188532948494,1.0
im169,0.5,convnext_perceptual,0.0,-173.621337890625,0.0
im169,0.5,dinov3_perceptual,0.0,-0.0034513280261307955,0.0
im169,0.75,huber_ab,4.76837158203125e-07,0.053704142570495605,1.0
im169,0.75,gradient_ab,4.76837158203125e-07,-0.6500406563282013,0.0
im169,0.75,lpips_vgg,4.76837158203125e-07,0.013502292335033417,1.0
im169,0.75,convnext_perceptual,4.76837158203125e-07,-164.69832229614258,0.0
im169,0.75,dinov3_perceptual,4.76837158203125e-07,-0.005618662107735872,0.0
im169,1.0,huber_ab,0.0,0.17439889907836914,1.0
im169,1.0,gradient_ab,0.0,-0.8667208105325699,0.0
im169,1.0,lpips_vgg,0.0,0.024476036429405212,1.0
im169,1.0,convnext_perceptual,0.0,-131.42428588867188,0.0
im169,1.0,dinov3_perceptual,0.0,-0.007925278507173061,0.0
im170,0.25,huber_ab,-9.5367431640625e-07,0.19747018814086914,1.0
im170,0.25,gradient_ab,-9.5367431640625e-07,0.23451942205429077,1.0
im170,0.25,lpips_vgg,-9.5367431640625e-07,0.04399966448545456,1.0
im170,0.25,convnext_perceptual,-9.5367431640625e-07,158.9782943725586,1.0
im170,0.25,dinov3_perceptual,-9.5367431640625e-07,0.013418372254818678,1.0
im170,0.5,huber_ab,-1.9073486328125e-06,0.16199684143066406,1.0
im170,0.5,gradient_ab,-1.9073486328125e-06,0.4690389633178711,1.0
im170,0.5,lpips_vgg,-1.9073486328125e-06,0.09173841774463654,1.0
im170,0.5,convnext_perceptual,-1.9073486328125e-06,159.6849365234375,1.0
im170,0.5,dinov3_perceptual,-1.9073486328125e-06,0.017644932493567467,1.0
im170,0.75,huber_ab,0.0,0.12613677978515625,1.0
im170,0.75,gradient_ab,0.0,0.7035584449768066,1.0
im170,0.75,lpips_vgg,0.0,0.10691985487937927,1.0
im170,0.75,convnext_perceptual,0.0,406.72802734375,1.0
im170,0.75,dinov3_perceptual,0.0,0.013225633651018143,1.0
im170,1.0,huber_ab,-3.814697265625e-06,0.10652923583984375,1.0
im170,1.0,gradient_ab,-3.814697265625e-06,0.9380776882171631,1.0
im170,1.0,lpips_vgg,-3.814697265625e-06,0.11012205481529236,1.0
im170,1.0,convnext_perceptual,-3.814697265625e-06,398.1987609863281,1.0
im170,1.0,dinov3_perceptual,-3.814697265625e-06,0.007924329489469528,1.0
im171,0.25,huber_ab,0.0,0.08351945877075195,1.0
im171,0.25,gradient_ab,0.0,-0.006377816200256348,0.0
im171,0.25,lpips_vgg,0.0,0.00030717626214027405,1.0
im171,0.25,convnext_perceptual,0.0,7.2888641357421875,1.0
im171,0.25,dinov3_perceptual,0.0,0.0020927356090396643,1.0
im171,0.5,huber_ab,-9.5367431640625e-07,0.09937763214111328,1.0
im171,0.5,gradient_ab,-9.5367431640625e-07,-0.012755632400512695,0.0
im171,0.5,lpips_vgg,-9.5367431640625e-07,-0.0021227076649665833,0.0
im171,0.5,convnext_perceptual,-9.5367431640625e-07,54.587120056152344,1.0
im171,0.5,dinov3_perceptual,-9.5367431640625e-07,0.004941808059811592,1.0
im171,0.75,huber_ab,-1.9073486328125e-06,0.06551265716552734,1.0
im171,0.75,gradient_ab,-1.9073486328125e-06,-0.019133687019348145,0.0
im171,0.75,lpips_vgg,-1.9073486328125e-06,-0.01733081042766571,0.0
im171,0.75,convnext_perceptual,-1.9073486328125e-06,63.22259521484375,1.0
im171,0.75,dinov3_perceptual,-1.9073486328125e-06,0.004701538011431694,1.0
im171,1.0,huber_ab,-1.9073486328125e-06,0.020261764526367188,1.0
im171,1.0,gradient_ab,-1.9073486328125e-06,-0.025511503219604492,0.0
im171,1.0,lpips_vgg,-1.9073486328125e-06,-0.06020300090312958,0.0
im171,1.0,convnext_perceptual,-1.9073486328125e-06,12.295135498046875,1.0
im171,1.0,dinov3_perceptual,-1.9073486328125e-06,-0.0021677762269973755,0.0
im172,0.25,huber_ab,0.0,0.10525721311569214,1.0
im172,0.25,gradient_ab,0.0,-0.10140898823738098,0.0
im172,0.25,lpips_vgg,0.0,-1.5009194612503052e-05,0.0
im172,0.25,convnext_perceptual,0.0,-0.8253631591796875,0.0
im172,0.25,dinov3_perceptual,0.0,0.0021455339156091213,1.0
im172,0.5,huber_ab,0.0,0.2515442371368408,1.0
im172,0.5,gradient_ab,0.0,-0.2028179168701172,0.0
im172,0.5,lpips_vgg,0.0,-0.03268294036388397,0.0
im172,0.5,convnext_perceptual,0.0,-27.923255920410156,0.0
im172,0.5,dinov3_perceptual,0.0,-0.0008914228528738022,0.0
im172,0.75,huber_ab,0.0,0.38098669052124023,1.0
im172,0.75,gradient_ab,0.0,-0.3042268753051758,0.0
im172,0.75,lpips_vgg,0.0,-0.07665381580591202,0.0
im172,0.75,convnext_perceptual,0.0,-28.354812622070312,0.0
im172,0.75,dinov3_perceptual,0.0,-0.010480964556336403,0.0
im172,1.0,huber_ab,0.0,0.5060477256774902,1.0
im172,1.0,gradient_ab,0.0,-0.4056358337402344,0.0
im172,1.0,lpips_vgg,0.0,-0.1007140576839447,0.0
im172,1.0,convnext_perceptual,0.0,-24.817291259765625,0.0
im172,1.0,dinov3_perceptual,0.0,-0.016615591943264008,0.0
im174,0.25,huber_ab,-4.76837158203125e-07,-0.05986428260803223,0.0
im174,0.25,gradient_ab,-4.76837158203125e-07,-0.458079069852829,0.0
im174,0.25,lpips_vgg,-4.76837158203125e-07,-0.01069566048681736,0.0
im174,0.25,convnext_perceptual,-4.76837158203125e-07,-182.8660545349121,0.0
im174,0.25,dinov3_perceptual,-4.76837158203125e-07,-0.003223926294595003,0.0
im174,0.5,huber_ab,-9.5367431640625e-07,0.23185992240905762,1.0
im174,0.5,gradient_ab,-9.5367431640625e-07,-0.9161579608917236,0.0
im174,0.5,lpips_vgg,-9.5367431640625e-07,-0.03651702404022217,0.0
im174,0.5,convnext_perceptual,-9.5367431640625e-07,-303.43370056152344,0.0
im174,0.5,dinov3_perceptual,-9.5367431640625e-07,-0.012825814075767994,0.0
im174,0.75,huber_ab,0.0,0.5844893455505371,1.0
im174,0.75,gradient_ab,0.0,-1.374236822128296,0.0
im174,0.75,lpips_vgg,0.0,-0.061141736805438995,0.0
im174,0.75,convnext_perceptual,0.0,-396.4688720703125,0.0
im174,0.75,dinov3_perceptual,0.0,-0.025369221344590187,0.0
im174,1.0,huber_ab,-1.9073486328125e-06,0.9166889190673828,1.0
im174,1.0,gradient_ab,-1.9073486328125e-06,-1.8323161602020264,0.0
im174,1.0,lpips_vgg,-1.9073486328125e-06,-0.06926684081554413,0.0
im174,1.0,convnext_perceptual,-1.9073486328125e-06,-278.8557434082031,0.0
im174,1.0,dinov3_perceptual,-1.9073486328125e-06,-0.03107345849275589,0.0
im175,0.25,huber_ab,0.0,0.017694830894470215,1.0
im175,0.25,gradient_ab,0.0,-0.32091817259788513,0.0
im175,0.25,lpips_vgg,0.0,-0.0019878679886460304,0.0
im175,0.25,convnext_perceptual,0.0,-62.820465087890625,0.0
im175,0.25,dinov3_perceptual,0.0,-0.000926141394302249,0.0
im175,0.5,huber_ab,0.0,-0.15269136428833008,0.0
im175,0.5,gradient_ab,0.0,-0.641836404800415,0.0
im175,0.5,lpips_vgg,0.0,-0.008949141949415207,0.0
im175,0.5,convnext_perceptual,0.0,-225.4748992919922,0.0
im175,0.5,dinov3_perceptual,0.0,-0.003909778781235218,0.0
im175,0.75,huber_ab,0.0,-0.2637448310852051,0.0
im175,0.75,gradient_ab,0.0,-0.9627546072006226,0.0
im175,0.75,lpips_vgg,0.0,-0.02663719654083252,0.0
im175,0.75,convnext_perceptual,0.0,-281.90941619873047,0.0
im175,0.75,dinov3_perceptual,0.0,-0.008463959209620953,0.0
im175,1.0,huber_ab,0.0,-0.3439931869506836,0.0
im175,1.0,gradient_ab,0.0,-1.2836727499961853,0.0
im175,1.0,lpips_vgg,0.0,-0.06289589405059814,0.0
im175,1.0,convnext_perceptual,0.0,-239.3194122314453,0.0
im175,1.0,dinov3_perceptual,0.0,-0.014174075797200203,0.0
im176,0.25,huber_ab,0.0,-0.4315352439880371,0.0
im176,0.25,gradient_ab,0.0,-0.1104423999786377,0.0
im176,0.25,lpips_vgg,0.0,-0.0007839426398277283,0.0
im176,0.25,convnext_perceptual,0.0,0.19040393829345703,1.0
im176,0.25,dinov3_perceptual,0.0,0.000500276917591691,1.0
im176,0.5,huber_ab,0.0,-0.7153701782226562,0.0
im176,0.5,gradient_ab,0.0,-0.2208847999572754,0.0
im176,0.5,lpips_vgg,0.0,-0.013516779989004135,0.0
im176,0.5,convnext_perceptual,0.0,-6.350687026977539,0.0
im176,0.5,dinov3_perceptual,0.0,-0.004894164390861988,0.0
im176,0.75,huber_ab,0.0,-0.9981584548950195,0.0
im176,0.75,gradient_ab,0.0,-0.3313271999359131,0.0
im176,0.75,lpips_vgg,0.0,-0.040270380675792694,0.0
im176,0.75,convnext_perceptual,0.0,-8.651067733764648,0.0
im176,0.75,dinov3_perceptual,0.0,-0.008765044622123241,0.0
im176,1.0,huber_ab,1.9073486328125e-06,-1.2896900177001953,0.0
im176,1.0,gradient_ab,1.9073486328125e-06,-0.4417695999145508,0.0
im176,1.0,lpips_vgg,1.9073486328125e-06,-0.0453612357378006,0.0
im176,1.0,convnext_perceptual,1.9073486328125e-06,-5.031105041503906,0.0
im176,1.0,dinov3_perceptual,1.9073486328125e-06,-0.008332226425409317,0.0
im177,0.25,huber_ab,0.0,-0.2627592086791992,0.0
im177,0.25,gradient_ab,0.0,-0.05818696320056915,0.0
im177,0.25,lpips_vgg,0.0,0.035644516348838806,1.0
im177,0.25,convnext_perceptual,0.0,-7.085746765136719,0.0
im177,0.25,dinov3_perceptual,0.0,0.002880303538404405,1.0
im177,0.5,huber_ab,9.5367431640625e-07,-1.5939507484436035,0.0
im177,0.5,gradient_ab,9.5367431640625e-07,-0.1163739264011383,0.0
im177,0.5,lpips_vgg,9.5367431640625e-07,0.10489550977945328,1.0
im177,0.5,convnext_perceptual,9.5367431640625e-07,35.72831726074219,1.0
im177,0.5,dinov3_perceptual,9.5367431640625e-07,0.006516123190522194,1.0
im177,0.75,huber_ab,3.814697265625e-06,-2.885953903198242,0.0
im177,0.75,gradient_ab,3.814697265625e-06,-0.17456090450286865,0.0
im177,0.75,lpips_vgg,3.814697265625e-06,0.14789828658103943,1.0
im177,0.75,convnext_perceptual,3.814697265625e-06,4.763092041015625,1.0
im177,0.75,dinov3_perceptual,3.814697265625e-06,0.008013898506760597,1.0
im177,1.0,huber_ab,1.9073486328125e-06,-4.121696472167969,0.0
im177,1.0,gradient_ab,1.9073486328125e-06,-0.232747882604599,0.0
im177,1.0,lpips_vgg,1.9073486328125e-06,0.1514301598072052,1.0
im177,1.0,convnext_perceptual,1.9073486328125e-06,-26.49407958984375,0.0
im177,1.0,dinov3_perceptual,1.9073486328125e-06,0.004791315644979477,1.0
im178,0.25,huber_ab,1.1920928955078125e-07,-0.014808982610702515,0.0
im178,0.25,gradient_ab,1.1920928955078125e-07,-0.11034810543060303,0.0
im178,0.25,lpips_vgg,1.1920928955078125e-07,-0.00037678517401218414,0.0
im178,0.25,convnext_perceptual,1.1920928955078125e-07,-4.297500133514404,0.0
im178,0.25,dinov3_perceptual,1.1920928955078125e-07,-0.0001750672236084938,0.0
im178,0.5,huber_ab,2.384185791015625e-07,0.04419350624084473,1.0
im178,0.5,gradient_ab,2.384185791015625e-07,-0.22069627046585083,0.0
im178,0.5,lpips_vgg,2.384185791015625e-07,-0.006616964936256409,0.0
im178,0.5,convnext_perceptual,2.384185791015625e-07,-36.603331565856934,0.0
im178,0.5,dinov3_perceptual,2.384185791015625e-07,-0.001423677895218134,0.0
im178,0.75,huber_ab,0.0,0.18409276008605957,1.0
im178,0.75,gradient_ab,0.0,-0.33104443550109863,0.0
im178,0.75,lpips_vgg,0.0,-0.025024376809597015,0.0
im178,0.75,convnext_perceptual,0.0,-76.36097526550293,0.0
im178,0.75,dinov3_perceptual,0.0,-0.005427264142781496,0.0
im178,1.0,huber_ab,4.76837158203125e-07,0.324526309967041,1.0
im178,1.0,gradient_ab,4.76837158203125e-07,-0.4413924813270569,0.0
im178,1.0,lpips_vgg,4.76837158203125e-07,-0.03505335748195648,0.0
im178,1.0,convnext_perceptual,4.76837158203125e-07,-124.31741142272949,0.0
im178,1.0,dinov3_perceptual,4.76837158203125e-07,-0.010854743421077728,0.0
im179,0.25,huber_ab,-1.1920928955078125e-07,-0.08640876412391663,0.0
im179,0.25,gradient_ab,-1.1920928955078125e-07,-0.3648051619529724,0.0
im179,0.25,lpips_vgg,-1.1920928955078125e-07,-0.007958271307870746,0.0
im179,0.25,convnext_perceptual,-1.1920928955078125e-07,-58.364049434661865,0.0
im179,0.25,dinov3_perceptual,-1.1920928955078125e-07,-0.0014609545323764905,0.0
im179,0.5,huber_ab,-2.384185791015625e-07,-0.09010827541351318,0.0
im179,0.5,gradient_ab,-2.384185791015625e-07,-0.7296103835105896,0.0
im179,0.5,lpips_vgg,-2.384185791015625e-07,-0.022831360809504986,0.0
im179,0.5,convnext_perceptual,-2.384185791015625e-07,-124.48771286010742,0.0
im179,0.5,dinov3_perceptual,-2.384185791015625e-07,-0.004805565113201737,0.0
im179,0.75,huber_ab,0.0,0.03460288047790527,1.0
im179,0.75,gradient_ab,0.0,-1.0944157242774963,0.0
im179,0.75,lpips_vgg,0.0,-0.0406136829406023,0.0
im179,0.75,convnext_perceptual,0.0,-195.39795303344727,0.0
im179,0.75,dinov3_perceptual,0.0,-0.010791471460834146,0.0
im179,1.0,huber_ab,-4.76837158203125e-07,0.16977429389953613,1.0
im179,1.0,gradient_ab,-4.76837158203125e-07,-1.4592207074165344,0.0
im179,1.0,lpips_vgg,-4.76837158203125e-07,-0.05711357947438955,0.0
im179,1.0,convnext_perceptual,-4.76837158203125e-07,-255.32006072998047,0.0
im179,1.0,dinov3_perceptual,-4.76837158203125e-07,-0.01754543953575194,0.0
im18,0.25,huber_ab,9.5367431640625e-07,-0.4916965961456299,0.0
im18,0.25,gradient_ab,9.5367431640625e-07,0.27426689863204956,1.0
im18,0.25,lpips_vgg,9.5367431640625e-07,0.008731124922633171,1.0
im18,0.25,convnext_perceptual,9.5367431640625e-07,45.09086990356445,1.0
im18,0.25,dinov3_perceptual,9.5367431640625e-07,0.0012649605050683022,1.0
im18,0.5,huber_ab,1.9073486328125e-06,-0.6465988159179688,0.0
im18,0.5,gradient_ab,1.9073486328125e-06,0.5485337972640991,1.0
im18,0.5,lpips_vgg,1.9073486328125e-06,0.03615579009056091,1.0
im18,0.5,convnext_perceptual,1.9073486328125e-06,80.1113510131836,1.0
im18,0.5,dinov3_perceptual,1.9073486328125e-06,0.0053474679589271545,1.0
im18,0.75,huber_ab,0.0,-0.5786495208740234,0.0
im18,0.75,gradient_ab,0.0,0.8228006362915039,1.0
im18,0.75,lpips_vgg,0.0,0.06319540739059448,1.0
im18,0.75,convnext_perceptual,0.0,44.79022216796875,1.0
im18,0.75,dinov3_perceptual,0.0,0.01044311374425888,1.0
im18,1.0,huber_ab,3.814697265625e-06,-0.4996013641357422,0.0
im18,1.0,gradient_ab,3.814697265625e-06,1.0970673561096191,1.0
im18,1.0,lpips_vgg,3.814697265625e-06,0.08287875354290009,1.0
im18,1.0,convnext_perceptual,3.814697265625e-06,13.849945068359375,1.0
im18,1.0,dinov3_perceptual,3.814697265625e-06,0.012154320254921913,1.0
im180,0.25,huber_ab,4.76837158203125e-07,-0.008412480354309082,0.0
im180,0.25,gradient_ab,4.76837158203125e-07,-0.14989006519317627,0.0
im180,0.25,lpips_vgg,4.76837158203125e-07,0.007146574556827545,1.0
im180,0.25,convnext_perceptual,4.76837158203125e-07,37.08672332763672,1.0
im180,0.25,dinov3_perceptual,4.76837158203125e-07,0.0008730264380574226,1.0
im180,0.5,huber_ab,0.0,0.1117401123046875,1.0
im180,0.5,gradient_ab,0.0,-0.299780011177063,0.0
im180,0.5,lpips_vgg,0.0,0.01227867603302002,1.0
im180,0.5,convnext_perceptual,0.0,84.62100982666016,1.0
im180,0.5,dinov3_perceptual,0.0,5.805026739835739e-05,1.0
im180,0.75,huber_ab,1.9073486328125e-06,0.2440958023071289,1.0
im180,0.75,gradient_ab,1.9073486328125e-06,-0.44967031478881836,0.0
im180,0.75,lpips_vgg,1.9073486328125e-06,0.005041435360908508,1.0
im180,0.75,convnext_perceptual,1.9073486328125e-06,53.516571044921875,1.0
im180,0.75,dinov3_perceptual,1.9073486328125e-06,-0.006180059164762497,0.0
im180,1.0,huber_ab,0.0,0.37541770935058594,1.0
im180,1.0,gradient_ab,0.0,-0.5995602607727051,0.0
im180,1.0,lpips_vgg,0.0,-0.0020499974489212036,0.0
im180,1.0,convnext_perceptual,0.0,0.1287841796875,1.0
im180,1.0,dinov3_perceptual,0.0,-0.014566870406270027,0.0
im183,0.25,huber_ab,0.0,0.23877620697021484,1.0
im183,0.25,gradient_ab,0.0,-0.1109466552734375,0.0
im183,0.25,lpips_vgg,0.0,0.0008652377873659134,1.0
im183,0.25,convnext_perceptual,0.0,-8.323891639709473,0.0
im183,0.25,dinov3_perceptual,0.0,3.181374631822109e-05,1.0
im183,0.5,huber_ab,0.0,0.5368804931640625,1.0
im183,0.5,gradient_ab,0.0,-0.221893310546875,0.0
im183,0.5,lpips_vgg,0.0,-0.003645792603492737,0.0
im183,0.5,convnext_perceptual,0.0,-26.205097198486328,0.0
im183,0.5,dinov3_perceptual,0.0,-0.0005407733842730522,0.0
im183,0.75,huber_ab,0.0,0.7301769256591797,1.0
im183,0.75,gradient_ab,0.0,-0.3328399658203125,0.0
im183,0.75,lpips_vgg,0.0,-0.016386911273002625,0.0
im183,0.75,convnext_perceptual,0.0,-45.168399810791016,0.0
im183,0.75,dinov3_perceptual,0.0,-0.0030838875100016594,0.0
im183,1.0,huber_ab,0.0,0.9168415069580078,1.0
im183,1.0,gradient_ab,0.0,-0.44378674030303955,0.0
im183,1.0,lpips_vgg,0.0,-0.03896510601043701,0.0
im183,1.0,convnext_perceptual,0.0,-13.482231140136719,0.0
im183,1.0,dinov3_perceptual,0.0,-0.006877496838569641,0.0
im185,0.25,huber_ab,-2.384185791015625e-07,-0.01532900333404541,0.0
im185,0.25,gradient_ab,-2.384185791015625e-07,-0.19465893507003784,0.0
im185,0.25,lpips_vgg,-2.384185791015625e-07,-0.017477084882557392,0.0
im185,0.25,convnext_perceptual,-2.384185791015625e-07,-100.85851097106934,0.0
im185,0.25,dinov3_perceptual,-2.384185791015625e-07,-0.006598752923309803,0.0
im185,0.5,huber_ab,0.0,0.009847521781921387,1.0
im185,0.5,gradient_ab,0.0,-0.3893178701400757,0.0
im185,0.5,lpips_vgg,0.0,-0.0413384884595871,0.0
im185,0.5,convnext_perceptual,0.0,-9.152839660644531,0.0
im185,0.5,dinov3_perceptual,0.0,-0.01070940401405096,0.0
im185,0.75,huber_ab,-9.5367431640625e-07,0.03381776809692383,1.0
im185,0.75,gradient_ab,-9.5367431640625e-07,-0.5839765667915344,0.0
im185,0.75,lpips_vgg,-9.5367431640625e-07,-0.05838879197835922,0.0
im185,0.75,convnext_perceptual,-9.5367431640625e-07,-70.08537292480469,0.0
im185,0.75,dinov3_perceptual,-9.5367431640625e-07,-0.014283038675785065,0.0
im185,1.0,huber_ab,0.0,0.03127336502075195,1.0
im185,1.0,gradient_ab,0.0,-0.7786356210708618,0.0
im185,1.0,lpips_vgg,0.0,-0.0716235488653183,0.0
im185,1.0,convnext_perceptual,0.0,-31.792381286621094,0.0
im185,1.0,dinov3_perceptual,0.0,-0.016848426312208176,0.0
im186,0.25,huber_ab,0.0,-0.7731965780258179,0.0
im186,0.25,gradient_ab,0.0,-0.3202843517065048,0.0
im186,0.25,lpips_vgg,0.0,-0.013277250342071056,0.0
im186,0.25,convnext_perceptual,0.0,-161.93276977539062,0.0
im186,0.25,dinov3_perceptual,0.0,-0.008429510751739144,0.0
im186,0.5,huber_ab,-9.5367431640625e-07,-1.56168794631958,0.0
im186,0.5,gradient_ab,-9.5367431640625e-07,-0.6405686438083649,0.0
im186,0.5,lpips_vgg,-9.5367431640625e-07,-0.03142266720533371,0.0
im186,0.5,convnext_perceptual,-9.5367431640625e-07,-526.6241226196289,0.0
im186,0.5,dinov3_perceptual,-9.5367431640625e-07,-0.01633049827069044,0.0
im186,0.75,huber_ab,-1.9073486328125e-06,-2.4236249923706055,0.0
im186,0.75,gradient_ab,-1.9073486328125e-06,-0.960852861404419,0.0
im186,0.75,lpips_vgg,-1.9073486328125e-06,-0.07148969918489456,0.0
im186,0.75,convnext_perceptual,-1.9073486328125e-06,-624.8850250244141,0.0
im186,0.75,dinov3_perceptual,-1.9073486328125e-06,-0.025388109497725964,0.0
im186,1.0,huber_ab,-1.9073486328125e-06,-3.316329002380371,0.0
im186,1.0,gradient_ab,-1.9073486328125e-06,-1.2811371088027954,0.0
im186,1.0,lpips_vgg,-1.9073486328125e-06,-0.15006717294454575,0.0
im186,1.0,convnext_perceptual,-1.9073486328125e-06,-574.7670593261719,0.0
im186,1.0,dinov3_perceptual,-1.9073486328125e-06,-0.036635187454521656,0.0
im187,0.25,huber_ab,4.76837158203125e-07,0.17682373523712158,1.0
im187,0.25,gradient_ab,4.76837158203125e-07,-0.16392692923545837,0.0
im187,0.25,lpips_vgg,4.76837158203125e-07,-0.015927813947200775,0.0
im187,0.25,convnext_perceptual,4.76837158203125e-07,-70.00119209289551,0.0
im187,0.25,dinov3_perceptual,4.76837158203125e-07,-0.0016754643293097615,0.0
im187,0.5,huber_ab,9.5367431640625e-07,0.5111393928527832,1.0
im187,0.5,gradient_ab,9.5367431640625e-07,-0.327853798866272,0.0
im187,0.5,lpips_vgg,9.5367431640625e-07,-0.026423297822475433,0.0
im187,0.5,convnext_perceptual,9.5367431640625e-07,-169.58226013183594,0.0
im187,0.5,dinov3_perceptual,9.5367431640625e-07,-0.00422589061781764,0.0
im187,0.75,huber_ab,0.0,0.8157896995544434,1.0
im187,0.75,gradient_ab,0.0,-0.4917808175086975,0.0
im187,0.75,lpips_vgg,0.0,-0.009068012237548828,0.0
im187,0.75,convnext_perceptual,0.0,-250.693603515625,0.0
im187,0.75,dinov3_perceptual,0.0,-0.007240911014378071,0.0
im187,1.0,huber_ab,1.9073486328125e-06,1.1131277084350586,1.0
im187,1.0,gradient_ab,1.9073486328125e-06,-0.6557074785232544,0.0
im187,1.0,lpips_vgg,1.9073486328125e-06,0.0052245259284973145,1.0
im187,1.0,convnext_perceptual,1.9073486328125e-06,-213.7640380859375,0.0
im187,1.0,dinov3_perceptual,1.9073486328125e-06,-0.010318096727132797,0.0
im189,0.25,huber_ab,0.0,-0.08040392398834229,0.0
im189,0.25,gradient_ab,0.0,-0.14624616503715515,0.0
im189,0.25,lpips_vgg,0.0,-0.007756663486361504,0.0
im189,0.25,convnext_perceptual,0.0,-215.24624633789062,0.0
im189,0.25,dinov3_perceptual,0.0,-0.0009148432873189449,0.0
im189,0.5,huber_ab,0.0,-0.6464495658874512,0.0
im189,0.5,gradient_ab,0.0,-0.2924923300743103,0.0
im189,0.5,lpips_vgg,0.0,-0.021855652332305908,0.0
im189,0.5,convnext_perceptual,0.0,-358.339599609375,0.0
im189,0.5,dinov3_perceptual,0.0,-0.0032666511833667755,0.0
im189,0.75,huber_ab,0.0,-1.257211685180664,0.0
im189,0.75,gradient_ab,0.0,-0.4387385845184326,0.0
im189,0.75,lpips_vgg,0.0,-0.04318027198314667,0.0
im189,0.75,convnext_perceptual,0.0,-300.5396423339844,0.0
im189,0.75,dinov3_perceptual,0.0,-0.00810217671096325,0.0
im189,1.0,huber_ab,0.0,-1.8416252136230469,0.0
im189,1.0,gradient_ab,0.0,-0.5849847793579102,0.0
im189,1.0,lpips_vgg,0.0,-0.07456949353218079,0.0
im189,1.0,convnext_perceptual,0.0,-81.36019897460938,0.0
im189,1.0,dinov3_perceptual,0.0,-0.013952797278761864,0.0
im19,0.25,huber_ab,0.0,-0.12359356880187988,0.0
im19,0.25,gradient_ab,0.0,-0.00015282630920410156,0.0
im19,0.25,lpips_vgg,0.0,0.004526223987340927,1.0
im19,0.25,convnext_perceptual,0.0,27.690711975097656,1.0
im19,0.25,dinov3_perceptual,0.0,0.0037942067719995975,1.0
im19,0.5,huber_ab,0.0,-0.2419748306274414,0.0
im19,0.5,gradient_ab,0.0,-0.0003058910369873047,0.0
im19,0.5,lpips_vgg,0.0,0.03003375232219696,1.0
im19,0.5,convnext_perceptual,0.0,46.49919128417969,1.0
im19,0.5,dinov3_perceptual,0.0,0.012145889922976494,1.0
im19,0.75,huber_ab,0.0,-0.3063364028930664,0.0
im19,0.75,gradient_ab,0.0,-0.00045871734619140625,0.0
im19,0.75,lpips_vgg,0.0,0.0330657958984375,1.0
im19,0.75,convnext_perceptual,0.0,21.70703125,1.0
im19,0.75,dinov3_perceptual,0.0,0.014438662678003311,1.0
im19,1.0,huber_ab,0.0,-0.3752784729003906,0.0
im19,1.0,gradient_ab,0.0,-0.0006117820739746094,0.0
im19,1.0,lpips_vgg,0.0,-0.020837992429733276,0.0
im19,1.0,convnext_perceptual,0.0,-458.9905700683594,0.0
im19,1.0,dinov3_perceptual,0.0,-0.009626880288124084,0.0
im191,0.25,huber_ab,-1.1920928955078125e-07,-0.00369282066822052,0.0
im191,0.25,gradient_ab,-1.1920928955078125e-07,-0.30530495941638947,0.0
im191,0.25,lpips_vgg,-1.1920928955078125e-07,-0.002015152480453253,0.0
im191,0.25,convnext_perceptual,-1.1920928955078125e-07,-22.17203426361084,0.0
im191,0.25,dinov3_perceptual,-1.1920928955078125e-07,-0.0008382673258893192,0.0
im191,0.5,huber_ab,-4.76837158203125e-07,-0.008626282215118408,0.0
im191,0.5,gradient_ab,-4.76837158203125e-07,-0.6106099188327789,0.0
im191,0.5,lpips_vgg,-4.76837158203125e-07,-0.005744059570133686,0.0
im191,0.5,convnext_perceptual,-4.76837158203125e-07,-62.805877685546875,0.0
im191,0.5,dinov3_perceptual,-4.76837158203125e-07,-0.0032492013415321708,0.0
im191,0.75,huber_ab,0.0,0.0272061824798584,1.0
im191,0.75,gradient_ab,0.0,-0.9159148037433624,0.0
im191,0.75,lpips_vgg,0.0,-0.010052068158984184,0.0
im191,0.75,convnext_perceptual,0.0,-166.91442108154297,0.0
im191,0.75,dinov3_perceptual,0.0,-0.00644146092236042,0.0
im191,1.0,huber_ab,-4.76837158203125e-07,0.10259842872619629,1.0
im191,1.0,gradient_ab,-4.76837158203125e-07,-1.2212197184562683,0.0
im191,1.0,lpips_vgg,-4.76837158203125e-07,-0.016011293977499008,0.0
im191,1.0,convnext_perceptual,-4.76837158203125e-07,-265.6308059692383,0.0
im191,1.0,dinov3_perceptual,-4.76837158203125e-07,-0.009438371751457453,0.0
im192,0.25,huber_ab,-4.76837158203125e-07,0.016570329666137695,1.0
im192,0.25,gradient_ab,-4.76837158203125e-07,0.010750025510787964,1.0
im192,0.25,lpips_vgg,-4.76837158203125e-07,0.013126827776432037,1.0
im192,0.25,convnext_perceptual,-4.76837158203125e-07,140.51519012451172,1.0
im192,0.25,dinov3_perceptual,-4.76837158203125e-07,0.001915701199322939,1.0
im192,0.5,huber_ab,-9.5367431640625e-07,-0.2250809669494629,0.0
im192,0.5,gradient_ab,-9.5367431640625e-07,0.021500051021575928,1.0
im192,0.5,lpips_vgg,-9.5367431640625e-07,0.03017307072877884,1.0
im192,0.5,convnext_perceptual,-9.5367431640625e-07,100.06166076660156,1.0
im192,0.5,dinov3_perceptual,-9.5367431640625e-07,0.0021456610411405563,1.0
im192,0.75,huber_ab,-1.9073486328125e-06,-0.38747501373291016,0.0
im192,0.75,gradient_ab,-1.9073486328125e-06,0.032250046730041504,1.0
im192,0.75,lpips_vgg,-1.9073486328125e-06,0.034756138920784,1.0
im192,0.75,convnext_perceptual,-1.9073486328125e-06,-191.16622924804688,0.0
im192,0.75,dinov3_perceptual,-1.9073486328125e-06,-0.00045925378799438477,0.0
im192,1.0,huber_ab,-1.9073486328125e-06,-0.5205059051513672,0.0
im192,1.0,gradient_ab,-1.9073486328125e-06,0.043000102043151855,1.0
im192,1.0,lpips_vgg,-1.9073486328125e-06,-0.0037580132484436035,0.0
im192,1.0,convnext_perceptual,-1.9073486328125e-06,83.75885009765625,1.0
im192,1.0,dinov3_perceptual,-1.9073486328125e-06,-0.0028838180005550385,0.0
im193,0.25,huber_ab,2.384185791015625e-07,-0.18066364526748657,0.0
im193,0.25,gradient_ab,2.384185791015625e-07,-0.19061481952667236,0.0
im193,0.25,lpips_vgg,2.384185791015625e-07,-0.0010097511112689972,0.0
im193,0.25,convnext_perceptual,2.384185791015625e-07,-4.3555908203125,0.0
im193,0.25,dinov3_perceptual,2.384185791015625e-07,0.0036182550247758627,1.0
im193,0.5,huber_ab,4.76837158203125e-07,-0.0016908645629882812,0.0
im193,0.5,gradient_ab,4.76837158203125e-07,-0.3812297582626343,0.0
im193,0.5,lpips_vgg,4.76837158203125e-07,-0.005460865795612335,0.0
im193,0.5,convnext_perceptual,4.76837158203125e-07,31.285797119140625,1.0
im193,0.5,dinov3_perceptual,4.76837158203125e-07,0.003996995277702808,1.0
im193,0.75,huber_ab,-9.5367431640625e-07,0.30475473403930664,1.0
im193,0.75,gradient_ab,-9.5367431640625e-07,-0.5718448162078857,0.0
im193,0.75,lpips_vgg,-9.5367431640625e-07,-0.027045004069805145,0.0
im193,0.75,convnext_perceptual,-9.5367431640625e-07,55.05560302734375,1.0
im193,0.75,dinov3_perceptual,-9.5367431640625e-07,-0.0028590988367795944,0.0
im193,1.0,huber_ab,9.5367431640625e-07,0.596186637878418,1.0
im193,1.0,gradient_ab,9.5367431640625e-07,-0.7624595165252686,0.0
im193,1.0,lpips_vgg,9.5367431640625e-07,-0.06605887413024902,0.0
im193,1.0,convnext_perceptual,9.5367431640625e-07,-265.9517822265625,0.0
im193,1.0,dinov3_perceptual,9.5367431640625e-07,-0.01705051213502884,0.0
im194,0.25,huber_ab,0.0,0.008845418691635132,1.0
im194,0.25,gradient_ab,0.0,-0.10984182357788086,0.0
im194,0.25,lpips_vgg,0.0,0.005191859323531389,1.0
im194,0.25,convnext_perceptual,0.0,5.412250518798828,1.0
im194,0.25,dinov3_perceptual,0.0,5.886924918740988e-05,1.0
im194,0.5,huber_ab,0.0,0.06461584568023682,1.0
im194,0.5,gradient_ab,0.0,-0.21968364715576172,0.0
im194,0.5,lpips_vgg,0.0,0.019704274833202362,1.0
im194,0.5,convnext_perceptual,0.0,-60.10066223144531,0.0
im194,0.5,dinov3_perceptual,0.0,-0.0010225498117506504,0.0
im194,0.75,huber_ab,-9.5367431640625e-07,0.0827035903930664,1.0
im194,0.75,gradient_ab,-9.5367431640625e-07,-0.3295252323150635,0.0
im194,0.75,lpips_vgg,-9.5367431640625e-07,0.03918590024113655,1.0
im194,0.75,convnext_perceptual,-9.5367431640625e-07,-293.95115661621094,0.0
im194,0.75,dinov3_perceptual,-9.5367431640625e-07,-0.0030669840052723885,0.0
im194,1.0,huber_ab,0.0,0.09657764434814453,1.0
im194,1.0,gradient_ab,0.0,-0.4393671751022339,0.0
im194,1.0,lpips_vgg,0.0,0.04569646716117859,1.0
im194,1.0,convnext_perceptual,0.0,-354.3551330566406,0.0
im194,1.0,dinov3_perceptual,0.0,-0.004002677276730537,0.0
im196,0.25,huber_ab,-7.152557373046875e-07,0.13118892908096313,1.0
im196,0.25,gradient_ab,-7.152557373046875e-07,-0.009520262479782104,0.0
im196,0.25,lpips_vgg,-7.152557373046875e-07,0.03119205404073,1.0
im196,0.25,convnext_perceptual,-7.152557373046875e-07,4.167720794677734,1.0
im196,0.25,dinov3_perceptual,-7.152557373046875e-07,0.003124082926660776,1.0
im196,0.5,huber_ab,-1.430511474609375e-06,0.39629697799682617,1.0
im196,0.5,gradient_ab,-1.430511474609375e-06,-0.019040584564208984,0.0
im196,0.5,lpips_vgg,-1.430511474609375e-06,0.06118515133857727,1.0
im196,0.5,convnext_perceptual,-1.430511474609375e-06,-71.31218719482422,0.0
im196,0.5,dinov3_perceptual,-1.430511474609375e-06,0.00433756411075592,1.0
im196,0.75,huber_ab,-1.9073486328125e-06,0.6604938507080078,1.0
im196,0.75,gradient_ab,-1.9073486328125e-06,-0.028560757637023926,0.0
im196,0.75,lpips_vgg,-1.9073486328125e-06,0.07196736335754395,1.0
im196,0.75,convnext_perceptual,-1.9073486328125e-06,-117.2177505493164,0.0
im196,0.75,dinov3_perceptual,-1.9073486328125e-06,2.4084001779556274e-06,1.0
im196,1.0,huber_ab,-3.814697265625e-06,0.9188542366027832,1.0
im196,1.0,gradient_ab,-3.814697265625e-06,-0.03808104991912842,0.0
im196,1.0,lpips_vgg,-3.814697265625e-06,0.07628895342350006,1.0
im196,1.0,convnext_perceptual,-3.814697265625e-06,-151.20521545410156,0.0
im196,1.0,dinov3_perceptual,-3.814697265625e-06,-0.008108383044600487,0.0
im197,0.25,huber_ab,0.0,-0.18771779537200928,0.0
im197,0.25,gradient_ab,0.0,-0.15434099733829498,0.0
im197,0.25,lpips_vgg,0.0,-0.0010074600577354431,0.0
im197,0.25,convnext_perceptual,0.0,-4.565096616744995,0.0
im197,0.25,dinov3_perceptual,0.0,-0.0014358812477439642,0.0
im197,0.5,huber_ab,0.0,-0.21228408813476562,0.0
im197,0.5,gradient_ab,0.0,-0.30868199467658997,0.0
im197,0.5,lpips_vgg,0.0,-0.008169732987880707,0.0
im197,0.5,convnext_perceptual,0.0,-45.800251960754395,0.0
im197,0.5,dinov3_perceptual,0.0,-0.004845072515308857,0.0
im197,0.75,huber_ab,-2.384185791015625e-06,-0.11031556129455566,0.0
im197,0.75,gradient_ab,-2.384185791015625e-06,-0.4630230665206909,0.0
im197,0.75,lpips_vgg,-2.384185791015625e-06,-0.004966363310813904,0.0
im197,0.75,convnext_perceptual,-2.384185791015625e-06,-67.5481071472168,0.0
im197,0.75,dinov3_perceptual,-2.384185791015625e-06,-0.008789595682173967,0.0
im197,1.0,huber_ab,0.0,0.008357524871826172,1.0
im197,1.0,gradient_ab,0.0,-0.6173640787601471,0.0
im197,1.0,lpips_vgg,0.0,0.004828996956348419,1.0
im197,1.0,convnext_perceptual,0.0,-42.084712982177734,0.0
im197,1.0,dinov3_perceptual,0.0,-0.013001390732824802,0.0
im198,0.25,huber_ab,-2.384185791015625e-07,0.0017070770263671875,1.0
im198,0.25,gradient_ab,-2.384185791015625e-07,-0.18699418753385544,0.0
im198,0.25,lpips_vgg,-2.384185791015625e-07,-0.0030490480130538344,0.0
im198,0.25,convnext_perceptual,-2.384185791015625e-07,-30.757417678833008,0.0
im198,0.25,dinov3_perceptual,-2.384185791015625e-07,-0.0013602066319435835,0.0
im198,0.5,huber_ab,-4.76837158203125e-07,0.07183218002319336,1.0
im198,0.5,gradient_ab,-4.76837158203125e-07,-0.37398841977119446,0.0
im198,0.5,lpips_vgg,-4.76837158203125e-07,-0.009543603286147118,0.0
im198,0.5,convnext_perceptual,-4.76837158203125e-07,-138.31675910949707,0.0
im198,0.5,dinov3_perceptual,-4.76837158203125e-07,-0.00545475457329303,0.0
im198,0.75,huber_ab,-9.5367431640625e-07,0.25762295722961426,1.0
im198,0.75,gradient_ab,-9.5367431640625e-07,-0.56098273396492,0.0
im198,0.75,lpips_vgg,-9.5367431640625e-07,-0.01632862724363804,0.0
im198,0.75,convnext_perceptual,-9.5367431640625e-07,-250.17790412902832,0.0
im198,0.75,dinov3_perceptual,-9.5367431640625e-07,-0.012629862292669713,0.0
im198,1.0,huber_ab,9.5367431640625e-07,0.4490470886230469,1.0
im198,1.0,gradient_ab,9.5367431640625e-07,-0.7479768395423889,0.0
im198,1.0,lpips_vgg,9.5367431640625e-07,-0.026942629367113113,0.0
im198,1.0,convnext_perceptual,9.5367431640625e-07,-308.0476474761963,0.0
im198,1.0,dinov3_perceptual,9.5367431640625e-07,-0.022137666819617152,0.0
im199,0.25,huber_ab,-4.76837158203125e-07,-0.022281646728515625,0.0
im199,0.25,gradient_ab,-4.76837158203125e-07,-0.1819669008255005,0.0
im199,0.25,lpips_vgg,-4.76837158203125e-07,0.011431528255343437,1.0
im199,0.25,convnext_perceptual,-4.76837158203125e-07,11.160806655883789,1.0
im199,0.25,dinov3_perceptual,-4.76837158203125e-07,0.0020053170155733824,1.0
im199,0.5,huber_ab,-9.5367431640625e-07,-0.03699684143066406,0.0
im199,0.5,gradient_ab,-9.5367431640625e-07,-0.3639337420463562,0.0
im199,0.5,lpips_vgg,-9.5367431640625e-07,0.026410363614559174,1.0
im199,0.5,convnext_perceptual,-9.5367431640625e-07,53.76405334472656,1.0
im199,0.5,dinov3_perceptual,-9.5367431640625e-07,0.0022500474005937576,1.0
im199,0.75,huber_ab,-2.86102294921875e-06,-0.03829813003540039,0.0
im199,0.75,gradient_ab,-2.86102294921875e-06,-0.5459005832672119,0.0
im199,0.75,lpips_vgg,-2.86102294921875e-06,0.019038118422031403,1.0
im199,0.75,convnext_perceptual,-2.86102294921875e-06,32.178672790527344,1.0
im199,0.75,dinov3_perceptual,-2.86102294921875e-06,-0.0026667406782507896,0.0
im199,1.0,huber_ab,0.0,-0.039765357971191406,0.0
im199,1.0,gradient_ab,0.0,-0.7278673648834229,0.0
im199,1.0,lpips_vgg,0.0,-0.005865618586540222,0.0
im199,1.0,convnext_perceptual,0.0,-137.5783233642578,0.0
im199,1.0,dinov3_perceptual,0.0,-0.010559044778347015,0.0
im2,0.25,huber_ab,0.0,0.2045891284942627,1.0
im2,0.25,gradient_ab,0.0,-0.1132926344871521,0.0
im2,0.25,lpips_vgg,0.0,-0.002081211656332016,0.0
im2,0.25,convnext_perceptual,0.0,-16.647430419921875,0.0
im2,0.25,dinov3_perceptual,0.0,-0.0012904249597340822,0.0
im2,0.5,huber_ab,0.0,0.1599888801574707,1.0
im2,0.5,gradient_ab,0.0,-0.22658509016036987,0.0
im2,0.5,lpips_vgg,0.0,-0.01191776990890503,0.0
im2,0.5,convnext_perceptual,0.0,-38.40337371826172,0.0
im2,0.5,dinov3_perceptual,0.0,-0.005597948096692562,0.0
im2,0.75,huber_ab,0.0,0.11583232879638672,1.0
im2,0.75,gradient_ab,0.0,-0.339877724647522,0.0
im2,0.75,lpips_vgg,0.0,-0.04452192783355713,0.0
im2,0.75,convnext_perceptual,0.0,-42.5299072265625,0.0
im2,0.75,dinov3_perceptual,0.0,-0.010673042386770248,0.0
im2,1.0,huber_ab,0.0,0.16383790969848633,1.0
im2,1.0,gradient_ab,0.0,-0.4531702995300293,0.0
im2,1.0,lpips_vgg,0.0,-0.09700855612754822,0.0
im2,1.0,convnext_perceptual,0.0,-98.29212951660156,0.0
im2,1.0,dinov3_perceptual,0.0,-0.014528011903166771,0.0
im20,0.25,huber_ab,-4.76837158203125e-07,0.30679142475128174,1.0
im20,0.25,gradient_ab,-4.76837158203125e-07,-0.08170363306999207,0.0
im20,0.25,lpips_vgg,-4.76837158203125e-07,-0.0015700962394475937,0.0
im20,0.25,convnext_perceptual,-4.76837158203125e-07,-191.43264770507812,0.0
im20,0.25,dinov3_perceptual,-4.76837158203125e-07,-0.0008532274514436722,0.0
im20,0.5,huber_ab,-9.5367431640625e-07,0.32043933868408203,1.0
im20,0.5,gradient_ab,-9.5367431640625e-07,-0.16340720653533936,0.0
im20,0.5,lpips_vgg,-9.5367431640625e-07,-0.004408501088619232,0.0
im20,0.5,convnext_perceptual,-9.5367431640625e-07,-466.0904541015625,0.0
im20,0.5,dinov3_perceptual,-9.5367431640625e-07,-0.003609025850892067,0.0
im20,0.75,huber_ab,-9.5367431640625e-07,0.22266674041748047,1.0
im20,0.75,gradient_ab,-9.5367431640625e-07,-0.24511069059371948,0.0
im20,0.75,lpips_vgg,-9.5367431640625e-07,-0.0030561909079551697,0.0
im20,0.75,convnext_perceptual,-9.5367431640625e-07,-657.655517578125,0.0
im20,0.75,dinov3_perceptual,-9.5367431640625e-07,-0.007126951590180397,0.0
im20,1.0,huber_ab,0.0,0.17013835906982422,1.0
im20,1.0,gradient_ab,0.0,-0.32681435346603394,0.0
im20,1.0,lpips_vgg,0.0,0.0030558109283447266,1.0
im20,1.0,convnext_perceptual,0.0,-545.4444580078125,0.0
im20,1.0,dinov3_perceptual,0.0,-0.011110879480838776,0.0
im202,0.25,huber_ab,4.76837158203125e-07,0.059693336486816406,1.0
im202,0.25,gradient_ab,4.76837158203125e-07,-0.0814509391784668,0.0
im202,0.25,lpips_vgg,4.76837158203125e-07,-0.0034008100628852844,0.0
im202,0.25,convnext_perceptual,4.76837158203125e-07,30.261962890625,1.0
im202,0.25,dinov3_perceptual,4.76837158203125e-07,0.0033079683780670166,1.0
im202,0.5,huber_ab,0.0,0.3551607131958008,1.0
im202,0.5,gradient_ab,0.0,-0.16290199756622314,0.0
im202,0.5,lpips_vgg,0.0,-0.013417497277259827,0.0
im202,0.5,convnext_perceptual,0.0,-112.63558959960938,0.0
im202,0.5,dinov3_perceptual,0.0,-0.0009004063904285431,0.0
im202,0.75,huber_ab,0.0,0.663970947265625,1.0
im202,0.75,gradient_ab,0.0,-0.24435293674468994,0.0
im202,0.75,lpips_vgg,0.0,-0.01315876841545105,0.0
im202,0.75,convnext_perceptual,0.0,-154.08706665039062,0.0
im202,0.75,dinov3_perceptual,0.0,-0.011038992553949356,0.0
im202,1.0,huber_ab,-1.9073486328125e-06,0.9583263397216797,1.0
im202,1.0,gradient_ab,-1.9073486328125e-06,-0.3258039951324463,0.0
im202,1.0,lpips_vgg,-1.9073486328125e-06,-0.02017238736152649,0.0
im202,1.0,convnext_perceptual,-1.9073486328125e-06,11.445556640625,1.0
im202,1.0,dinov3_perceptual,-1.9073486328125e-06,-0.02309880405664444,0.0
im21,0.25,huber_ab,-4.76837158203125e-07,-0.020789146423339844,0.0
im21,0.25,gradient_ab,-4.76837158203125e-07,-0.10519641637802124,0.0
im21,0.25,lpips_vgg,-4.76837158203125e-07,0.013385742902755737,1.0
im21,0.25,convnext_perceptual,-4.76837158203125e-07,11.491142272949219,1.0
im21,0.25,dinov3_perceptual,-4.76837158203125e-07,0.0005904878489673138,1.0
im21,0.5,huber_ab,-9.5367431640625e-07,0.15612411499023438,1.0
im21,0.5,gradient_ab,-9.5367431640625e-07,-0.21039283275604248,0.0
im21,0.5,lpips_vgg,-9.5367431640625e-07,0.031052447855472565,1.0
im21,0.5,convnext_perceptual,-9.5367431640625e-07,32.954673767089844,1.0
im21,0.5,dinov3_perceptual,-9.5367431640625e-07,-8.432846516370773e-05,0.0
im21,0.75,huber_ab,0.0,0.4269547462463379,1.0
im21,0.75,gradient_ab,0.0,-0.3155893087387085,0.0
im21,0.75,lpips_vgg,0.0,0.05044783651828766,1.0
im21,0.75,convnext_perceptual,0.0,44.413604736328125,1.0
im21,0.75,dinov3_perceptual,0.0,-0.001377420499920845,0.0
im21,1.0,huber_ab,-1.9073486328125e-06,0.7114696502685547,1.0
im21,1.0,gradient_ab,-1.9073486328125e-06,-0.4207857847213745,0.0
im21,1.0,lpips_vgg,-1.9073486328125e-06,0.06410852074623108,1.0
im21,1.0,convnext_perceptual,-1.9073486328125e-06,45.405609130859375,1.0
im21,1.0,dinov3_perceptual,-1.9073486328125e-06,-0.0029770825058221817,0.0
im22,0.25,huber_ab,-1.9073486328125e-06,0.1305828094482422,1.0
im22,0.25,gradient_ab,-1.9073486328125e-06,-0.15623849630355835,0.0
im22,0.25,lpips_vgg,-1.9073486328125e-06,-0.010756902396678925,0.0
im22,0.25,convnext_perceptual,-1.9073486328125e-06,19.852272033691406,1.0
im22,0.25,dinov3_perceptual,-1.9073486328125e-06,0.0014016414061188698,1.0
im22,0.5,huber_ab,-3.814697265625e-06,0.47730159759521484,1.0
im22,0.5,gradient_ab,-3.814697265625e-06,-0.3124769926071167,0.0
im22,0.5,lpips_vgg,-3.814697265625e-06,-0.051329538226127625,0.0
im22,0.5,convnext_perceptual,-3.814697265625e-06,-119.875732421875,0.0
im22,0.5,dinov3_perceptual,-3.814697265625e-06,-0.004018248990178108,0.0
im22,0.75,huber_ab,-5.7220458984375e-06,0.8262138366699219,1.0
im22,0.75,gradient_ab,-5.7220458984375e-06,-0.4687155485153198,0.0
im22,0.75,lpips_vgg,-5.7220458984375e-06,-0.1252061426639557,0.0
im22,0.75,convnext_perceptual,-5.7220458984375e-06,-308.5509338378906,0.0
im22,0.75,dinov3_perceptual,-5.7220458984375e-06,-0.025395244359970093,0.0
im22,1.0,huber_ab,-7.62939453125e-06,1.1640243530273438,1.0
im22,1.0,gradient_ab,-7.62939453125e-06,-0.6249539852142334,0.0
im22,1.0,lpips_vgg,-7.62939453125e-06,-0.1649477481842041,0.0
im22,1.0,convnext_perceptual,-7.62939453125e-06,-114.0032958984375,0.0
im22,1.0,dinov3_perceptual,-7.62939453125e-06,-0.031271956861019135,0.0
im23,0.25,huber_ab,0.0,-0.004340410232543945,0.0
im23,0.25,gradient_ab,0.0,-0.5545967817306519,0.0
im23,0.25,lpips_vgg,0.0,-0.023516393266618252,0.0
im23,0.25,convnext_perceptual,0.0,-20.94008731842041,0.0
im23,0.25,dinov3_perceptual,0.0,-0.004054718418046832,0.0
im23,0.5,huber_ab,0.0,0.310882568359375,1.0
im23,0.5,gradient_ab,0.0,-1.1091935634613037,0.0
im23,0.5,lpips_vgg,0.0,-0.06816210970282555,0.0
im23,0.5,convnext_perceptual,0.0,-334.71644592285156,0.0
im23,0.5,dinov3_perceptual,0.0,-0.014452493749558926,0.0
im23,0.75,huber_ab,0.0,0.6259117126464844,1.0
im23,0.75,gradient_ab,0.0,-1.6637904644012451,0.0
im23,0.75,lpips_vgg,0.0,-0.10982325673103333,0.0
im23,0.75,convnext_perceptual,0.0,-376.4466323852539,0.0
im23,0.75,dinov3_perceptual,0.0,-0.027104739099740982,0.0
im23,1.0,huber_ab,0.0,0.9198160171508789,1.0
im23,1.0,gradient_ab,0.0,-2.2183873653411865,0.0
im23,1.0,lpips_vgg,0.0,-0.13971948623657227,0.0
im23,1.0,convnext_perceptual,0.0,-325.03363037109375,0.0
im23,1.0,dinov3_perceptual,0.0,-0.040269967168569565,0.0
im24,0.25,huber_ab,0.0,0.13422644138336182,1.0
im24,0.25,gradient_ab,0.0,-0.020206570625305176,0.0
im24,0.25,lpips_vgg,0.0,0.005969963036477566,1.0
im24,0.25,convnext_perceptual,0.0,-0.23788070678710938,0.0
im24,0.25,dinov3_perceptual,0.0,0.0056966792326420546,1.0
im24,0.5,huber_ab,-2.384185791015625e-07,0.31439363956451416,1.0
im24,0.5,gradient_ab,-2.384185791015625e-07,-0.04041314125061035,0.0
im24,0.5,lpips_vgg,-2.384185791015625e-07,0.004088742658495903,1.0
im24,0.5,convnext_perceptual,-2.384185791015625e-07,-23.134979248046875,0.0
im24,0.5,dinov3_perceptual,-2.384185791015625e-07,0.013198468368500471,1.0
im24,0.75,huber_ab,-4.76837158203125e-07,0.392248272895813,1.0
im24,0.75,gradient_ab,-4.76837158203125e-07,-0.06061971187591553,0.0
im24,0.75,lpips_vgg,-4.76837158203125e-07,-0.011761441826820374,0.0
im24,0.75,convnext_perceptual,-4.76837158203125e-07,-85.91729736328125,0.0
im24,0.75,dinov3_perceptual,-4.76837158203125e-07,0.01669728383421898,1.0
im24,1.0,huber_ab,4.76837158203125e-07,0.4119400978088379,1.0
im24,1.0,gradient_ab,4.76837158203125e-07,-0.08082622289657593,0.0
im24,1.0,lpips_vgg,4.76837158203125e-07,-0.057943716645240784,0.0
im24,1.0,convnext_perceptual,4.76837158203125e-07,-368.1700134277344,0.0
im24,1.0,dinov3_perceptual,4.76837158203125e-07,0.013762272894382477,1.0
im25,0.25,huber_ab,0.0,0.037576377391815186,1.0
im25,0.25,gradient_ab,0.0,-0.11348259449005127,0.0
im25,0.25,lpips_vgg,0.0,-0.001459985040128231,0.0
im25,0.25,convnext_perceptual,0.0,-6.601531744003296,0.0
im25,0.25,dinov3_perceptual,0.0,-0.0007278667762875557,0.0
im25,0.5,huber_ab,0.0,0.14888393878936768,1.0
im25,0.5,gradient_ab,0.0,-0.22696524858474731,0.0
im25,0.5,lpips_vgg,0.0,-0.01438986137509346,0.0
im25,0.5,convnext_perceptual,0.0,-48.60810565948486,0.0
im25,0.5,dinov3_perceptual,0.0,-0.004687734413892031,0.0
im25,0.75,huber_ab,-4.76837158203125e-07,0.2561624050140381,1.0
im25,0.75,gradient_ab,-4.76837158203125e-07,-0.34044790267944336,0.0
im25,0.75,lpips_vgg,-4.76837158203125e-07,-0.03449156880378723,0.0
im25,0.75,convnext_perceptual,-4.76837158203125e-07,-117.30623054504395,0.0
im25,0.75,dinov3_perceptual,-4.76837158203125e-07,-0.01083837728947401,0.0
im25,1.0,huber_ab,0.0,0.3527529239654541,1.0
im25,1.0,gradient_ab,0.0,-0.4539305567741394,0.0
im25,1.0,lpips_vgg,0.0,-0.052922822535037994,0.0
im25,1.0,convnext_perceptual,0.0,-167.53369140625,0.0
im25,1.0,dinov3_perceptual,0.0,-0.01570205856114626,0.0
im26,0.25,huber_ab,-9.5367431640625e-07,-0.5568451881408691,0.0
im26,0.25,gradient_ab,-9.5367431640625e-07,-0.02618199586868286,0.0
im26,0.25,lpips_vgg,-9.5367431640625e-07,0.015352189540863037,1.0
im26,0.25,convnext_perceptual,-9.5367431640625e-07,19.07049560546875,1.0
im26,0.25,dinov3_perceptual,-9.5367431640625e-07,0.0029918430373072624,1.0
im26,0.5,huber_ab,0.0,-0.9754514694213867,0.0
im26,0.5,gradient_ab,0.0,-0.05236399173736572,0.0
im26,0.5,lpips_vgg,0.0,0.06417112052440643,1.0
im26,0.5,convnext_perceptual,0.0,-18.768585205078125,0.0
im26,0.5,dinov3_perceptual,0.0,0.0031528789550065994,1.0
im26,0.75,huber_ab,-3.814697265625e-06,-1.3889122009277344,0.0
im26,0.75,gradient_ab,-3.814697265625e-06,-0.07854604721069336,0.0
im26,0.75,lpips_vgg,-3.814697265625e-06,0.1176200807094574,1.0
im26,0.75,convnext_perceptual,-3.814697265625e-06,72.14822387695312,1.0
im26,0.75,dinov3_perceptual,-3.814697265625e-06,-0.0027228854596614838,0.0
im26,1.0,huber_ab,0.0,-1.8170223236083984,0.0
im26,1.0,gradient_ab,0.0,-0.10472798347473145,0.0
im26,1.0,lpips_vgg,0.0,-0.041275084018707275,0.0
im26,1.0,convnext_perceptual,0.0,-98.901123046875,0.0
im26,1.0,dinov3_perceptual,0.0,-0.018281936645507812,0.0
im28,0.25,huber_ab,0.0,0.038013339042663574,1.0
im28,0.25,gradient_ab,0.0,-0.12356323003768921,0.0
im28,0.25,lpips_vgg,0.0,0.02380400151014328,1.0
im28,0.25,convnext_perceptual,0.0,-51.303181648254395,0.0
im28,0.25,dinov3_perceptual,0.0,-0.0008260414469987154,0.0
im28,0.5,huber_ab,0.0,0.30451297760009766,1.0
im28,0.5,gradient_ab,0.0,-0.2471265345811844,0.0
im28,0.5,lpips_vgg,0.0,0.06204783916473389,1.0
im28,0.5,convnext_perceptual,0.0,-126.1778335571289,0.0
im28,0.5,dinov3_perceptual,0.0,-0.0030378801748156548,0.0
im28,0.75,huber_ab,0.0,0.6300725936889648,1.0
im28,0.75,gradient_ab,0.0,-0.3706898093223572,0.0
im28,0.75,lpips_vgg,0.0,0.09082169830799103,1.0
im28,0.75,convnext_perceptual,0.0,-125.88716125488281,0.0
im28,0.75,dinov3_perceptual,0.0,-0.0103694386780262,0.0
im28,1.0,huber_ab,-1.9073486328125e-06,0.9079933166503906,1.0
im28,1.0,gradient_ab,-1.9073486328125e-06,-0.4942530393600464,0.0
im28,1.0,lpips_vgg,-1.9073486328125e-06,0.09965386986732483,1.0
im28,1.0,convnext_perceptual,-1.9073486328125e-06,-145.8934326171875,0.0
im28,1.0,dinov3_perceptual,-1.9073486328125e-06,-0.025444600731134415,0.0
im29,0.25,huber_ab,1.1920928955078125e-07,-0.003397032618522644,0.0
im29,0.25,gradient_ab,1.1920928955078125e-07,-0.032989501953125,0.0
im29,0.25,lpips_vgg,1.1920928955078125e-07,0.00046559330075979233,1.0
im29,0.25,convnext_perceptual,1.1920928955078125e-07,1.4680652618408203,1.0
im29,0.25,dinov3_perceptual,1.1920928955078125e-07,0.0011710311518982053,1.0
im29,0.5,huber_ab,2.384185791015625e-07,-0.04110234975814819,0.0
im29,0.5,gradient_ab,2.384185791015625e-07,-0.06597900390625,0.0
im29,0.5,lpips_vgg,2.384185791015625e-07,-0.0007479377090930939,0.0
im29,0.5,convnext_perceptual,2.384185791015625e-07,27.954875946044922,1.0
im29,0.5,dinov3_perceptual,2.384185791015625e-07,0.0032593258656561375,1.0
im29,0.75,huber_ab,4.76837158203125e-07,-0.08775103092193604,0.0
im29,0.75,gradient_ab,4.76837158203125e-07,-0.098968505859375,0.0
im29,0.75,lpips_vgg,4.76837158203125e-07,-0.007982343435287476,0.0
im29,0.75,convnext_perceptual,4.76837158203125e-07,61.06227493286133,1.0
im29,0.75,dinov3_perceptual,4.76837158203125e-07,0.002262822352349758,1.0
im29,1.0,huber_ab,4.76837158203125e-07,-0.12497830390930176,0.0
im29,1.0,gradient_ab,4.76837158203125e-07,-0.13195788860321045,0.0
im29,1.0,lpips_vgg,4.76837158203125e-07,-0.011484898626804352,0.0
im29,1.0,convnext_perceptual,4.76837158203125e-07,-50.92181396484375,0.0
im29,1.0,dinov3_perceptual,4.76837158203125e-07,-0.0020127929747104645,0.0
im3,0.25,huber_ab,9.5367431640625e-07,-0.16340899467468262,0.0
im3,0.25,gradient_ab,9.5367431640625e-07,-0.19696104526519775,0.0
im3,0.25,lpips_vgg,9.5367431640625e-07,0.01154324971139431,1.0
im3,0.25,convnext_perceptual,9.5367431640625e-07,-17.96369218826294,0.0
im3,0.25,dinov3_perceptual,9.5367431640625e-07,0.0029578061075881124,1.0
im3,0.5,huber_ab,9.5367431640625e-07,-0.3775672912597656,0.0
im3,0.5,gradient_ab,9.5367431640625e-07,-0.39392226934432983,0.0
im3,0.5,lpips_vgg,9.5367431640625e-07,0.019529208540916443,1.0
im3,0.5,convnext_perceptual,9.5367431640625e-07,-54.150447845458984,0.0
im3,0.5,dinov3_perceptual,9.5367431640625e-07,0.0036405259743332863,1.0
im3,0.75,huber_ab,9.5367431640625e-07,-0.6003742218017578,0.0
im3,0.75,gradient_ab,9.5367431640625e-07,-0.5908833146095276,0.0
im3,0.75,lpips_vgg,9.5367431640625e-07,-0.0002663731575012207,0.0
im3,0.75,convnext_perceptual,9.5367431640625e-07,-28.748929977416992,0.0
im3,0.75,dinov3_perceptual,9.5367431640625e-07,-0.002864355221390724,0.0
im3,1.0,huber_ab,0.0,-0.8271503448486328,0.0
im3,1.0,gradient_ab,0.0,-0.7878446578979492,0.0
im3,1.0,lpips_vgg,0.0,-0.03409838676452637,0.0
im3,1.0,convnext_perceptual,0.0,-27.723861694335938,0.0
im3,1.0,dinov3_perceptual,0.0,-0.011897522956132889,0.0
im30,0.25,huber_ab,9.5367431640625e-07,-0.1166384220123291,0.0
im30,0.25,gradient_ab,9.5367431640625e-07,0.09087777137756348,1.0
im30,0.25,lpips_vgg,9.5367431640625e-07,0.007178019732236862,1.0
im30,0.25,convnext_perceptual,9.5367431640625e-07,11.742218017578125,1.0
im30,0.25,dinov3_perceptual,9.5367431640625e-07,0.002857679035514593,1.0
im30,0.5,huber_ab,9.5367431640625e-07,0.025371551513671875,1.0
im30,0.5,gradient_ab,9.5367431640625e-07,0.18175554275512695,1.0
im30,0.5,lpips_vgg,9.5367431640625e-07,0.012211516499519348,1.0
im30,0.5,convnext_perceptual,9.5367431640625e-07,30.48468780517578,1.0
im30,0.5,dinov3_perceptual,9.5367431640625e-07,0.006619998253881931,1.0
im30,0.75,huber_ab,3.814697265625e-06,0.19938278198242188,1.0
im30,0.75,gradient_ab,3.814697265625e-06,0.27263343334198,1.0
im30,0.75,lpips_vgg,3.814697265625e-06,-0.008845686912536621,0.0
im30,0.75,convnext_perceptual,3.814697265625e-06,32.20670700073242,1.0
im30,0.75,dinov3_perceptual,3.814697265625e-06,0.0037978645414114,1.0
im30,1.0,huber_ab,3.814697265625e-06,0.37790584564208984,1.0
im30,1.0,gradient_ab,3.814697265625e-06,0.3635110855102539,1.0
im30,1.0,lpips_vgg,3.814697265625e-06,-0.07494795322418213,0.0
im30,1.0,convnext_perceptual,3.814697265625e-06,-107.68830108642578,0.0
im30,1.0,dinov3_perceptual,3.814697265625e-06,0.0028088167309761047,1.0
im31,0.25,huber_ab,-2.384185791015625e-07,0.020644664764404297,1.0
im31,0.25,gradient_ab,-2.384185791015625e-07,-0.2795351892709732,0.0
im31,0.25,lpips_vgg,-2.384185791015625e-07,-0.010307097807526588,0.0
im31,0.25,convnext_perceptual,-2.384185791015625e-07,-18.376397132873535,0.0
im31,0.25,dinov3_perceptual,-2.384185791015625e-07,-0.00266269373241812,0.0
im31,0.5,huber_ab,4.76837158203125e-07,0.1670522689819336,1.0
im31,0.5,gradient_ab,4.76837158203125e-07,-0.559070348739624,0.0
im31,0.5,lpips_vgg,4.76837158203125e-07,-0.030600685626268387,0.0
im31,0.5,convnext_perceptual,4.76837158203125e-07,-49.87906837463379,0.0
im31,0.5,dinov3_perceptual,4.76837158203125e-07,-0.009879434015601873,0.0
im31,0.75,huber_ab,0.0,0.35504674911499023,1.0
im31,0.75,gradient_ab,0.0,-0.8386057615280151,0.0
im31,0.75,lpips_vgg,0.0,-0.044990092515945435,0.0
im31,0.75,convnext_perceptual,0.0,-138.56287384033203,0.0
im31,0.75,dinov3_perceptual,0.0,-0.016934276558458805,0.0
im31,1.0,huber_ab,9.5367431640625e-07,0.5300436019897461,1.0
im31,1.0,gradient_ab,9.5367431640625e-07,-1.1181409358978271,0.0
im31,1.0,lpips_vgg,9.5367431640625e-07,-0.04329022765159607,0.0
im31,1.0,convnext_perceptual,9.5367431640625e-07,-138.68978118896484,0.0
im31,1.0,dinov3_perceptual,9.5367431640625e-07,-0.021715179085731506,0.0
im33,0.25,huber_ab,2.384185791015625e-07,-0.011565923690795898,0.0
im33,0.25,gradient_ab,2.384185791015625e-07,-0.4048546701669693,0.0
im33,0.25,lpips_vgg,2.384185791015625e-07,-0.003515693126246333,0.0
im33,0.25,convnext_perceptual,2.384185791015625e-07,-5.822024345397949,0.0
im33,0.25,dinov3_perceptual,2.384185791015625e-07,-0.0012836753157898784,0.0
im33,0.5,huber_ab,0.0,0.10908269882202148,1.0
im33,0.5,gradient_ab,0.0,-0.8097091317176819,0.0
im33,0.5,lpips_vgg,0.0,-0.011750728823244572,0.0
im33,0.5,convnext_perceptual,0.0,-26.012929916381836,0.0
im33,0.5,dinov3_perceptual,0.0,-0.004135898547247052,0.0
im33,0.75,huber_ab,-4.76837158203125e-07,0.25488030910491943,1.0
im33,0.75,gradient_ab,-4.76837158203125e-07,-1.2145636081695557,0.0
im33,0.75,lpips_vgg,-4.76837158203125e-07,-0.023833896964788437,0.0
im33,0.75,convnext_perceptual,-4.76837158203125e-07,-54.209285736083984,0.0
im33,0.75,dinov3_perceptual,-4.76837158203125e-07,-0.007778104394674301,0.0
im33,1.0,huber_ab,9.5367431640625e-07,0.3780238628387451,1.0
im33,1.0,gradient_ab,9.5367431640625e-07,-1.6194180846214294,0.0
im33,1.0,lpips_vgg,9.5367431640625e-07,-0.03712725639343262,0.0
im33,1.0,convnext_perceptual,9.5367431640625e-07,-97.19105911254883,0.0
im33,1.0,dinov3_perceptual,9.5367431640625e-07,-0.01127147302031517,0.0
im34,0.25,huber_ab,2.384185791015625e-07,-0.013104528188705444,0.0
im34,0.25,gradient_ab,2.384185791015625e-07,-0.13432645797729492,0.0
im34,0.25,lpips_vgg,2.384185791015625e-07,0.002174047753214836,1.0
im34,0.25,convnext_perceptual,2.384185791015625e-07,-8.74187707901001,0.0
im34,0.25,dinov3_perceptual,2.384185791015625e-07,0.00047878111945465207,1.0
im34,0.5,huber_ab,4.76837158203125e-07,0.06034290790557861,1.0
im34,0.5,gradient_ab,4.76837158203125e-07,-0.26865285634994507,0.0
im34,0.5,lpips_vgg,4.76837158203125e-07,0.0005322247743606567,1.0
im34,0.5,convnext_perceptual,4.76837158203125e-07,-8.500877380371094,0.0
im34,0.5,dinov3_perceptual,4.76837158203125e-07,0.00020838715136051178,1.0
im34,0.75,huber_ab,4.76837158203125e-07,0.13742709159851074,1.0
im34,0.75,gradient_ab,4.76837158203125e-07,-0.4029792547225952,0.0
im34,0.75,lpips_vgg,4.76837158203125e-07,-0.011426568031311035,0.0
im34,0.75,convnext_perceptual,4.76837158203125e-07,2.056781768798828,1.0
im34,0.75,dinov3_perceptual,4.76837158203125e-07,-0.004093756899237633,0.0
im34,1.0,huber_ab,9.5367431640625e-07,0.20894432067871094,1.0
im34,1.0,gradient_ab,9.5367431640625e-07,-0.5373058319091797,0.0
im34,1.0,lpips_vgg,9.5367431640625e-07,-0.036485932767391205,0.0
im34,1.0,convnext_perceptual,9.5367431640625e-07,-103.9100570678711,0.0
im34,1.0,dinov3_perceptual,9.5367431640625e-07,-0.012492218054831028,0.0
im35,0.25,huber_ab,-1.1920928955078125e-07,-0.018598824739456177,0.0
im35,0.25,gradient_ab,-1.1920928955078125e-07,-0.2286021113395691,0.0
im35,0.25,lpips_vgg,-1.1920928955078125e-07,-0.004051187075674534,0.0
im35,0.25,convnext_perceptual,-1.1920928955078125e-07,-20.434621334075928,0.0
im35,0.25,dinov3_perceptual,-1.1920928955078125e-07,-0.0007592136389575899,0.0
im35,0.5,huber_ab,-2.384185791015625e-07,-0.038536787033081055,0.0
im35,0.5,gradient_ab,-2.384185791015625e-07,-0.4572042375802994,0.0
im35,0.5,lpips_vgg,-2.384185791015625e-07,-0.01602497324347496,0.0
im35,0.5,convnext_perceptual,-2.384185791015625e-07,-96.45548593997955,0.0
im35,0.5,dinov3_perceptual,-2.384185791015625e-07,-0.003488986345473677,0.0
im35,0.75,huber_ab,-2.384185791015625e-07,0.026601791381835938,1.0
im35,0.75,gradient_ab,-2.384185791015625e-07,-0.6858062148094177,0.0
im35,0.75,lpips_vgg,-2.384185791015625e-07,-0.030658887699246407,0.0
im35,0.75,convnext_perceptual,-2.384185791015625e-07,-112.36266136169434,0.0
im35,0.75,dinov3_perceptual,-2.384185791015625e-07,-0.008784951642155647,0.0
im35,1.0,huber_ab,-4.76837158203125e-07,0.12272214889526367,1.0
im35,1.0,gradient_ab,-4.76837158203125e-07,-0.9144084453582764,0.0
im35,1.0,lpips_vgg,-4.76837158203125e-07,-0.044799160212278366,0.0
im35,1.0,convnext_perceptual,-4.76837158203125e-07,-73.89667987823486,0.0
im35,1.0,dinov3_perceptual,-4.76837158203125e-07,-0.013963565928861499,0.0
im36,0.25,huber_ab,0.0,-0.015469282865524292,0.0
im36,0.25,gradient_ab,0.0,-0.09380507469177246,0.0
im36,0.25,lpips_vgg,0.0,0.0013207076117396355,1.0
im36,0.25,convnext_perceptual,0.0,9.727273941040039,1.0
im36,0.25,dinov3_perceptual,0.0,0.0006455485709011555,1.0
im36,0.5,huber_ab,0.0,-0.003161907196044922,0.0
im36,0.5,gradient_ab,0.0,-0.18761014938354492,0.0
im36,0.5,lpips_vgg,0.0,-0.00027857348322868347,0.0
im36,0.5,convnext_perceptual,0.0,-32.894676208496094,0.0
im36,0.5,dinov3_perceptual,0.0,0.0011470236349850893,1.0
im36,0.75,huber_ab,4.76837158203125e-07,0.15863466262817383,1.0
im36,0.75,gradient_ab,4.76837158203125e-07,-0.28141534328460693,0.0
im36,0.75,lpips_vgg,4.76837158203125e-07,-0.008867550641298294,0.0
im36,0.75,convnext_perceptual,4.76837158203125e-07,-154.35641479492188,0.0
im36,0.75,dinov3_perceptual,4.76837158203125e-07,-0.002200912684202194,0.0
im36,1.0,huber_ab,0.0,0.34435606002807617,1.0
im36,1.0,gradient_ab,0.0,-0.37522029876708984,0.0
im36,1.0,lpips_vgg,0.0,-0.021819420158863068,0.0
im36,1.0,convnext_perceptual,0.0,-451.2274475097656,0.0
im36,1.0,dinov3_perceptual,0.0,-0.007451710291206837,0.0
im37,0.25,huber_ab,-4.76837158203125e-07,-0.05239558219909668,0.0
im37,0.25,gradient_ab,-4.76837158203125e-07,-0.08111268281936646,0.0
im37,0.25,lpips_vgg,-4.76837158203125e-07,0.01910552568733692,1.0
im37,0.25,convnext_perceptual,-4.76837158203125e-07,-11.534149169921875,0.0
im37,0.25,dinov3_perceptual,-4.76837158203125e-07,0.0024610240943729877,1.0
im37,0.5,huber_ab,-9.5367431640625e-07,-0.07900428771972656,0.0
im37,0.5,gradient_ab,-9.5367431640625e-07,-0.16222548484802246,0.0
im37,0.5,lpips_vgg,-9.5367431640625e-07,0.044176552444696426,1.0
im37,0.5,convnext_perceptual,-9.5367431640625e-07,152.195556640625,1.0
im37,0.5,dinov3_perceptual,-9.5367431640625e-07,0.008404829539358616,1.0
im37,0.75,huber_ab,0.0,-0.13945579528808594,0.0
im37,0.75,gradient_ab,0.0,-0.24333834648132324,0.0
im37,0.75,lpips_vgg,0.0,0.008909881114959717,1.0
im37,0.75,convnext_perceptual,0.0,174.2748565673828,1.0
im37,0.75,dinov3_perceptual,0.0,0.008543558418750763,1.0
im37,1.0,huber_ab,-1.9073486328125e-06,-0.20366859436035156,0.0
im37,1.0,gradient_ab,-1.9073486328125e-06,-0.324451208114624,0.0
im37,1.0,lpips_vgg,-1.9073486328125e-06,-0.09217864274978638,0.0
im37,1.0,convnext_perceptual,-1.9073486328125e-06,-280.48834228515625,0.0
im37,1.0,dinov3_perceptual,-1.9073486328125e-06,-0.00612032413482666,0.0
im38,0.25,huber_ab,0.0,0.00013402104377746582,1.0
im38,0.25,gradient_ab,0.0,-0.2912740111351013,0.0
im38,0.25,lpips_vgg,0.0,-0.00420130230486393,0.0
im38,0.25,convnext_perceptual,0.0,-21.224468231201172,0.0
im38,0.25,dinov3_perceptual,0.0,-0.0013686573947779834,0.0
im38,0.5,huber_ab,0.0,0.022271335124969482,1.0
im38,0.5,gradient_ab,0.0,-0.5825478881597519,0.0
im38,0.5,lpips_vgg,0.0,-0.009819051250815392,0.0
im38,0.5,convnext_perceptual,0.0,-74.37538528442383,0.0
im38,0.5,dinov3_perceptual,0.0,-0.004634391982108355,0.0
im38,0.75,huber_ab,-4.76837158203125e-07,0.09354066848754883,1.0
im38,0.75,gradient_ab,-4.76837158203125e-07,-0.8738218247890472,0.0
im38,0.75,lpips_vgg,-4.76837158203125e-07,-0.012789648026227951,0.0
im38,0.75,convnext_perceptual,-4.76837158203125e-07,-119.28044128417969,0.0
im38,0.75,dinov3_perceptual,-4.76837158203125e-07,-0.007654211483895779,0.0
im38,1.0,huber_ab,-4.76837158203125e-07,0.18549776077270508,1.0
im38,1.0,gradient_ab,-4.76837158203125e-07,-1.1650958061218262,0.0
im38,1.0,lpips_vgg,-4.76837158203125e-07,-0.012709476053714752,0.0
im38,1.0,convnext_perceptual,-4.76837158203125e-07,-168.78640747070312,0.0
im38,1.0,dinov3_perceptual,-4.76837158203125e-07,-0.00959869660437107,0.0
im39,0.25,huber_ab,0.0,0.3721342086791992,1.0
im39,0.25,gradient_ab,0.0,0.04162323474884033,1.0
im39,0.25,lpips_vgg,0.0,0.0025513917207717896,1.0
im39,0.25,convnext_perceptual,0.0,-47.42776966094971,0.0
im39,0.25,dinov3_perceptual,0.0,6.380211561918259e-05,1.0
im39,0.5,huber_ab,0.0,0.5773749351501465,1.0
im39,0.5,gradient_ab,0.0,0.08324646949768066,1.0
im39,0.5,lpips_vgg,0.0,0.017094343900680542,1.0
im39,0.5,convnext_perceptual,0.0,-50.06583595275879,0.0
im39,0.5,dinov3_perceptual,0.0,0.0033052582293748856,1.0
im39,0.75,huber_ab,0.0,0.7729768753051758,1.0
im39,0.75,gradient_ab,0.0,0.1248699426651001,1.0
im39,0.75,lpips_vgg,0.0,-0.02399083971977234,0.0
im39,0.75,convnext_perceptual,0.0,-73.58748817443848,0.0
im39,0.75,dinov3_perceptual,0.0,-0.00012988224625587463,0.0
im39,1.0,huber_ab,0.0,0.9810199737548828,1.0
im39,1.0,gradient_ab,0.0,0.16649317741394043,1.0
im39,1.0,lpips_vgg,0.0,-0.046697139739990234,0.0
im39,1.0,convnext_perceptual,0.0,-49.574893951416016,0.0
im39,1.0,dinov3_perceptual,0.0,-0.0024080052971839905,0.0
im40,0.25,huber_ab,0.0,-0.6091086864471436,0.0
im40,0.25,gradient_ab,0.0,-0.14659038186073303,0.0
im40,0.25,lpips_vgg,0.0,0.026879653334617615,1.0
im40,0.25,convnext_perceptual,0.0,-22.9735107421875,0.0
im40,0.25,dinov3_perceptual,0.0,0.00199032761156559,1.0
im40,0.5,huber_ab,0.0,-0.8993077278137207,0.0
im40,0.5,gradient_ab,0.0,-0.29318076372146606,0.0
im40,0.5,lpips_vgg,0.0,0.04223262518644333,1.0
im40,0.5,convnext_perceptual,0.0,-29.213821411132812,0.0
im40,0.5,dinov3_perceptual,0.0,0.003329675644636154,1.0
im40,0.75,huber_ab,0.0,-1.1857318878173828,0.0
im40,0.75,gradient_ab,0.0,-0.4397711753845215,0.0
im40,0.75,lpips_vgg,0.0,0.04125967621803284,1.0
im40,0.75,convnext_perceptual,0.0,-218.63577270507812,0.0
im40,0.75,dinov3_perceptual,0.0,0.0014384575188159943,1.0
im40,1.0,huber_ab,0.0,-1.4886493682861328,0.0
im40,1.0,gradient_ab,0.0,-0.5863615274429321,0.0
im40,1.0,lpips_vgg,0.0,-0.03985211253166199,0.0
im40,1.0,convnext_perceptual,0.0,-254.73684692382812,0.0
im40,1.0,dinov3_perceptual,0.0,-0.013013901188969612,0.0
im41,0.25,huber_ab,0.0,-0.018796324729919434,0.0
im41,0.25,gradient_ab,0.0,-0.061566680669784546,0.0
im41,0.25,lpips_vgg,0.0,0.026132555678486824,1.0
im41,0.25,convnext_perceptual,0.0,-50.942214012145996,0.0
im41,0.25,dinov3_perceptual,0.0,0.004250547615811229,1.0
im41,0.5,huber_ab,0.0,-0.3910641670227051,0.0
im41,0.5,gradient_ab,0.0,-0.12313336133956909,0.0
im41,0.5,lpips_vgg,0.0,0.07177726924419403,1.0
im41,0.5,convnext_perceptual,0.0,-82.27254486083984,0.0
im41,0.5,dinov3_perceptual,0.0,0.007176449988037348,1.0
im41,0.75,huber_ab,-9.5367431640625e-07,-0.8786396980285645,0.0
im41,0.75,gradient_ab,-9.5367431640625e-07,-0.1846998929977417,0.0
im41,0.75,lpips_vgg,-9.5367431640625e-07,0.09997068345546722,1.0
im41,0.75,convnext_perceptual,-9.5367431640625e-07,-99.42696380615234,0.0
im41,0.75,dinov3_perceptual,-9.5367431640625e-07,0.003967169672250748,1.0
im41,1.0,huber_ab,0.0,-1.3575525283813477,0.0
im41,1.0,gradient_ab,0.0,-0.24626648426055908,0.0
im41,1.0,lpips_vgg,0.0,0.10485631227493286,1.0
im41,1.0,convnext_perceptual,0.0,-31.107666015625,0.0
im41,1.0,dinov3_perceptual,0.0,-0.0028413087129592896,0.0
im42,0.25,huber_ab,0.0,0.0554354190826416,1.0
im42,0.25,gradient_ab,0.0,0.016358360648155212,1.0
im42,0.25,lpips_vgg,0.0,0.0016383565962314606,1.0
im42,0.25,convnext_perceptual,0.0,93.96670532226562,1.0
im42,0.25,dinov3_perceptual,0.0,0.0006749285385012627,1.0
im42,0.5,huber_ab,0.0,0.19356179237365723,1.0
im42,0.5,gradient_ab,0.0,0.03271663188934326,1.0
im42,0.5,lpips_vgg,0.0,-0.0007303021848201752,0.0
im42,0.5,convnext_perceptual,0.0,198.21688842773438,1.0
im42,0.5,dinov3_perceptual,0.0,0.003275124356150627,1.0
im42,0.75,huber_ab,0.0,0.3092331886291504,1.0
im42,0.75,gradient_ab,0.0,0.04907494783401489,1.0
im42,0.75,lpips_vgg,0.0,-0.006619632244110107,0.0
im42,0.75,convnext_perceptual,0.0,174.19949340820312,1.0
im42,0.75,dinov3_perceptual,0.0,0.0022766385227441788,1.0
im42,1.0,huber_ab,0.0,0.4286794662475586,1.0
im42,1.0,gradient_ab,0.0,0.0654330849647522,1.0
im42,1.0,lpips_vgg,0.0,-0.06219685077667236,0.0
im42,1.0,convnext_perceptual,0.0,-33.33294677734375,0.0
im42,1.0,dinov3_perceptual,0.0,-0.00020980462431907654,0.0
im43,0.25,huber_ab,0.0,-0.00909423828125,0.0
im43,0.25,gradient_ab,0.0,-0.08965837955474854,0.0
im43,0.25,lpips_vgg,0.0,-0.00812998041510582,0.0
im43,0.25,convnext_perceptual,0.0,-16.122480392456055,0.0
im43,0.25,dinov3_perceptual,0.0,-0.002962301019579172,0.0
im43,0.5,huber_ab,0.0,-0.13275861740112305,0.0
im43,0.5,gradient_ab,0.0,-0.17931663990020752,0.0
im43,0.5,lpips_vgg,0.0,-0.022643402218818665,0.0
im43,0.5,convnext_perceptual,0.0,-35.314292907714844,0.0
im43,0.5,dinov3_perceptual,0.0,-0.009166748262941837,0.0
im43,0.75,huber_ab,-3.814697265625e-06,-0.2248687744140625,0.0
im43,0.75,gradient_ab,-3.814697265625e-06,-0.26897501945495605,0.0
im43,0.75,lpips_vgg,-3.814697265625e-06,-0.031962089240550995,0.0
im43,0.75,convnext_perceptual,-3.814697265625e-06,-40.565147399902344,0.0
im43,0.75,dinov3_perceptual,-3.814697265625e-06,-0.014711571857333183,0.0
im43,1.0,huber_ab,0.0,-0.30495166778564453,0.0
im43,1.0,gradient_ab,0.0,-0.35863327980041504,0.0
im43,1.0,lpips_vgg,0.0,-0.047131188213825226,0.0
im43,1.0,convnext_perceptual,0.0,-138.19532775878906,0.0
im43,1.0,dinov3_perceptual,0.0,-0.01846429705619812,0.0
im45,0.25,huber_ab,0.0,-0.3675076961517334,0.0
im45,0.25,gradient_ab,0.0,-0.08844247460365295,0.0
im45,0.25,lpips_vgg,0.0,0.009825419634580612,1.0
im45,0.25,convnext_perceptual,0.0,-6.995700836181641,0.0
im45,0.25,dinov3_perceptual,0.0,0.0002855275524780154,1.0
im45,0.5,huber_ab,0.0,-0.27668142318725586,0.0
im45,0.5,gradient_ab,0.0,-0.17688491940498352,0.0
im45,0.5,lpips_vgg,0.0,0.03024287521839142,1.0
im45,0.5,convnext_perceptual,0.0,-23.071823120117188,0.0
im45,0.5,dinov3_perceptual,0.0,-0.0006297244690358639,0.0
im45,0.75,huber_ab,0.0,-0.15164566040039062,0.0
im45,0.75,gradient_ab,0.0,-0.2653273344039917,0.0
im45,0.75,lpips_vgg,0.0,0.04014022648334503,1.0
im45,0.75,convnext_perceptual,0.0,-7.53350830078125,0.0
im45,0.75,dinov3_perceptual,0.0,-0.0075586773455142975,0.0
im45,1.0,huber_ab,0.0,-0.0550384521484375,0.0
im45,1.0,gradient_ab,0.0,-0.35376977920532227,0.0
im45,1.0,lpips_vgg,0.0,-0.005291789770126343,0.0
im45,1.0,convnext_perceptual,0.0,258.50042724609375,1.0
im45,1.0,dinov3_perceptual,0.0,-0.030130790546536446,0.0
im46,0.25,huber_ab,0.0,-0.0038347840309143066,0.0
im46,0.25,gradient_ab,0.0,-0.11775993555784225,0.0
im46,0.25,lpips_vgg,0.0,-0.003192775882780552,0.0
im46,0.25,convnext_perceptual,0.0,-56.435537338256836,0.0
im46,0.25,dinov3_perceptual,0.0,-0.0013074952876195312,0.0
im46,0.5,huber_ab,0.0,-0.002303481101989746,0.0
im46,0.5,gradient_ab,0.0,-0.23551985621452332,0.0
im46,0.5,lpips_vgg,0.0,-0.006287273019552231,0.0
im46,0.5,convnext_perceptual,0.0,-155.19085884094238,0.0
im46,0.5,dinov3_perceptual,0.0,-0.0055334120988845825,0.0
im46,0.75,huber_ab,0.0,0.04375147819519043,1.0
im46,0.75,gradient_ab,0.0,-0.35327979922294617,0.0
im46,0.75,lpips_vgg,0.0,-0.009255751967430115,0.0
im46,0.75,convnext_perceptual,0.0,-189.80803680419922,0.0
im46,0.75,dinov3_perceptual,0.0,-0.012000244110822678,0.0
im46,1.0,huber_ab,0.0,0.13423943519592285,1.0
im46,1.0,gradient_ab,0.0,-0.47103968262672424,0.0
im46,1.0,lpips_vgg,0.0,-0.01614583283662796,0.0
im46,1.0,convnext_perceptual,0.0,-190.8796615600586,0.0
im46,1.0,dinov3_perceptual,0.0,-0.017501259222626686,0.0
im47,0.25,huber_ab,-4.76837158203125e-07,0.25971758365631104,1.0
im47,0.25,gradient_ab,-4.76837158203125e-07,-0.29995542764663696,0.0
im47,0.25,lpips_vgg,-4.76837158203125e-07,-0.0001586703583598137,0.0
im47,0.25,convnext_perceptual,-4.76837158203125e-07,-2.2866268157958984,0.0
im47,0.25,dinov3_perceptual,-4.76837158203125e-07,-0.0007714286912232637,0.0
im47,0.5,huber_ab,-9.5367431640625e-07,0.45372486114501953,1.0
im47,0.5,gradient_ab,-9.5367431640625e-07,-0.5999107360839844,0.0
im47,0.5,lpips_vgg,-9.5367431640625e-07,-0.005529437214136124,0.0
im47,0.5,convnext_perceptual,-9.5367431640625e-07,-7.459811687469482,0.0
im47,0.5,dinov3_perceptual,-9.5367431640625e-07,-0.0032726244535297155,0.0
im47,0.75,huber_ab,9.5367431640625e-07,0.6487259864807129,1.0
im47,0.75,gradient_ab,9.5367431640625e-07,-0.8998661041259766,0.0
im47,0.75,lpips_vgg,9.5367431640625e-07,-0.017941005527973175,0.0
im47,0.75,convnext_perceptual,9.5367431640625e-07,-13.380260467529297,0.0
im47,0.75,dinov3_perceptual,9.5367431640625e-07,-0.00663226842880249,0.0
im47,1.0,huber_ab,-1.9073486328125e-06,0.8560600280761719,1.0
im47,1.0,gradient_ab,-1.9073486328125e-06,-1.1998213529586792,0.0
im47,1.0,lpips_vgg,-1.9073486328125e-06,-0.056762635707855225,0.0
im47,1.0,convnext_perceptual,-1.9073486328125e-06,-74.67995834350586,0.0
im47,1.0,dinov3_perceptual,-1.9073486328125e-06,-0.0116000697016716,0.0
im48,0.25,huber_ab,0.0,-0.028662383556365967,0.0
im48,0.25,gradient_ab,0.0,-0.27270710468292236,0.0
im48,0.25,lpips_vgg,0.0,-0.00342054245993495,0.0
im48,0.25,convnext_perceptual,0.0,-6.908802390098572,0.0
im48,0.25,dinov3_perceptual,0.0,-0.0017349262489005923,0.0
im48,0.5,huber_ab,0.0,-0.061582088470458984,0.0
im48,0.5,gradient_ab,0.0,-0.5454141795635223,0.0
im48,0.5,lpips_vgg,0.0,-0.01222168281674385,0.0
im48,0.5,convnext_perceptual,0.0,-83.87628889083862,0.0
im48,0.5,dinov3_perceptual,0.0,-0.0059573265025392175,0.0
im48,0.75,huber_ab,9.5367431640625e-07,0.019635915756225586,1.0
im48,0.75,gradient_ab,9.5367431640625e-07,-0.8181212544441223,0.0
im48,0.75,lpips_vgg,9.5367431640625e-07,-0.023189669474959373,0.0
im48,0.75,convnext_perceptual,9.5367431640625e-07,-95.71752548217773,0.0
im48,0.75,dinov3_perceptual,9.5367431640625e-07,-0.011066545732319355,0.0
im48,1.0,huber_ab,0.0,0.18730592727661133,1.0
im48,1.0,gradient_ab,0.0,-1.0908284187316895,0.0
im48,1.0,lpips_vgg,0.0,-0.03529537841677666,0.0
im48,1.0,convnext_perceptual,0.0,-108.26425743103027,0.0
im48,1.0,dinov3_perceptual,0.0,-0.01565816719084978,0.0
im5,0.25,huber_ab,0.0,-0.027845680713653564,0.0
im5,0.25,gradient_ab,0.0,-0.2940685898065567,0.0
im5,0.25,lpips_vgg,0.0,-0.0051460349932312965,0.0
im5,0.25,convnext_perceptual,0.0,-163.22262573242188,0.0
im5,0.25,dinov3_perceptual,0.0,-0.0012190581765025854,0.0
im5,0.5,huber_ab,0.0,-0.04885077476501465,0.0
im5,0.5,gradient_ab,0.0,-0.5881371796131134,0.0
im5,0.5,lpips_vgg,0.0,-0.018509572371840477,0.0
im5,0.5,convnext_perceptual,0.0,-227.6068878173828,0.0
im5,0.5,dinov3_perceptual,0.0,-0.005863702390342951,0.0
im5,0.75,huber_ab,0.0,-0.07696640491485596,0.0
im5,0.75,gradient_ab,0.0,-0.8822056651115417,0.0
im5,0.75,lpips_vgg,0.0,-0.03421185910701752,0.0
im5,0.75,convnext_perceptual,0.0,-275.53326416015625,0.0
im5,0.75,dinov3_perceptual,0.0,-0.012584904208779335,0.0
im5,1.0,huber_ab,0.0,-0.11412930488586426,0.0
im5,1.0,gradient_ab,0.0,-1.176274299621582,0.0
im5,1.0,lpips_vgg,0.0,-0.047522369772195816,0.0
im5,1.0,convnext_perceptual,0.0,-250.79647827148438,0.0
im5,1.0,dinov3_perceptual,0.0,-0.01825778279453516,0.0
im50,0.25,huber_ab,-4.76837158203125e-07,-0.18018358945846558,0.0
im50,0.25,gradient_ab,-4.76837158203125e-07,-0.2516153156757355,0.0
im50,0.25,lpips_vgg,-4.76837158203125e-07,-0.013437038287520409,0.0
im50,0.25,convnext_perceptual,-4.76837158203125e-07,14.047324657440186,1.0
im50,0.25,dinov3_perceptual,-4.76837158203125e-07,-0.001453648554161191,0.0
im50,0.5,huber_ab,-4.76837158203125e-07,0.058881282806396484,1.0
im50,0.5,gradient_ab,-4.76837158203125e-07,-0.5032307505607605,0.0
im50,0.5,lpips_vgg,-4.76837158203125e-07,-0.04087419435381889,0.0
im50,0.5,convnext_perceptual,-4.76837158203125e-07,-7.532081604003906,0.0
im50,0.5,dinov3_perceptual,-4.76837158203125e-07,-0.007479971274733543,0.0
im50,0.75,huber_ab,0.0,0.24806690216064453,1.0
im50,0.75,gradient_ab,0.0,-0.7548462152481079,0.0
im50,0.75,lpips_vgg,0.0,-0.0678999274969101,0.0
im50,0.75,convnext_perceptual,0.0,-37.46635818481445,0.0
im50,0.75,dinov3_perceptual,0.0,-0.015097599476575851,0.0
im50,1.0,huber_ab,-9.5367431640625e-07,0.3860006332397461,1.0
im50,1.0,gradient_ab,-9.5367431640625e-07,-1.006461262702942,0.0
im50,1.0,lpips_vgg,-9.5367431640625e-07,-0.08339779078960419,0.0
im50,1.0,convnext_perceptual,-9.5367431640625e-07,-23.809181213378906,0.0
im50,1.0,dinov3_perceptual,-9.5367431640625e-07,-0.022636083886027336,0.0
im51,0.25,huber_ab,0.0,-0.034673333168029785,0.0
im51,0.25,gradient_ab,0.0,-0.22627416998147964,0.0
im51,0.25,lpips_vgg,0.0,-0.004002122208476067,0.0
im51,0.25,convnext_perceptual,0.0,-58.982715129852295,0.0
im51,0.25,dinov3_perceptual,0.0,-0.0018732595490291715,0.0
im51,0.5,huber_ab,0.0,-0.06692910194396973,0.0
im51,0.5,gradient_ab,0.0,-0.4525482952594757,0.0
im51,0.5,lpips_vgg,0.0,-0.009277593344449997,0.0
im51,0.5,convnext_perceptual,0.0,-199.0376491546631,0.0
im51,0.5,dinov3_perceptual,0.0,-0.008561838767491281,0.0
im51,0.75,huber_ab,0.0,-0.11557984352111816,0.0
im51,0.75,gradient_ab,0.0,-0.67882239818573,0.0
im51,0.75,lpips_vgg,0.0,-0.018134795129299164,0.0
im51,0.75,convnext_perceptual,0.0,-250.78223037719727,0.0
im51,0.75,dinov3_perceptual,0.0,-0.01981689827516675,0.0
im51,1.0,huber_ab,0.0,-0.16225504875183105,0.0
im51,1.0,gradient_ab,0.0,-0.9050964713096619,0.0
im51,1.0,lpips_vgg,0.0,-0.03146114945411682,0.0
im51,1.0,convnext_perceptual,0.0,-287.302303314209,0.0
im51,1.0,dinov3_perceptual,0.0,-0.03135113837197423,0.0
im52,0.25,huber_ab,4.76837158203125e-07,-0.09819912910461426,0.0
im52,0.25,gradient_ab,4.76837158203125e-07,-0.1251172423362732,0.0
im52,0.25,lpips_vgg,4.76837158203125e-07,0.00400906428694725,1.0
im52,0.25,convnext_perceptual,4.76837158203125e-07,-50.930599212646484,0.0
im52,0.25,dinov3_perceptual,4.76837158203125e-07,-0.0008272211998701096,0.0
im52,0.5,huber_ab,0.0,-0.23745298385620117,0.0
im52,0.5,gradient_ab,0.0,-0.25023454427719116,0.0
im52,0.5,lpips_vgg,0.0,0.02371690794825554,1.0
im52,0.5,convnext_perceptual,0.0,-104.13111877441406,0.0
im52,0.5,dinov3_perceptual,0.0,-0.0034980345517396927,0.0
im52,0.75,huber_ab,1.9073486328125e-06,-0.4063606262207031,0.0
im52,0.75,gradient_ab,1.9073486328125e-06,-0.37535184621810913,0.0
im52,0.75,lpips_vgg,1.9073486328125e-06,0.024304881691932678,1.0
im52,0.75,convnext_perceptual,1.9073486328125e-06,8.57830810546875,1.0
im52,0.75,dinov3_perceptual,1.9073486328125e-06,-0.008231770247220993,0.0
im52,1.0,huber_ab,0.0,-0.5822420120239258,0.0
im52,1.0,gradient_ab,0.0,-0.5004689693450928,0.0
im52,1.0,lpips_vgg,0.0,-0.011223763227462769,0.0
im52,1.0,convnext_perceptual,0.0,155.43545532226562,1.0
im52,1.0,dinov3_perceptual,0.0,-0.012697670608758926,0.0
im54,0.25,huber_ab,0.0,0.0617101788520813,1.0
im54,0.25,gradient_ab,0.0,-0.3459849953651428,0.0
im54,0.25,lpips_vgg,0.0,-0.011778578162193298,0.0
im54,0.25,convnext_perceptual,0.0,-123.47649002075195,0.0
im54,0.25,dinov3_perceptual,0.0,-0.002019825391471386,0.0
im54,0.5,huber_ab,4.76837158203125e-07,0.17397689819335938,1.0
im54,0.5,gradient_ab,4.76837158203125e-07,-0.6919701099395752,0.0
im54,0.5,lpips_vgg,4.76837158203125e-07,-0.024368658661842346,0.0
im54,0.5,convnext_perceptual,4.76837158203125e-07,-198.25575256347656,0.0
im54,0.5,dinov3_perceptual,4.76837158203125e-07,-0.007258981466293335,0.0
im54,0.75,huber_ab,0.0,0.25428152084350586,1.0
im54,0.75,gradient_ab,0.0,-1.0379551649093628,0.0
im54,0.75,lpips_vgg,0.0,-0.039317741990089417,0.0
im54,0.75,convnext_perceptual,0.0,-167.67208862304688,0.0
im54,0.75,dinov3_perceptual,0.0,-0.012510325759649277,0.0
im54,1.0,huber_ab,9.5367431640625e-07,0.32170963287353516,1.0
im54,1.0,gradient_ab,9.5367431640625e-07,-1.3839399814605713,0.0
im54,1.0,lpips_vgg,9.5367431640625e-07,-0.05653649568557739,0.0
im54,1.0,convnext_perceptual,9.5367431640625e-07,-84.29205322265625,0.0
im54,1.0,dinov3_perceptual,9.5367431640625e-07,-0.015987299382686615,0.0
im56,0.25,huber_ab,0.0,-0.024474620819091797,0.0
im56,0.25,gradient_ab,0.0,0.052345991134643555,1.0
im56,0.25,lpips_vgg,0.0,0.013775949366390705,1.0
im56,0.25,convnext_perceptual,0.0,-20.70327663421631,0.0
im56,0.25,dinov3_perceptual,0.0,0.0016584201948717237,1.0
im56,0.5,huber_ab,0.0,0.11887383460998535,1.0
im56,0.5,gradient_ab,0.0,0.10469186305999756,1.0
im56,0.5,lpips_vgg,0.0,0.034509144723415375,1.0
im56,0.5,convnext_perceptual,0.0,-50.93302536010742,0.0
im56,0.5,dinov3_perceptual,0.0,0.002907530404627323,1.0
im56,0.75,huber_ab,0.0,0.23544788360595703,1.0
im56,0.75,gradient_ab,0.0,0.15703773498535156,1.0
im56,0.75,lpips_vgg,0.0,0.04141497611999512,1.0
im56,0.75,convnext_perceptual,0.0,-49.58631896972656,0.0
im56,0.75,dinov3_perceptual,0.0,-0.0019181706011295319,0.0
im56,1.0,huber_ab,0.0,0.3246040344238281,1.0
im56,1.0,gradient_ab,0.0,0.20938348770141602,1.0
im56,1.0,lpips_vgg,0.0,0.031012237071990967,1.0
im56,1.0,convnext_perceptual,0.0,-95.10225677490234,0.0
im56,1.0,dinov3_perceptual,0.0,-0.010472828522324562,0.0
im57,0.25,huber_ab,4.76837158203125e-07,0.18754863739013672,1.0
im57,0.25,gradient_ab,4.76837158203125e-07,-0.13585001230239868,0.0
im57,0.25,lpips_vgg,4.76837158203125e-07,-0.0280853733420372,0.0
im57,0.25,convnext_perceptual,4.76837158203125e-07,-184.79983520507812,0.0
im57,0.25,dinov3_perceptual,4.76837158203125e-07,0.0009080241434276104,1.0
im57,0.5,huber_ab,1.9073486328125e-06,0.5800662040710449,1.0
im57,0.5,gradient_ab,1.9073486328125e-06,-0.27170002460479736,0.0
im57,0.5,lpips_vgg,1.9073486328125e-06,-0.058660417795181274,0.0
im57,0.5,convnext_perceptual,1.9073486328125e-06,-904.3009643554688,0.0
im57,0.5,dinov3_perceptual,1.9073486328125e-06,-0.0032433737069368362,0.0
im57,0.75,huber_ab,0.0,0.9007663726806641,1.0
im57,0.75,gradient_ab,0.0,-0.4075500965118408,0.0
im57,0.75,lpips_vgg,0.0,-0.045448943972587585,0.0
im57,0.75,convnext_perceptual,0.0,-1116.044677734375,0.0
im57,0.75,dinov3_perceptual,0.0,-0.015774402767419815,0.0
im57,1.0,huber_ab,3.814697265625e-06,1.1899242401123047,1.0
im57,1.0,gradient_ab,3.814697265625e-06,-0.5434001684188843,0.0
im57,1.0,lpips_vgg,3.814697265625e-06,-0.012829840183258057,0.0
im57,1.0,convnext_perceptual,3.814697265625e-06,-1136.20751953125,0.0
im57,1.0,dinov3_perceptual,3.814697265625e-06,-0.024482496082782745,0.0
im58,0.25,huber_ab,-2.384185791015625e-07,-0.20604974031448364,0.0
im58,0.25,gradient_ab,-2.384185791015625e-07,-0.21199752390384674,0.0
im58,0.25,lpips_vgg,-2.384185791015625e-07,-0.003811900969594717,0.0
im58,0.25,convnext_perceptual,-2.384185791015625e-07,-51.57382774353027,0.0
im58,0.25,dinov3_perceptual,-2.384185791015625e-07,-0.002132921013981104,0.0
im58,0.5,huber_ab,-4.76837158203125e-07,-0.4031214714050293,0.0
im58,0.5,gradient_ab,-4.76837158203125e-07,-0.4239949584007263,0.0
im58,0.5,lpips_vgg,-4.76837158203125e-07,-0.011262178421020508,0.0
im58,0.5,convnext_perceptual,-4.76837158203125e-07,-45.390647888183594,0.0
im58,0.5,dinov3_perceptual,-4.76837158203125e-07,-0.006895686266943812,0.0
im58,0.75,huber_ab,0.0,-0.38528871536254883,0.0
im58,0.75,gradient_ab,0.0,-0.6359923779964447,0.0
im58,0.75,lpips_vgg,0.0,-0.01980985328555107,0.0
im58,0.75,convnext_perceptual,0.0,0.21704864501953125,1.0
im58,0.75,dinov3_perceptual,0.0,-0.012001760071143508,0.0
im58,1.0,huber_ab,-9.5367431640625e-07,-0.27716994285583496,0.0
im58,1.0,gradient_ab,-9.5367431640625e-07,-0.8479898273944855,0.0
im58,1.0,lpips_vgg,-9.5367431640625e-07,-0.029784519225358963,0.0
im58,1.0,convnext_perceptual,-9.5367431640625e-07,-59.405860900878906,0.0
im58,1.0,dinov3_perceptual,-9.5367431640625e-07,-0.01658753538504243,0.0
im6,0.25,huber_ab,0.0,-0.10335540771484375,0.0
im6,0.25,gradient_ab,0.0,-0.21313661336898804,0.0
im6,0.25,lpips_vgg,0.0,-0.0019346503540873528,0.0
im6,0.25,convnext_perceptual,0.0,-29.084333419799805,0.0
im6,0.25,dinov3_perceptual,0.0,-0.000713467481546104,0.0
im6,0.5,huber_ab,0.0,-0.13681983947753906,0.0
im6,0.5,gradient_ab,0.0,-0.42627307772636414,0.0
im6,0.5,lpips_vgg,0.0,-0.008816270157694817,0.0
im6,0.5,convnext_perceptual,0.0,-199.11875915527344,0.0
im6,0.5,dinov3_perceptual,0.0,-0.003169332630932331,0.0
im6,0.75,huber_ab,-4.76837158203125e-07,0.06404542922973633,1.0
im6,0.75,gradient_ab,-4.76837158203125e-07,-0.6394097208976746,0.0
im6,0.75,lpips_vgg,-4.76837158203125e-07,-0.01861652359366417,0.0
im6,0.75,convnext_perceptual,-4.76837158203125e-07,-286.79316329956055,0.0
im6,0.75,dinov3_perceptual,-4.76837158203125e-07,-0.0077951825223863125,0.0
im6,1.0,huber_ab,9.5367431640625e-07,0.33730506896972656,1.0
im6,1.0,gradient_ab,9.5367431640625e-07,-0.852546215057373,0.0
im6,1.0,lpips_vgg,9.5367431640625e-07,-0.030125349760055542,0.0
im6,1.0,convnext_perceptual,9.5367431640625e-07,-371.3012008666992,0.0
im6,1.0,dinov3_perceptual,9.5367431640625e-07,-0.013201573863625526,0.0
im60,0.25,huber_ab,-1.1920928955078125e-07,0.08518189191818237,1.0
im60,0.25,gradient_ab,-1.1920928955078125e-07,-0.1517564058303833,0.0
im60,0.25,lpips_vgg,-1.1920928955078125e-07,0.0007060184143483639,1.0
im60,0.25,convnext_perceptual,-1.1920928955078125e-07,-2.491311550140381,0.0
im60,0.25,dinov3_perceptual,-1.1920928955078125e-07,0.00017364975064992905,1.0
im60,0.5,huber_ab,-2.384185791015625e-07,0.23110026121139526,1.0
im60,0.5,gradient_ab,-2.384185791015625e-07,-0.3035128116607666,0.0
im60,0.5,lpips_vgg,-2.384185791015625e-07,-0.00021761097013950348,0.0
im60,0.5,convnext_perceptual,-2.384185791015625e-07,-30.387331008911133,0.0
im60,0.5,dinov3_perceptual,-2.384185791015625e-07,-0.0004252186045050621,0.0
im60,0.75,huber_ab,-4.76837158203125e-07,0.3427196741104126,1.0
im60,0.75,gradient_ab,-4.76837158203125e-07,-0.4552691578865051,0.0
im60,0.75,lpips_vgg,-4.76837158203125e-07,-0.006359077990055084,0.0
im60,0.75,convnext_perceptual,-4.76837158203125e-07,-105.16702651977539,0.0
im60,0.75,dinov3_perceptual,-4.76837158203125e-07,-0.003940941765904427,0.0
im60,1.0,huber_ab,-4.76837158203125e-07,0.4248621463775635,1.0
im60,1.0,gradient_ab,-4.76837158203125e-07,-0.6070256233215332,0.0
im60,1.0,lpips_vgg,-4.76837158203125e-07,-0.023085400462150574,0.0
im60,1.0,convnext_perceptual,-4.76837158203125e-07,-139.78462982177734,0.0
im60,1.0,dinov3_perceptual,-4.76837158203125e-07,-0.010210717096924782,0.0
im61,0.25,huber_ab,0.0,0.15134263038635254,1.0
im61,0.25,gradient_ab,0.0,-0.020718663930892944,0.0
im61,0.25,lpips_vgg,0.0,-0.011761896312236786,0.0
im61,0.25,convnext_perceptual,0.0,-24.68915557861328,0.0
im61,0.25,dinov3_perceptual,0.0,-0.0019332896918058395,0.0
im61,0.5,huber_ab,0.0,0.42273998260498047,1.0
im61,0.5,gradient_ab,0.0,-0.041437506675720215,0.0
im61,0.5,lpips_vgg,0.0,-0.02658703923225403,0.0
im61,0.5,convnext_perceptual,0.0,16.55767822265625,1.0
im61,0.5,dinov3_perceptual,0.0,-0.002917671576142311,0.0
im61,0.75,huber_ab,1.9073486328125e-06,0.6481380462646484,1.0
im61,0.75,gradient_ab,1.9073486328125e-06,-0.062155961990356445,0.0
im61,0.75,lpips_vgg,1.9073486328125e-06,-0.07447931170463562,0.0
im61,0.75,convnext_perceptual,1.9073486328125e-06,-3.12255859375,0.0
im61,0.75,dinov3_perceptual,1.9073486328125e-06,-0.009176317602396011,0.0
im61,1.0,huber_ab,0.0,0.8653945922851562,1.0
im61,1.0,gradient_ab,0.0,-0.08287489414215088,0.0
im61,1.0,lpips_vgg,0.0,-0.14935803413391113,0.0
im61,1.0,convnext_perceptual,0.0,-49.8875732421875,0.0
im61,1.0,dinov3_perceptual,0.0,-0.017673786729574203,0.0
im62,0.25,huber_ab,0.0,0.05363106727600098,1.0
im62,0.25,gradient_ab,0.0,0.01957222819328308,1.0
im62,0.25,lpips_vgg,0.0,-0.0008528679609298706,0.0
im62,0.25,convnext_perceptual,0.0,-6.507774353027344,0.0
im62,0.25,dinov3_perceptual,0.0,6.77487114444375e-05,1.0
im62,0.5,huber_ab,0.0,0.07220888137817383,1.0
im62,0.5,gradient_ab,0.0,0.03914445638656616,1.0
im62,0.5,lpips_vgg,0.0,-0.005835771560668945,0.0
im62,0.5,convnext_perceptual,0.0,0.06400489807128906,1.0
im62,0.5,dinov3_perceptual,0.0,6.175553426146507e-05,1.0
im62,0.75,huber_ab,-9.5367431640625e-07,0.06256818771362305,1.0
im62,0.75,gradient_ab,-9.5367431640625e-07,0.058716535568237305,1.0
im62,0.75,lpips_vgg,-9.5367431640625e-07,-0.019508808851242065,0.0
im62,0.75,convnext_perceptual,-9.5367431640625e-07,-13.00208854675293,0.0
im62,0.75,dinov3_perceptual,-9.5367431640625e-07,-0.0015449291095137596,0.0
im62,1.0,huber_ab,0.0,0.054601192474365234,1.0
im62,1.0,gradient_ab,0.0,0.07828891277313232,1.0
im62,1.0,lpips_vgg,0.0,-0.03909417986869812,0.0
im62,1.0,convnext_perceptual,0.0,-138.22312927246094,0.0
im62,1.0,dinov3_perceptual,0.0,-0.004207666963338852,0.0
im63,0.25,huber_ab,0.0,-0.006094455718994141,0.0
im63,0.25,gradient_ab,0.0,0.25966358184814453,1.0
im63,0.25,lpips_vgg,0.0,0.018811773508787155,1.0
im63,0.25,convnext_perceptual,0.0,13.267436981201172,1.0
im63,0.25,dinov3_perceptual,0.0,0.006857116939499974,1.0
im63,0.5,huber_ab,0.0,-0.22609233856201172,0.0
im63,0.5,gradient_ab,0.0,0.5193270444869995,1.0
im63,0.5,lpips_vgg,0.0,0.06116227060556412,1.0
im63,0.5,convnext_perceptual,0.0,6.346870422363281,1.0
im63,0.5,dinov3_perceptual,0.0,0.02127719484269619,1.0
im63,0.75,huber_ab,0.0,-0.38883209228515625,0.0
im63,0.75,gradient_ab,0.0,0.7789903879165649,1.0
im63,0.75,lpips_vgg,0.0,0.025664329528808594,1.0
im63,0.75,convnext_perceptual,0.0,-28.42889404296875,0.0
im63,0.75,dinov3_perceptual,0.0,0.023962389677762985,1.0
im63,1.0,huber_ab,0.0,-0.5391731262207031,0.0
im63,1.0,gradient_ab,0.0,1.03865385055542,1.0
im63,1.0,lpips_vgg,0.0,-0.0776873528957367,0.0
im63,1.0,convnext_perceptual,0.0,-88.04360961914062,0.0
im63,1.0,dinov3_perceptual,0.0,0.01135016605257988,1.0
im64,0.25,huber_ab,0.0,0.1574106216430664,1.0
im64,0.25,gradient_ab,0.0,0.007756233215332031,1.0
im64,0.25,lpips_vgg,0.0,0.03467121347784996,1.0
im64,0.25,convnext_perceptual,0.0,279.76513671875,1.0
im64,0.25,dinov3_perceptual,0.0,0.010858840541914105,1.0
im64,0.5,huber_ab,-9.5367431640625e-07,0.3537321090698242,1.0
im64,0.5,gradient_ab,-9.5367431640625e-07,0.015512347221374512,1.0
im64,0.5,lpips_vgg,-9.5367431640625e-07,0.07050102949142456,1.0
im64,0.5,convnext_perceptual,-9.5367431640625e-07,472.7884521484375,1.0
im64,0.5,dinov3_perceptual,-9.5367431640625e-07,0.017930049914866686,1.0
im64,0.75,huber_ab,-9.5367431640625e-07,0.555241584777832,1.0
im64,0.75,gradient_ab,-9.5367431640625e-07,0.023268461227416992,1.0
im64,0.75,lpips_vgg,-9.5367431640625e-07,0.06437960267066956,1.0
im64,0.75,convnext_perceptual,-9.5367431640625e-07,494.1636962890625,1.0
im64,0.75,dinov3_perceptual,-9.5367431640625e-07,0.017823223024606705,1.0
im64,1.0,huber_ab,0.0,0.7465953826904297,1.0
im64,1.0,gradient_ab,0.0,0.031024813652038574,1.0
im64,1.0,lpips_vgg,0.0,0.04393571615219116,1.0
im64,1.0,convnext_perceptual,0.0,112.56640625,1.0
im64,1.0,dinov3_perceptual,0.0,0.014356844127178192,1.0
im65,0.25,huber_ab,0.0,0.06049084663391113,1.0
im65,0.25,gradient_ab,0.0,-0.11530876159667969,0.0
im65,0.25,lpips_vgg,0.0,0.00347721204161644,1.0
im65,0.25,convnext_perceptual,0.0,-27.85350799560547,0.0
im65,0.25,dinov3_perceptual,0.0,-0.001757629681378603,0.0
im65,0.5,huber_ab,0.0,-0.13281655311584473,0.0
im65,0.5,gradient_ab,0.0,-0.23061758279800415,0.0
im65,0.5,lpips_vgg,0.0,0.004911758005619049,1.0
im65,0.5,convnext_perceptual,0.0,-23.79560089111328,0.0
im65,0.5,dinov3_perceptual,0.0,-0.0050567928701639175,0.0
im65,0.75,huber_ab,0.0,-0.379486083984375,0.0
im65,0.75,gradient_ab,0.0,-0.34592628479003906,0.0
im65,0.75,lpips_vgg,0.0,0.007415987551212311,1.0
im65,0.75,convnext_perceptual,0.0,3.1407928466796875,1.0
im65,0.75,dinov3_perceptual,0.0,-0.009557833895087242,0.0
im65,1.0,huber_ab,-1.9073486328125e-06,-0.6280288696289062,0.0
im65,1.0,gradient_ab,-1.9073486328125e-06,-0.46123528480529785,0.0
im65,1.0,lpips_vgg,-1.9073486328125e-06,0.013354204595088959,1.0
im65,1.0,convnext_perceptual,-1.9073486328125e-06,45.6947021484375,1.0
im65,1.0,dinov3_perceptual,-1.9073486328125e-06,-0.014010364189743996,0.0
im66,0.25,huber_ab,0.0,-0.024009346961975098,0.0
im66,0.25,gradient_ab,0.0,-0.28228408098220825,0.0
im66,0.25,lpips_vgg,0.0,0.0021151602268218994,1.0
im66,0.25,convnext_perceptual,0.0,-12.034866333007812,0.0
im66,0.25,dinov3_perceptual,0.0,0.000913823489099741,1.0
im66,0.5,huber_ab,0.0,0.1921525001525879,1.0
im66,0.5,gradient_ab,0.0,-0.5645681023597717,0.0
im66,0.5,lpips_vgg,0.0,0.00260993093252182,1.0
im66,0.5,convnext_perceptual,0.0,-204.48568725585938,0.0
im66,0.5,dinov3_perceptual,0.0,-0.0002734139561653137,0.0
im66,0.75,huber_ab,-9.5367431640625e-07,0.5251073837280273,1.0
im66,0.75,gradient_ab,-9.5367431640625e-07,-0.8468523025512695,0.0
im66,0.75,lpips_vgg,-9.5367431640625e-07,-0.00011754035949707031,0.0
im66,0.75,convnext_perceptual,-9.5367431640625e-07,-107.06173706054688,0.0
im66,0.75,dinov3_perceptual,-9.5367431640625e-07,-0.0064954813569784164,0.0
im66,1.0,huber_ab,0.0,0.8469796180725098,1.0
im66,1.0,gradient_ab,0.0,-1.129136323928833,0.0
im66,1.0,lpips_vgg,0.0,-0.007891103625297546,0.0
im66,1.0,convnext_perceptual,0.0,-231.56924438476562,0.0
im66,1.0,dinov3_perceptual,0.0,-0.013638602569699287,0.0
im68,0.25,huber_ab,4.76837158203125e-07,-0.20784592628479004,0.0
im68,0.25,gradient_ab,4.76837158203125e-07,-0.15033942461013794,0.0
im68,0.25,lpips_vgg,4.76837158203125e-07,-0.009631941094994545,0.0
im68,0.25,convnext_perceptual,4.76837158203125e-07,-28.245395183563232,0.0
im68,0.25,dinov3_perceptual,4.76837158203125e-07,-0.0021930986549705267,0.0
im68,0.5,huber_ab,9.5367431640625e-07,-0.16948938369750977,0.0
im68,0.5,gradient_ab,9.5367431640625e-07,-0.30067864060401917,0.0
im68,0.5,lpips_vgg,9.5367431640625e-07,-0.03816691413521767,0.0
im68,0.5,convnext_perceptual,9.5367431640625e-07,-128.89747524261475,0.0
im68,0.5,dinov3_perceptual,9.5367431640625e-07,-0.009554379153996706,0.0
im68,0.75,huber_ab,1.9073486328125e-06,-0.024251937866210938,0.0
im68,0.75,gradient_ab,1.9073486328125e-06,-0.45101773738861084,0.0
im68,0.75,lpips_vgg,1.9073486328125e-06,-0.0851823091506958,0.0
im68,0.75,convnext_perceptual,1.9073486328125e-06,-319.81552505493164,0.0
im68,0.75,dinov3_perceptual,1.9073486328125e-06,-0.02330859750509262,0.0
im68,1.0,huber_ab,1.9073486328125e-06,0.1356344223022461,1.0
im68,1.0,gradient_ab,1.9073486328125e-06,-0.6013570427894592,0.0
im68,1.0,lpips_vgg,1.9073486328125e-06,-0.11738204956054688,0.0
im68,1.0,convnext_perceptual,1.9073486328125e-06,-695.4869232177734,0.0
im68,1.0,dinov3_perceptual,1.9073486328125e-06,-0.045207927003502846,0.0
im70,0.25,huber_ab,0.0,0.09098982810974121,1.0
im70,0.25,gradient_ab,0.0,-0.03186863660812378,0.0
im70,0.25,lpips_vgg,0.0,0.004831468686461449,1.0
im70,0.25,convnext_perceptual,0.0,3.760314106941223,1.0
im70,0.25,dinov3_perceptual,0.0,0.0018227219698019326,1.0
im70,0.5,huber_ab,0.0,0.1467137336730957,1.0
im70,0.5,gradient_ab,0.0,-0.06373739242553711,0.0
im70,0.5,lpips_vgg,0.0,0.016685189679265022,1.0
im70,0.5,convnext_perceptual,0.0,-0.6885013580322266,0.0
im70,0.5,dinov3_perceptual,0.0,0.006301666609942913,1.0
im70,0.75,huber_ab,-9.5367431640625e-07,0.17917490005493164,1.0
im70,0.75,gradient_ab,-9.5367431640625e-07,-0.09560608863830566,0.0
im70,0.75,lpips_vgg,-9.5367431640625e-07,0.014200292527675629,1.0
im70,0.75,convnext_perceptual,-9.5367431640625e-07,16.24268341064453,1.0
im70,0.75,dinov3_perceptual,-9.5367431640625e-07,0.006293948739767075,1.0
im70,1.0,huber_ab,0.0,0.19923686981201172,1.0
im70,1.0,gradient_ab,0.0,-0.12747454643249512,0.0
im70,1.0,lpips_vgg,0.0,-0.006400667130947113,0.0
im70,1.0,convnext_perceptual,0.0,-94.44222640991211,0.0
im70,1.0,dinov3_perceptual,0.0,-0.0032885372638702393,0.0
im71,0.25,huber_ab,0.0,-0.08656537532806396,0.0
im71,0.25,gradient_ab,0.0,-0.1602083444595337,0.0
im71,0.25,lpips_vgg,0.0,-0.009050175547599792,0.0
im71,0.25,convnext_perceptual,0.0,12.994857788085938,1.0
im71,0.25,dinov3_perceptual,0.0,-0.0016382718458771706,0.0
im71,0.5,huber_ab,0.0,-0.430941104888916,0.0
im71,0.5,gradient_ab,0.0,-0.32041680812835693,0.0
im71,0.5,lpips_vgg,0.0,-0.03460583835840225,0.0
im71,0.5,convnext_perceptual,0.0,84.3315315246582,1.0
im71,0.5,dinov3_perceptual,0.0,-0.004421500023454428,0.0
im71,0.75,huber_ab,1.9073486328125e-06,-0.8641209602355957,0.0
im71,0.75,gradient_ab,1.9073486328125e-06,-0.4806251525878906,0.0
im71,0.75,lpips_vgg,1.9073486328125e-06,-0.08530290052294731,0.0
im71,0.75,convnext_perceptual,1.9073486328125e-06,117.62804412841797,1.0
im71,0.75,dinov3_perceptual,1.9073486328125e-06,-0.009476404637098312,0.0
im71,1.0,huber_ab,0.0,-1.2992286682128906,0.0
im71,1.0,gradient_ab,0.0,-0.6408337354660034,0.0
im71,1.0,lpips_vgg,0.0,-0.15901701897382736,0.0
im71,1.0,convnext_perceptual,0.0,137.79998779296875,1.0
im71,1.0,dinov3_perceptual,0.0,-0.01859039068222046,0.0
im72,0.25,huber_ab,-4.76837158203125e-07,0.006495356559753418,1.0
im72,0.25,gradient_ab,-4.76837158203125e-07,-0.1709546446800232,0.0
im72,0.25,lpips_vgg,-4.76837158203125e-07,0.007741645909845829,1.0
im72,0.25,convnext_perceptual,-4.76837158203125e-07,-2.647820472717285,0.0
im72,0.25,dinov3_perceptual,-4.76837158203125e-07,0.000472352490760386,1.0
im72,0.5,huber_ab,-1.430511474609375e-06,0.2539856433868408,1.0
im72,0.5,gradient_ab,-1.430511474609375e-06,-0.3419092893600464,0.0
im72,0.5,lpips_vgg,-1.430511474609375e-06,0.018458176404237747,1.0
im72,0.5,convnext_perceptual,-1.430511474609375e-06,-79.26823234558105,0.0
im72,0.5,dinov3_perceptual,-1.430511474609375e-06,-0.00013366900384426117,0.0
im72,0.75,huber_ab,-1.9073486328125e-06,0.5720582008361816,1.0
im72,0.75,gradient_ab,-1.9073486328125e-06,-0.5128639936447144,0.0
im72,0.75,lpips_vgg,-1.9073486328125e-06,0.011007167398929596,1.0
im72,0.75,convnext_perceptual,-1.9073486328125e-06,-85.83500862121582,0.0
im72,0.75,dinov3_perceptual,-1.9073486328125e-06,-0.0041931429877877235,0.0
im72,1.0,huber_ab,-1.9073486328125e-06,0.8813962936401367,1.0
im72,1.0,gradient_ab,-1.9073486328125e-06,-0.6838185787200928,0.0
im72,1.0,lpips_vgg,-1.9073486328125e-06,-0.012832790613174438,0.0
im72,1.0,convnext_perceptual,-1.9073486328125e-06,-46.073081970214844,0.0
im72,1.0,dinov3_perceptual,-1.9073486328125e-06,-0.008935241028666496,0.0
im73,0.25,huber_ab,0.0,0.0027441978454589844,1.0
im73,0.25,gradient_ab,0.0,0.19186341762542725,1.0
im73,0.25,lpips_vgg,0.0,0.040420569479465485,1.0
im73,0.25,convnext_perceptual,0.0,214.4859161376953,1.0
im73,0.25,dinov3_perceptual,0.0,0.006535822059959173,1.0
im73,0.5,huber_ab,0.0,-0.1378183364868164,0.0
im73,0.5,gradient_ab,0.0,0.3837265968322754,1.0
im73,0.5,lpips_vgg,0.0,0.11223550140857697,1.0
im73,0.5,convnext_perceptual,0.0,127.01361083984375,1.0
im73,0.5,dinov3_perceptual,0.0,0.010308448225259781,1.0
im73,0.75,huber_ab,3.814697265625e-06,-0.21022415161132812,0.0
im73,0.75,gradient_ab,3.814697265625e-06,0.5755898952484131,1.0
im73,0.75,lpips_vgg,3.814697265625e-06,0.13327746093273163,1.0
im73,0.75,convnext_perceptual,3.814697265625e-06,-107.28350830078125,0.0
im73,0.75,dinov3_perceptual,3.814697265625e-06,0.007199808955192566,1.0
im73,1.0,huber_ab,0.0,-0.267974853515625,0.0
im73,1.0,gradient_ab,0.0,0.7674529552459717,1.0
im73,1.0,lpips_vgg,0.0,0.06332093477249146,1.0
im73,1.0,convnext_perceptual,0.0,-198.1602783203125,0.0
im73,1.0,dinov3_perceptual,0.0,0.001669071614742279,1.0
im74,0.25,huber_ab,0.0,-0.04476892948150635,0.0
im74,0.25,gradient_ab,0.0,-0.13302335143089294,0.0
im74,0.25,lpips_vgg,0.0,-0.002756090834736824,0.0
im74,0.25,convnext_perceptual,0.0,-131.1797218322754,0.0
im74,0.25,dinov3_perceptual,0.0,0.0007968125864863396,1.0
im74,0.5,huber_ab,-4.76837158203125e-07,0.07953763008117676,1.0
im74,0.5,gradient_ab,-4.76837158203125e-07,-0.26604676246643066,0.0
im74,0.5,lpips_vgg,-4.76837158203125e-07,-0.013828381896018982,0.0
im74,0.5,convnext_perceptual,-4.76837158203125e-07,-33.346710205078125,0.0
im74,0.5,dinov3_perceptual,-4.76837158203125e-07,8.996762335300446e-05,1.0
im74,0.75,huber_ab,0.0,0.2652599811553955,1.0
im74,0.75,gradient_ab,0.0,-0.39907026290893555,0.0
im74,0.75,lpips_vgg,0.0,-0.04412265121936798,0.0
im74,0.75,convnext_perceptual,0.0,-402.07745361328125,0.0
im74,0.75,dinov3_perceptual,0.0,-0.007617577910423279,0.0
im74,1.0,huber_ab,0.0,0.44610023498535156,1.0
im74,1.0,gradient_ab,0.0,-0.5320935249328613,0.0
im74,1.0,lpips_vgg,0.0,-0.09055207669734955,0.0
im74,1.0,convnext_perceptual,0.0,-498.6847229003906,0.0
im74,1.0,dinov3_perceptual,0.0,-0.01955164596438408,0.0
im75,0.25,huber_ab,0.0,0.011228740215301514,1.0
im75,0.25,gradient_ab,0.0,-0.1880289763212204,0.0
im75,0.25,lpips_vgg,0.0,-0.005179818719625473,0.0
im75,0.25,convnext_perceptual,0.0,-39.838645935058594,0.0
im75,0.25,dinov3_perceptual,0.0,-0.0013130104634910822,0.0
im75,0.5,huber_ab,0.0,0.05619072914123535,1.0
im75,0.5,gradient_ab,0.0,-0.37605786323547363,0.0
im75,0.5,lpips_vgg,0.0,-0.025346040725708008,0.0
im75,0.5,convnext_perceptual,0.0,-69.49673461914062,0.0
im75,0.5,dinov3_perceptual,0.0,-0.006724087055772543,0.0
im75,0.75,huber_ab,0.0,0.10140419006347656,1.0
im75,0.75,gradient_ab,0.0,-0.5640866756439209,0.0
im75,0.75,lpips_vgg,0.0,-0.058524973690509796,0.0
im75,0.75,convnext_perceptual,0.0,-55.95166015625,0.0
im75,0.75,dinov3_perceptual,0.0,-0.01482479739934206,0.0
im75,1.0,huber_ab,0.0,0.18093395233154297,1.0
im75,1.0,gradient_ab,0.0,-0.7521157264709473,0.0
im75,1.0,lpips_vgg,0.0,-0.0955670028924942,0.0
im75,1.0,convnext_perceptual,0.0,-5.2599029541015625,0.0
im75,1.0,dinov3_perceptual,0.0,-0.020172675140202045,0.0
im76,0.25,huber_ab,0.0,0.0877070426940918,1.0
im76,0.25,gradient_ab,0.0,-0.07146692276000977,0.0
im76,0.25,lpips_vgg,0.0,-0.027452027425169945,0.0
im76,0.25,convnext_perceptual,0.0,5.163051605224609,1.0
im76,0.25,dinov3_perceptual,0.0,-0.003727313596755266,0.0
im76,0.5,huber_ab,0.0,0.2689666748046875,1.0
im76,0.5,gradient_ab,0.0,-0.14293372631072998,0.0
im76,0.5,lpips_vgg,0.0,-0.05982057750225067,0.0
im76,0.5,convnext_perceptual,0.0,-56.4877815246582,0.0
im76,0.5,dinov3_perceptual,0.0,-0.007861300371587276,0.0
im76,0.75,huber_ab,-9.5367431640625e-07,0.44964599609375,1.0
im76,0.75,gradient_ab,-9.5367431640625e-07,-0.2144007682800293,0.0
im76,0.75,lpips_vgg,-9.5367431640625e-07,-0.07381351292133331,0.0
im76,0.75,convnext_perceptual,-9.5367431640625e-07,-136.30181121826172,0.0
im76,0.75,dinov3_perceptual,-9.5367431640625e-07,-0.013037627562880516,0.0
im76,1.0,huber_ab,0.0,0.6203823089599609,1.0
im76,1.0,gradient_ab,0.0,-0.28586745262145996,0.0
im76,1.0,lpips_vgg,0.0,-0.07371267676353455,0.0
im76,1.0,convnext_perceptual,0.0,-107.08038330078125,0.0
im76,1.0,dinov3_perceptual,0.0,-0.016366021707654,0.0
im77,0.25,huber_ab,4.76837158203125e-07,0.23320388793945312,1.0
im77,0.25,gradient_ab,4.76837158203125e-07,-0.14801830053329468,0.0
im77,0.25,lpips_vgg,4.76837158203125e-07,0.014722701162099838,1.0
im77,0.25,convnext_perceptual,4.76837158203125e-07,114.49530792236328,1.0
im77,0.25,dinov3_perceptual,4.76837158203125e-07,0.006933888886123896,1.0
im77,0.5,huber_ab,9.5367431640625e-07,0.9814262390136719,1.0
im77,0.5,gradient_ab,9.5367431640625e-07,-0.29603660106658936,0.0
im77,0.5,lpips_vgg,9.5367431640625e-07,0.022693946957588196,1.0
im77,0.5,convnext_perceptual,9.5367431640625e-07,175.02914428710938,1.0
im77,0.5,dinov3_perceptual,9.5367431640625e-07,0.012451963499188423,1.0
im77,0.75,huber_ab,0.0,1.6984872817993164,1.0
im77,0.75,gradient_ab,0.0,-0.44405484199523926,0.0
im77,0.75,lpips_vgg,0.0,0.03601600229740143,1.0
im77,0.75,convnext_perceptual,0.0,10.3388671875,1.0
im77,0.75,dinov3_perceptual,0.0,0.011506596580147743,1.0
im77,1.0,huber_ab,1.9073486328125e-06,2.388561248779297,1.0
im77,1.0,gradient_ab,1.9073486328125e-06,-0.5920732021331787,0.0
im77,1.0,lpips_vgg,1.9073486328125e-06,0.033928513526916504,1.0
im77,1.0,convnext_perceptual,1.9073486328125e-06,-33.768341064453125,0.0
im77,1.0,dinov3_perceptual,1.9073486328125e-06,0.006325818598270416,1.0
im78,0.25,huber_ab,0.0,-0.11526530981063843,0.0
im78,0.25,gradient_ab,0.0,0.06288480758666992,1.0
im78,0.25,lpips_vgg,0.0,0.02496869396418333,1.0
im78,0.25,convnext_perceptual,0.0,29.13672637939453,1.0
im78,0.25,dinov3_perceptual,0.0,0.0013282119762152433,1.0
im78,0.5,huber_ab,0.0,0.015691041946411133,1.0
im78,0.5,gradient_ab,0.0,0.12576943635940552,1.0
im78,0.5,lpips_vgg,0.0,0.04823670536279678,1.0
im78,0.5,convnext_perceptual,0.0,4.08184814453125,1.0
im78,0.5,dinov3_perceptual,0.0,0.0020981989800930023,1.0
im78,0.75,huber_ab,0.0,0.27258777618408203,1.0
im78,0.75,gradient_ab,0.0,0.18865400552749634,1.0
im78,0.75,lpips_vgg,0.0,0.053122423589229584,1.0
im78,0.75,convnext_perceptual,0.0,-170.57717895507812,0.0
im78,0.75,dinov3_perceptual,0.0,-0.0005628233775496483,0.0
im78,1.0,huber_ab,0.0,0.5258259773254395,1.0
im78,1.0,gradient_ab,0.0,0.2515385150909424,1.0
im78,1.0,lpips_vgg,0.0,0.05554498732089996,1.0
im78,1.0,convnext_perceptual,0.0,-427.58868408203125,0.0
im78,1.0,dinov3_perceptual,0.0,-0.010173304006457329,0.0
im79,0.25,huber_ab,-9.5367431640625e-07,-0.33994579315185547,0.0
im79,0.25,gradient_ab,-9.5367431640625e-07,-0.04395541548728943,0.0
im79,0.25,lpips_vgg,-9.5367431640625e-07,0.021351033821702003,1.0
im79,0.25,convnext_perceptual,-9.5367431640625e-07,98.87603759765625,1.0
im79,0.25,dinov3_perceptual,-9.5367431640625e-07,0.0023707663640379906,1.0
im79,0.5,huber_ab,-9.5367431640625e-07,-1.0606956481933594,0.0
im79,0.5,gradient_ab,-9.5367431640625e-07,-0.08791083097457886,0.0
im79,0.5,lpips_vgg,-9.5367431640625e-07,0.058647677302360535,1.0
im79,0.5,convnext_perceptual,-9.5367431640625e-07,-117.0889892578125,0.0
im79,0.5,dinov3_perceptual,-9.5367431640625e-07,0.003432824742048979,1.0
im79,0.75,huber_ab,0.0,-1.7093372344970703,0.0
im79,0.75,gradient_ab,0.0,-0.13186633586883545,0.0
im79,0.75,lpips_vgg,0.0,0.07964691519737244,1.0
im79,0.75,convnext_perceptual,0.0,-309.46014404296875,0.0
im79,0.75,dinov3_perceptual,0.0,0.001455959863960743,1.0
im79,1.0,huber_ab,-1.9073486328125e-06,-2.331239700317383,0.0
im79,1.0,gradient_ab,-1.9073486328125e-06,-0.17582166194915771,0.0
im79,1.0,lpips_vgg,-1.9073486328125e-06,0.06560385227203369,1.0
im79,1.0,convnext_perceptual,-1.9073486328125e-06,-154.3599853515625,0.0
im79,1.0,dinov3_perceptual,-1.9073486328125e-06,-0.006363023072481155,0.0
im8,0.25,huber_ab,9.5367431640625e-07,0.13793575763702393,1.0
im8,0.25,gradient_ab,9.5367431640625e-07,0.10202561318874359,1.0
im8,0.25,lpips_vgg,9.5367431640625e-07,0.028301013633608818,1.0
im8,0.25,convnext_perceptual,9.5367431640625e-07,221.07113075256348,1.0
im8,0.25,dinov3_perceptual,9.5367431640625e-07,0.010850325226783752,1.0
im8,0.5,huber_ab,1.9073486328125e-06,0.00519561767578125,1.0
im8,0.5,gradient_ab,1.9073486328125e-06,0.20405125617980957,1.0
im8,0.5,lpips_vgg,1.9073486328125e-06,0.05019008181989193,1.0
im8,0.5,convnext_perceptual,1.9073486328125e-06,796.4519119262695,1.0
im8,0.5,dinov3_perceptual,1.9073486328125e-06,0.019745769910514355,1.0
im8,0.75,huber_ab,1.9073486328125e-06,-0.1961994171142578,0.0
im8,0.75,gradient_ab,1.9073486328125e-06,0.30607685446739197,1.0
im8,0.75,lpips_vgg,1.9073486328125e-06,0.07189437001943588,1.0
im8,0.75,convnext_perceptual,1.9073486328125e-06,1402.3791809082031,1.0
im8,0.75,dinov3_perceptual,1.9073486328125e-06,0.02785103488713503,1.0
im8,1.0,huber_ab,1.9073486328125e-06,-0.3728771209716797,0.0
im8,1.0,gradient_ab,1.9073486328125e-06,0.40810254216194153,1.0
im8,1.0,lpips_vgg,1.9073486328125e-06,0.08474970608949661,1.0
im8,1.0,convnext_perceptual,1.9073486328125e-06,1223.9071044921875,1.0
im8,1.0,dinov3_perceptual,1.9073486328125e-06,0.03349084220826626,1.0
im80,0.25,huber_ab,-9.5367431640625e-07,-0.08468353748321533,0.0
im80,0.25,gradient_ab,-9.5367431640625e-07,-0.22892387211322784,0.0
im80,0.25,lpips_vgg,-9.5367431640625e-07,-0.00013096816837787628,0.0
im80,0.25,convnext_perceptual,-9.5367431640625e-07,-186.11776542663574,0.0
im80,0.25,dinov3_perceptual,-9.5367431640625e-07,-0.0020348987309262156,0.0
im80,0.5,huber_ab,-9.5367431640625e-07,-0.40175485610961914,0.0
im80,0.5,gradient_ab,-9.5367431640625e-07,-0.4578477740287781,0.0
im80,0.5,lpips_vgg,-9.5367431640625e-07,-0.011350028216838837,0.0
im80,0.5,convnext_perceptual,-9.5367431640625e-07,-301.17760848999023,0.0
im80,0.5,dinov3_perceptual,-9.5367431640625e-07,-0.007997719570994377,0.0
im80,0.75,huber_ab,0.0,-0.6227016448974609,0.0
im80,0.75,gradient_ab,0.0,-0.6867716908454895,0.0
im80,0.75,lpips_vgg,0.0,-0.046592965722084045,0.0
im80,0.75,convnext_perceptual,0.0,-204.78529357910156,0.0
im80,0.75,dinov3_perceptual,0.0,-0.01346826832741499,0.0
im80,1.0,huber_ab,-1.9073486328125e-06,-0.8430624008178711,0.0
im80,1.0,gradient_ab,-1.9073486328125e-06,-0.9156956672668457,0.0
im80,1.0,lpips_vgg,-1.9073486328125e-06,-0.12271590530872345,0.0
im80,1.0,convnext_perceptual,-1.9073486328125e-06,-217.48800659179688,0.0
im80,1.0,dinov3_perceptual,-1.9073486328125e-06,-0.018875854089856148,0.0
im81,0.25,huber_ab,0.0,-0.22767695784568787,0.0
im81,0.25,gradient_ab,0.0,-0.18806463479995728,0.0
im81,0.25,lpips_vgg,0.0,0.007610767148435116,1.0
im81,0.25,convnext_perceptual,0.0,-47.415727615356445,0.0
im81,0.25,dinov3_perceptual,0.0,-0.00016790308291092515,0.0
im81,0.5,huber_ab,4.76837158203125e-07,-0.2978616952896118,0.0
im81,0.5,gradient_ab,4.76837158203125e-07,-0.37612926959991455,0.0
im81,0.5,lpips_vgg,4.76837158203125e-07,0.023283610120415688,1.0
im81,0.5,convnext_perceptual,4.76837158203125e-07,-191.19369506835938,0.0
im81,0.5,dinov3_perceptual,4.76837158203125e-07,-0.0009534212294965982,0.0
im81,0.75,huber_ab,0.0,-0.21394634246826172,0.0
im81,0.75,gradient_ab,0.0,-0.564193844795227,0.0
im81,0.75,lpips_vgg,0.0,0.038409627974033356,1.0
im81,0.75,convnext_perceptual,0.0,-317.46368408203125,0.0
im81,0.75,dinov3_perceptual,0.0,-0.002711948938667774,0.0
im81,1.0,huber_ab,0.0,-0.13510608673095703,0.0
im81,1.0,gradient_ab,0.0,-0.7522584199905396,0.0
im81,1.0,lpips_vgg,0.0,0.04707328975200653,1.0
im81,1.0,convnext_perceptual,0.0,-352.9540710449219,0.0
im81,1.0,dinov3_perceptual,0.0,-0.0057200100272893906,0.0
im82,0.25,huber_ab,0.0,0.030356943607330322,1.0
im82,0.25,gradient_ab,0.0,-0.27490413188934326,0.0
im82,0.25,lpips_vgg,0.0,0.01652996987104416,1.0
im82,0.25,convnext_perceptual,0.0,-18.794906616210938,0.0
im82,0.25,dinov3_perceptual,0.0,0.007661523763090372,1.0
im82,0.5,huber_ab,0.0,0.2340831756591797,1.0
im82,0.5,gradient_ab,0.0,-0.5498083233833313,0.0
im82,0.5,lpips_vgg,0.0,0.04124007746577263,1.0
im82,0.5,convnext_perceptual,0.0,-93.97531127929688,0.0
im82,0.5,dinov3_perceptual,0.0,0.009804408997297287,1.0
im82,0.75,huber_ab,1.9073486328125e-06,0.510432243347168,1.0
im82,0.75,gradient_ab,1.9073486328125e-06,-0.8247126340866089,0.0
im82,0.75,lpips_vgg,1.9073486328125e-06,0.048336200416088104,1.0
im82,0.75,convnext_perceptual,1.9073486328125e-06,-177.33065795898438,0.0
im82,0.75,dinov3_perceptual,1.9073486328125e-06,0.006768032908439636,1.0
im82,1.0,huber_ab,0.0,0.7938942909240723,1.0
im82,1.0,gradient_ab,0.0,-1.0996167659759521,0.0
im82,1.0,lpips_vgg,0.0,0.054378971457481384,1.0
im82,1.0,convnext_perceptual,0.0,-157.61526489257812,0.0
im82,1.0,dinov3_perceptual,0.0,0.006320085376501083,1.0
im83,0.25,huber_ab,0.0,-0.18716347217559814,0.0
im83,0.25,gradient_ab,0.0,-0.054182857275009155,0.0
im83,0.25,lpips_vgg,0.0,0.0018835607916116714,1.0
im83,0.25,convnext_perceptual,0.0,-5.861068248748779,0.0
im83,0.25,dinov3_perceptual,0.0,0.0018716291524469852,1.0
im83,0.5,huber_ab,0.0,-0.2756764888763428,0.0
im83,0.5,gradient_ab,0.0,-0.10836571455001831,0.0
im83,0.5,lpips_vgg,0.0,0.0031266026198863983,1.0
im83,0.5,convnext_perceptual,0.0,-35.91127586364746,0.0
im83,0.5,dinov3_perceptual,0.0,0.004679572768509388,1.0
im83,0.75,huber_ab,0.0,-0.2763330936431885,0.0
im83,0.75,gradient_ab,0.0,-0.16254866123199463,0.0
im83,0.75,lpips_vgg,0.0,0.006420746445655823,1.0
im83,0.75,convnext_perceptual,0.0,-48.239623069763184,0.0
im83,0.75,dinov3_perceptual,0.0,0.0003719516098499298,1.0
im83,1.0,huber_ab,0.0,-0.2595863342285156,0.0
im83,1.0,gradient_ab,0.0,-0.21673130989074707,0.0
im83,1.0,lpips_vgg,0.0,0.006452053785324097,1.0
im83,1.0,convnext_perceptual,0.0,-14.104114532470703,0.0
im83,1.0,dinov3_perceptual,0.0,-0.012817535549402237,0.0
im86,0.25,huber_ab,2.384185791015625e-07,-0.021165311336517334,0.0
im86,0.25,gradient_ab,2.384185791015625e-07,-0.2144889533519745,0.0
im86,0.25,lpips_vgg,2.384185791015625e-07,-0.00014339573681354523,0.0
im86,0.25,convnext_perceptual,2.384185791015625e-07,-5.37408447265625,0.0
im86,0.25,dinov3_perceptual,2.384185791015625e-07,0.0019978631753474474,1.0
im86,0.5,huber_ab,4.76837158203125e-07,-0.0024074316024780273,0.0
im86,0.5,gradient_ab,4.76837158203125e-07,-0.42897799611091614,0.0
im86,0.5,lpips_vgg,4.76837158203125e-07,0.000605408102273941,1.0
im86,0.5,convnext_perceptual,4.76837158203125e-07,-157.535888671875,0.0
im86,0.5,dinov3_perceptual,4.76837158203125e-07,0.0025937347672879696,1.0
im86,0.75,huber_ab,0.0,0.15297389030456543,1.0
im86,0.75,gradient_ab,0.0,-0.6434670388698578,0.0
im86,0.75,lpips_vgg,0.0,-0.006233803927898407,0.0
im86,0.75,convnext_perceptual,0.0,-299.5697479248047,0.0
im86,0.75,dinov3_perceptual,0.0,0.0001413058489561081,1.0
im86,1.0,huber_ab,9.5367431640625e-07,0.3190772533416748,1.0
im86,1.0,gradient_ab,9.5367431640625e-07,-0.8579559922218323,0.0
im86,1.0,lpips_vgg,9.5367431640625e-07,-0.022455044090747833,0.0
im86,1.0,convnext_perceptual,9.5367431640625e-07,-470.4477081298828,0.0
im86,1.0,dinov3_perceptual,9.5367431640625e-07,-0.0031233057379722595,0.0
im87,0.25,huber_ab,0.0,0.014488697052001953,1.0
im87,0.25,gradient_ab,0.0,0.002672135829925537,1.0
im87,0.25,lpips_vgg,0.0,-0.02461308240890503,0.0
im87,0.25,convnext_perceptual,0.0,-31.0494384765625,0.0
im87,0.25,dinov3_perceptual,0.0,0.011016450822353363,1.0
im87,0.5,huber_ab,0.0,0.09806013107299805,1.0
im87,0.5,gradient_ab,0.0,0.005344390869140625,1.0
im87,0.5,lpips_vgg,0.0,-0.024060294032096863,0.0
im87,0.5,convnext_perceptual,0.0,-71.15493774414062,0.0
im87,0.5,dinov3_perceptual,0.0,0.015009202063083649,1.0
im87,0.75,huber_ab,3.814697265625e-06,0.17194557189941406,1.0
im87,0.75,gradient_ab,3.814697265625e-06,0.008016347885131836,1.0
im87,0.75,lpips_vgg,3.814697265625e-06,-0.03927621245384216,0.0
im87,0.75,convnext_perceptual,3.814697265625e-06,53.00531005859375,1.0
im87,0.75,dinov3_perceptual,3.814697265625e-06,0.006809275597333908,1.0
im87,1.0,huber_ab,0.0,0.2469005584716797,1.0
im87,1.0,gradient_ab,0.0,0.01068878173828125,1.0
im87,1.0,lpips_vgg,0.0,-0.08115619421005249,0.0
im87,1.0,convnext_perceptual,0.0,194.66836547851562,1.0
im87,1.0,dinov3_perceptual,0.0,-0.013925708830356598,0.0
im9,0.25,huber_ab,0.0,-0.020267874002456665,0.0
im9,0.25,gradient_ab,0.0,-0.16504016518592834,0.0
im9,0.25,lpips_vgg,0.0,0.006759815849363804,1.0
im9,0.25,convnext_perceptual,0.0,-1.64678955078125,0.0
im9,0.25,dinov3_perceptual,0.0,-0.0005667984951287508,0.0
im9,0.5,huber_ab,0.0,0.203477144241333,1.0
im9,0.5,gradient_ab,0.0,-0.33008038997650146,0.0
im9,0.5,lpips_vgg,0.0,0.005746256560087204,1.0
im9,0.5,convnext_perceptual,0.0,-35.34953308105469,0.0
im9,0.5,dinov3_perceptual,0.0,-0.0034882882609963417,0.0
im9,0.75,huber_ab,9.5367431640625e-07,0.5269503593444824,1.0
im9,0.75,gradient_ab,9.5367431640625e-07,-0.495120644569397,0.0
im9,0.75,lpips_vgg,9.5367431640625e-07,-0.0007851943373680115,0.0
im9,0.75,convnext_perceptual,9.5367431640625e-07,-49.36927795410156,0.0
im9,0.75,dinov3_perceptual,9.5367431640625e-07,-0.0065310681238770485,0.0
im9,1.0,huber_ab,0.0,0.8269119262695312,1.0
im9,1.0,gradient_ab,0.0,-0.6601608991622925,0.0
im9,1.0,lpips_vgg,0.0,-0.005009591579437256,0.0
im9,1.0,convnext_perceptual,0.0,-62.63555145263672,0.0
im9,1.0,dinov3_perceptual,0.0,-0.0087887616828084,0.0
im90,0.25,huber_ab,4.76837158203125e-07,-0.26027733087539673,0.0
im90,0.25,gradient_ab,4.76837158203125e-07,-0.28637829422950745,0.0
im90,0.25,lpips_vgg,4.76837158203125e-07,0.008068608120083809,1.0
im90,0.25,convnext_perceptual,4.76837158203125e-07,-4.49009895324707,0.0
im90,0.25,dinov3_perceptual,4.76837158203125e-07,0.0007859650067985058,1.0
im90,0.5,huber_ab,0.0,-0.2523214817047119,0.0
im90,0.5,gradient_ab,0.0,-0.5727566480636597,0.0
im90,0.5,lpips_vgg,0.0,0.015495367348194122,1.0
im90,0.5,convnext_perceptual,0.0,1.4226646423339844,1.0
im90,0.5,dinov3_perceptual,0.0,0.00017057452350854874,1.0
im90,0.75,huber_ab,1.9073486328125e-06,-0.13322138786315918,0.0
im90,0.75,gradient_ab,1.9073486328125e-06,-0.859135091304779,0.0
im90,0.75,lpips_vgg,1.9073486328125e-06,-0.0004256218671798706,0.0
im90,0.75,convnext_perceptual,1.9073486328125e-06,-40.636749267578125,0.0
im90,0.75,dinov3_perceptual,1.9073486328125e-06,-0.0072854794561862946,0.0
im90,1.0,huber_ab,-9.5367431640625e-07,-0.005877971649169922,0.0
im90,1.0,gradient_ab,-9.5367431640625e-07,-1.1455132961273193,0.0
im90,1.0,lpips_vgg,-9.5367431640625e-07,-0.025551021099090576,0.0
im90,1.0,convnext_perceptual,-9.5367431640625e-07,-212.65911865234375,0.0
im90,1.0,dinov3_perceptual,-9.5367431640625e-07,-0.02126963436603546,0.0
im91,0.25,huber_ab,9.5367431640625e-07,-0.015198349952697754,0.0
im91,0.25,gradient_ab,9.5367431640625e-07,-0.10114485025405884,0.0
im91,0.25,lpips_vgg,9.5367431640625e-07,0.004405152052640915,1.0
im91,0.25,convnext_perceptual,9.5367431640625e-07,-6.578827857971191,0.0
im91,0.25,dinov3_perceptual,9.5367431640625e-07,0.0005665186326950788,1.0
im91,0.5,huber_ab,1.9073486328125e-06,-0.2805185317993164,0.0
im91,0.5,gradient_ab,1.9073486328125e-06,-0.20228970050811768,0.0
im91,0.5,lpips_vgg,1.9073486328125e-06,0.005337946116924286,1.0
im91,0.5,convnext_perceptual,1.9073486328125e-06,-49.136735916137695,0.0
im91,0.5,dinov3_perceptual,1.9073486328125e-06,-0.0011427048593759537,0.0
im91,0.75,huber_ab,1.9073486328125e-06,-0.5131444931030273,0.0
im91,0.75,gradient_ab,1.9073486328125e-06,-0.3034345507621765,0.0
im91,0.75,lpips_vgg,1.9073486328125e-06,-0.01856750249862671,0.0
im91,0.75,convnext_perceptual,1.9073486328125e-06,-17.170101165771484,0.0
im91,0.75,dinov3_perceptual,1.9073486328125e-06,-0.008568164892494678,0.0
im91,1.0,huber_ab,3.814697265625e-06,-0.7330417633056641,0.0
im91,1.0,gradient_ab,3.814697265625e-06,-0.4045795202255249,0.0
im91,1.0,lpips_vgg,3.814697265625e-06,-0.06181299686431885,0.0
im91,1.0,convnext_perceptual,3.814697265625e-06,-18.506065368652344,0.0
im91,1.0,dinov3_perceptual,3.814697265625e-06,-0.019541751593351364,0.0
im92,0.25,huber_ab,-2.384185791015625e-07,-0.05284476280212402,0.0
im92,0.25,gradient_ab,-2.384185791015625e-07,-0.12325899302959442,0.0
im92,0.25,lpips_vgg,-2.384185791015625e-07,0.015535288490355015,1.0
im92,0.25,convnext_perceptual,-2.384185791015625e-07,-17.709441661834717,0.0
im92,0.25,dinov3_perceptual,-2.384185791015625e-07,-0.0009122111368924379,0.0
im92,0.5,huber_ab,-4.76837158203125e-07,0.04616057872772217,1.0
im92,0.5,gradient_ab,-4.76837158203125e-07,-0.2465180605649948,0.0
im92,0.5,lpips_vgg,-4.76837158203125e-07,0.05669551342725754,1.0
im92,0.5,convnext_perceptual,-4.76837158203125e-07,-39.715972900390625,0.0
im92,0.5,dinov3_perceptual,-4.76837158203125e-07,-0.0037452979013323784,0.0
im92,0.75,huber_ab,-9.5367431640625e-07,0.38885998725891113,1.0
im92,0.75,gradient_ab,-9.5367431640625e-07,-0.369777113199234,0.0
im92,0.75,lpips_vgg,-9.5367431640625e-07,0.08691567555069923,1.0
im92,0.75,convnext_perceptual,-9.5367431640625e-07,30.16888427734375,1.0
im92,0.75,dinov3_perceptual,-9.5367431640625e-07,-0.008352392353117466,0.0
im92,1.0,huber_ab,-9.5367431640625e-07,0.7188897132873535,1.0
im92,1.0,gradient_ab,-9.5367431640625e-07,-0.4930362403392792,0.0
im92,1.0,lpips_vgg,-9.5367431640625e-07,0.09722789376974106,1.0
im92,1.0,convnext_perceptual,-9.5367431640625e-07,36.73193359375,1.0
im92,1.0,dinov3_perceptual,-9.5367431640625e-07,-0.01240257266908884,0.0
im93,0.25,huber_ab,1.1920928955078125e-07,0.02341821789741516,1.0
im93,0.25,gradient_ab,1.1920928955078125e-07,-0.24872799217700958,0.0
im93,0.25,lpips_vgg,1.1920928955078125e-07,-0.0024009705521166325,0.0
im93,0.25,convnext_perceptual,1.1920928955078125e-07,-28.105652809143066,0.0
im93,0.25,dinov3_perceptual,1.1920928955078125e-07,-0.0009036187257152051,0.0
im93,0.5,huber_ab,2.384185791015625e-07,0.10321107506752014,1.0
im93,0.5,gradient_ab,2.384185791015625e-07,-0.4974561035633087,0.0
im93,0.5,lpips_vgg,2.384185791015625e-07,-0.009157641557976604,0.0
im93,0.5,convnext_perceptual,2.384185791015625e-07,-88.8795518875122,0.0
im93,0.5,dinov3_perceptual,2.384185791015625e-07,-0.0034475076536182314,0.0
im93,0.75,huber_ab,0.0,0.15675365924835205,1.0
im93,0.75,gradient_ab,0.0,-0.7461841404438019,0.0
im93,0.75,lpips_vgg,0.0,-0.018409776967018843,0.0
im93,0.75,convnext_perceptual,0.0,-135.23861074447632,0.0
im93,0.75,dinov3_perceptual,0.0,-0.007068767212331295,0.0
im93,1.0,huber_ab,0.0,0.18162071704864502,1.0
im93,1.0,gradient_ab,0.0,-0.9949122369289398,0.0
im93,1.0,lpips_vgg,0.0,-0.029564193449914455,0.0
im93,1.0,convnext_perceptual,0.0,-167.6228723526001,0.0
im93,1.0,dinov3_perceptual,0.0,-0.010802449425682425,0.0
im94,0.25,huber_ab,0.0,0.025792598724365234,1.0
im94,0.25,gradient_ab,0.0,-0.05732026696205139,0.0
im94,0.25,lpips_vgg,0.0,0.00989503599703312,1.0
im94,0.25,convnext_perceptual,0.0,-14.090354919433594,0.0
im94,0.25,dinov3_perceptual,0.0,0.0021896399557590485,1.0
im94,0.5,huber_ab,0.0,0.2787818908691406,1.0
im94,0.5,gradient_ab,0.0,-0.11464047431945801,0.0
im94,0.5,lpips_vgg,0.0,0.025421172380447388,1.0
im94,0.5,convnext_perceptual,0.0,101.36856079101562,1.0
im94,0.5,dinov3_perceptual,0.0,0.0056402492336928844,1.0
im94,0.75,huber_ab,-1.9073486328125e-06,0.5087156295776367,1.0
im94,0.75,gradient_ab,-1.9073486328125e-06,-0.17196083068847656,0.0
im94,0.75,lpips_vgg,-1.9073486328125e-06,0.01800002157688141,1.0
im94,0.75,convnext_perceptual,-1.9073486328125e-06,214.47683715820312,1.0
im94,0.75,dinov3_perceptual,-1.9073486328125e-06,0.0007863640785217285,1.0
im94,1.0,huber_ab,0.0,0.7146854400634766,1.0
im94,1.0,gradient_ab,0.0,-0.22928094863891602,0.0
im94,1.0,lpips_vgg,0.0,-0.027772873640060425,0.0
im94,1.0,convnext_perceptual,0.0,115.3978271484375,1.0
im94,1.0,dinov3_perceptual,0.0,-0.014332769438624382,0.0
im95,0.25,huber_ab,4.76837158203125e-07,-0.21171283721923828,0.0
im95,0.25,gradient_ab,4.76837158203125e-07,-0.3102254867553711,0.0
im95,0.25,lpips_vgg,4.76837158203125e-07,-0.006540918722748756,0.0
im95,0.25,convnext_perceptual,4.76837158203125e-07,-317.84240341186523,0.0
im95,0.25,dinov3_perceptual,4.76837158203125e-07,-0.003074401058256626,0.0
im95,0.5,huber_ab,9.5367431640625e-07,-0.1266624927520752,0.0
im95,0.5,gradient_ab,9.5367431640625e-07,-0.6204509735107422,0.0
im95,0.5,lpips_vgg,9.5367431640625e-07,-0.019819550216197968,0.0
im95,0.5,convnext_perceptual,9.5367431640625e-07,-300.3181610107422,0.0
im95,0.5,dinov3_perceptual,9.5367431640625e-07,-0.005516054108738899,0.0
im95,0.75,huber_ab,-9.5367431640625e-07,0.06100797653198242,1.0
im95,0.75,gradient_ab,-9.5367431640625e-07,-0.9306765198707581,0.0
im95,0.75,lpips_vgg,-9.5367431640625e-07,-0.024396702647209167,0.0
im95,0.75,convnext_perceptual,-9.5367431640625e-07,-91.66973876953125,0.0
im95,0.75,dinov3_perceptual,-9.5367431640625e-07,-0.007875677198171616,0.0
im95,1.0,huber_ab,1.9073486328125e-06,0.23163604736328125,1.0
im95,1.0,gradient_ab,1.9073486328125e-06,-1.2409019470214844,0.0
im95,1.0,lpips_vgg,1.9073486328125e-06,-0.021962404251098633,0.0
im95,1.0,convnext_perceptual,1.9073486328125e-06,-114.17018127441406,0.0
im95,1.0,dinov3_perceptual,1.9073486328125e-06,-0.0071435123682022095,0.0
im97,0.25,huber_ab,2.384185791015625e-07,0.07792532444000244,1.0
im97,0.25,gradient_ab,2.384185791015625e-07,-0.08622762560844421,0.0
im97,0.25,lpips_vgg,2.384185791015625e-07,0.010764176025986671,1.0
im97,0.25,convnext_perceptual,2.384185791015625e-07,-38.519691467285156,0.0
im97,0.25,dinov3_perceptual,2.384185791015625e-07,0.003185492241755128,1.0
im97,0.5,huber_ab,4.76837158203125e-07,0.39407777786254883,1.0
im97,0.5,gradient_ab,4.76837158203125e-07,-0.1724550724029541,0.0
im97,0.5,lpips_vgg,4.76837158203125e-07,0.039254745468497276,1.0
im97,0.5,convnext_perceptual,4.76837158203125e-07,-221.15194702148438,0.0
im97,0.5,dinov3_perceptual,4.76837158203125e-07,0.0036198319867253304,1.0
im97,0.75,huber_ab,0.0,0.6995682716369629,1.0
im97,0.75,gradient_ab,0.0,-0.2586825489997864,0.0
im97,0.75,lpips_vgg,0.0,0.05560357868671417,1.0
im97,0.75,convnext_perceptual,0.0,-89.18988037109375,0.0
im97,0.75,dinov3_perceptual,0.0,0.0017617158591747284,1.0
im97,1.0,huber_ab,9.5367431640625e-07,0.9574317932128906,1.0
im97,1.0,gradient_ab,9.5367431640625e-07,-0.3449101448059082,0.0
im97,1.0,lpips_vgg,9.5367431640625e-07,0.0592588409781456,1.0
im97,1.0,convnext_perceptual,9.5367431640625e-07,-343.2994689941406,0.0
im97,1.0,dinov3_perceptual,9.5367431640625e-07,-0.0006714761257171631,0.0
im98,0.25,huber_ab,0.0,-0.05276578664779663,0.0
im98,0.25,gradient_ab,0.0,-0.18657875061035156,0.0
im98,0.25,lpips_vgg,0.0,-0.0018953806720674038,0.0
im98,0.25,convnext_perceptual,0.0,34.926998138427734,1.0
im98,0.25,dinov3_perceptual,0.0,-0.0005995462415739894,0.0
im98,0.5,huber_ab,0.0,-0.10422039031982422,0.0
im98,0.5,gradient_ab,0.0,-0.3731575310230255,0.0
im98,0.5,lpips_vgg,0.0,-0.006057558581233025,0.0
im98,0.5,convnext_perceptual,0.0,-64.65071868896484,0.0
im98,0.5,dinov3_perceptual,0.0,-0.003209622111171484,0.0
im98,0.75,huber_ab,0.0,-0.10065627098083496,0.0
im98,0.75,gradient_ab,0.0,-0.5597363114356995,0.0
im98,0.75,lpips_vgg,0.0,-0.013536408543586731,0.0
im98,0.75,convnext_perceptual,0.0,-129.7917022705078,0.0
im98,0.75,dinov3_perceptual,0.0,-0.006579982116818428,0.0
im98,1.0,huber_ab,0.0,-0.05051875114440918,0.0
im98,1.0,gradient_ab,0.0,-0.7463150024414062,0.0
im98,1.0,lpips_vgg,0.0,-0.02278655767440796,0.0
im98,1.0,convnext_perceptual,0.0,-190.33657836914062,0.0
im98,1.0,dinov3_perceptual,0.0,-0.008518373593688011,0.0
