sample_id,error_type,loss,spearman
im101,wrong_hue,huber_ab,0.9999999999999998
im101,wrong_hue,gradient_ab,0.9999999999999998
im101,wrong_hue,lpips_vgg,0.9999999999999998
im101,wrong_hue,convnext_perceptual,0.9999999999999998
im101,wrong_hue,dinov3_perceptual,0.9999999999999998
im101,low_saturation,huber_ab,0.9999999999999998
im101,low_saturation,gradient_ab,0.9999999999999998
im101,low_saturation,lpips_vgg,0.9999999999999998
im101,low_saturation,convnext_perceptual,0.9999999999999998
im101,low_saturation,dinov3_perceptual,0.9999999999999998
im101,color_bleeding,huber_ab,0.9999999999999998
im101,color_bleeding,gradient_ab,0.9999999999999998
im101,color_bleeding,lpips_vgg,0.9999999999999998
im101,color_bleeding,convnext_perceptual,0.9999999999999998
im101,color_bleeding,dinov3_perceptual,0.9999999999999998
im101,subtle_color_error,huber_ab,0.9999999999999998
im101,subtle_color_error,gradient_ab,0.9999999999999998
im101,subtle_color_error,lpips_vgg,0.9999999999999998
im101,subtle_color_error,convnext_perceptual,0.9999999999999998
im101,subtle_color_error,dinov3_perceptual,0.9999999999999998
im101,semantically_wrong_color,huber_ab,0.9999999999999998
im101,semantically_wrong_color,gradient_ab,0.9999999999999998
im101,semantically_wrong_color,lpips_vgg,0.9999999999999998
im101,semantically_wrong_color,convnext_perceptual,0.9999999999999998
im101,semantically_wrong_color,dinov3_perceptual,0.9999999999999998
im101,plausible_alternative_colorization,huber_ab,0.9999999999999998
im101,plausible_alternative_colorization,gradient_ab,0.9999999999999998
im101,plausible_alternative_colorization,lpips_vgg,0.9999999999999998
im101,plausible_alternative_colorization,convnext_perceptual,0.9999999999999998
im101,plausible_alternative_colorization,dinov3_perceptual,0.9999999999999998
im102,wrong_hue,huber_ab,0.9999999999999998
im102,wrong_hue,gradient_ab,0.9999999999999998
im102,wrong_hue,lpips_vgg,0.9999999999999998
im102,wrong_hue,convnext_perceptual,0.9999999999999998
im102,wrong_hue,dinov3_perceptual,0.9999999999999998
im102,low_saturation,huber_ab,0.9999999999999998
im102,low_saturation,gradient_ab,0.9999999999999998
im102,low_saturation,lpips_vgg,0.9999999999999998
im102,low_saturation,convnext_perceptual,0.9999999999999998
im102,low_saturation,dinov3_perceptual,0.9999999999999998
im102,color_bleeding,huber_ab,0.9999999999999998
im102,color_bleeding,gradient_ab,0.9999999999999998
im102,color_bleeding,lpips_vgg,0.9999999999999998
im102,color_bleeding,convnext_perceptual,0.9999999999999998
im102,color_bleeding,dinov3_perceptual,0.9999999999999998
im102,subtle_color_error,huber_ab,0.9999999999999998
im102,subtle_color_error,gradient_ab,0.9999999999999998
im102,subtle_color_error,lpips_vgg,0.9999999999999998
im102,subtle_color_error,convnext_perceptual,0.9999999999999998
im102,subtle_color_error,dinov3_perceptual,0.9999999999999998
im102,semantically_wrong_color,huber_ab,0.9999999999999998
im102,semantically_wrong_color,gradient_ab,0.9999999999999998
im102,semantically_wrong_color,lpips_vgg,0.9999999999999998
im102,semantically_wrong_color,convnext_perceptual,0.9999999999999998
im102,semantically_wrong_color,dinov3_perceptual,0.9999999999999998
im102,plausible_alternative_colorization,huber_ab,0.9999999999999998
im102,plausible_alternative_colorization,gradient_ab,0.9999999999999998
im102,plausible_alternative_colorization,lpips_vgg,0.9999999999999998
im102,plausible_alternative_colorization,convnext_perceptual,0.9999999999999998
im102,plausible_alternative_colorization,dinov3_perceptual,0.9999999999999998
im103,wrong_hue,huber_ab,0.9999999999999998
im103,wrong_hue,gradient_ab,0.9999999999999998
im103,wrong_hue,lpips_vgg,0.9999999999999998
im103,wrong_hue,convnext_perceptual,0.9999999999999998
im103,wrong_hue,dinov3_perceptual,0.9999999999999998
im103,low_saturation,huber_ab,0.9999999999999998
im103,low_saturation,gradient_ab,0.9999999999999998
im103,low_saturation,lpips_vgg,0.9999999999999998
im103,low_saturation,convnext_perceptual,0.7999999999999998
im103,low_saturation,dinov3_perceptual,0.9999999999999998
im103,color_bleeding,huber_ab,0.9999999999999998
im103,color_bleeding,gradient_ab,0.9999999999999998
im103,color_bleeding,lpips_vgg,0.9999999999999998
im103,color_bleeding,convnext_perceptual,0.9999999999999998
im103,color_bleeding,dinov3_perceptual,0.9999999999999998
im103,subtle_color_error,huber_ab,0.9999999999999998
im103,subtle_color_error,gradient_ab,0.9999999999999998
im103,subtle_color_error,lpips_vgg,0.9999999999999998
im103,subtle_color_error,convnext_perceptual,0.9999999999999998
im103,subtle_color_error,dinov3_perceptual,0.9999999999999998
im103,semantically_wrong_color,huber_ab,0.9999999999999998
im103,semantically_wrong_color,gradient_ab,0.9999999999999998
im103,semantically_wrong_color,lpips_vgg,0.9999999999999998
im103,semantically_wrong_color,convnext_perceptual,0.9999999999999998
im103,semantically_wrong_color,dinov3_perceptual,0.9999999999999998
im103,plausible_alternative_colorization,huber_ab,0.9999999999999998
im103,plausible_alternative_colorization,gradient_ab,0.9999999999999998
im103,plausible_alternative_colorization,lpips_vgg,0.9999999999999998
im103,plausible_alternative_colorization,convnext_perceptual,0.9999999999999998
im103,plausible_alternative_colorization,dinov3_perceptual,0.9999999999999998
im106,wrong_hue,huber_ab,0.9999999999999998
im106,wrong_hue,gradient_ab,0.9999999999999998
im106,wrong_hue,lpips_vgg,0.9999999999999998
im106,wrong_hue,convnext_perceptual,0.9999999999999998
im106,wrong_hue,dinov3_perceptual,0.9999999999999998
im106,low_saturation,huber_ab,0.9999999999999998
im106,low_saturation,gradient_ab,0.9999999999999998
im106,low_saturation,lpips_vgg,0.9999999999999998
im106,low_saturation,convnext_perceptual,0.9999999999999998
im106,low_saturation,dinov3_perceptual,0.9999999999999998
im106,color_bleeding,huber_ab,0.9999999999999998
im106,color_bleeding,gradient_ab,0.9999999999999998
im106,color_bleeding,lpips_vgg,0.9999999999999998
im106,color_bleeding,convnext_perceptual,0.9999999999999998
im106,color_bleeding,dinov3_perceptual,0.9999999999999998
im106,subtle_color_error,huber_ab,0.9999999999999998
im106,subtle_color_error,gradient_ab,0.9999999999999998
im106,subtle_color_error,lpips_vgg,0.9999999999999998
im106,subtle_color_error,convnext_perceptual,0.9999999999999998
im106,subtle_color_error,dinov3_perceptual,0.9999999999999998
im106,semantically_wrong_color,huber_ab,0.9999999999999998
im106,semantically_wrong_color,gradient_ab,0.9999999999999998
im106,semantically_wrong_color,lpips_vgg,0.9999999999999998
im106,semantically_wrong_color,convnext_perceptual,0.9999999999999998
im106,semantically_wrong_color,dinov3_perceptual,0.9999999999999998
im106,plausible_alternative_colorization,huber_ab,0.9999999999999998
im106,plausible_alternative_colorization,gradient_ab,0.9999999999999998
im106,plausible_alternative_colorization,lpips_vgg,0.9999999999999998
im106,plausible_alternative_colorization,convnext_perceptual,0.9999999999999998
im106,plausible_alternative_colorization,dinov3_perceptual,0.9999999999999998
im107,wrong_hue,huber_ab,0.9999999999999998
im107,wrong_hue,gradient_ab,0.9999999999999998
im107,wrong_hue,lpips_vgg,0.9999999999999998
im107,wrong_hue,convnext_perceptual,0.9999999999999998
im107,wrong_hue,dinov3_perceptual,0.9999999999999998
im107,low_saturation,huber_ab,0.9999999999999998
im107,low_saturation,gradient_ab,0.9999999999999998
im107,low_saturation,lpips_vgg,0.9999999999999998
im107,low_saturation,convnext_perceptual,0.7999999999999998
im107,low_saturation,dinov3_perceptual,0.9999999999999998
im107,color_bleeding,huber_ab,0.9999999999999998
im107,color_bleeding,gradient_ab,0.9999999999999998
im107,color_bleeding,lpips_vgg,0.9999999999999998
im107,color_bleeding,convnext_perceptual,0.9999999999999998
im107,color_bleeding,dinov3_perceptual,0.9999999999999998
im107,subtle_color_error,huber_ab,0.9999999999999998
im107,subtle_color_error,gradient_ab,0.9999999999999998
im107,subtle_color_error,lpips_vgg,0.9999999999999998
im107,subtle_color_error,convnext_perceptual,0.9999999999999998
im107,subtle_color_error,dinov3_perceptual,0.9999999999999998
im107,semantically_wrong_color,huber_ab,0.9999999999999998
im107,semantically_wrong_color,gradient_ab,0.9999999999999998
im107,semantically_wrong_color,lpips_vgg,0.9999999999999998
im107,semantically_wrong_color,convnext_perceptual,0.7999999999999998
im107,semantically_wrong_color,dinov3_perceptual,0.9999999999999998
im107,plausible_alternative_colorization,huber_ab,0.9999999999999998
im107,plausible_alternative_colorization,gradient_ab,0.9999999999999998
im107,plausible_alternative_colorization,lpips_vgg,0.9999999999999998
im107,plausible_alternative_colorization,convnext_perceptual,0.7999999999999998
im107,plausible_alternative_colorization,dinov3_perceptual,0.9999999999999998
im109,wrong_hue,huber_ab,0.9999999999999998
im109,wrong_hue,gradient_ab,0.9999999999999998
im109,wrong_hue,lpips_vgg,0.9999999999999998
im109,wrong_hue,convnext_perceptual,0.9999999999999998
im109,wrong_hue,dinov3_perceptual,0.9999999999999998
im109,low_saturation,huber_ab,0.9999999999999998
im109,low_saturation,gradient_ab,0.9999999999999998
im109,low_saturation,lpips_vgg,0.9999999999999998
im109,low_saturation,convnext_perceptual,0.9999999999999998
im109,low_saturation,dinov3_perceptual,0.9999999999999998
im109,color_bleeding,huber_ab,0.9999999999999998
im109,color_bleeding,gradient_ab,0.9999999999999998
im109,color_bleeding,lpips_vgg,0.9999999999999998
im109,color_bleeding,convnext_perceptual,0.9999999999999998
im109,color_bleeding,dinov3_perceptual,0.9999999999999998
im109,subtle_color_error,huber_ab,0.9999999999999998
im109,subtle_color_error,gradient_ab,0.9999999999999998
im109,subtle_color_error,lpips_vgg,0.9999999999999998
im109,subtle_color_error,convnext_perceptual,0.9999999999999998
im109,subtle_color_error,dinov3_perceptual,0.9999999999999998
im109,semantically_wrong_color,huber_ab,0.9999999999999998
im109,semantically_wrong_color,gradient_ab,0.9999999999999998
im109,semantically_wrong_color,lpips_vgg,0.9999999999999998
im109,semantically_wrong_color,convnext_perceptual,0.9999999999999998
im109,semantically_wrong_color,dinov3_perceptual,0.9999999999999998
im109,plausible_alternative_colorization,huber_ab,0.9999999999999998
im109,plausible_alternative_colorization,gradient_ab,0.9999999999999998
im109,plausible_alternative_colorization,lpips_vgg,0.9999999999999998
im109,plausible_alternative_colorization,convnext_perceptual,0.9999999999999998
im109,plausible_alternative_colorization,dinov3_perceptual,0.9999999999999998
im110,wrong_hue,huber_ab,0.9999999999999998
im110,wrong_hue,gradient_ab,0.9999999999999998
im110,wrong_hue,lpips_vgg,0.9999999999999998
im110,wrong_hue,convnext_perceptual,0.9999999999999998
im110,wrong_hue,dinov3_perceptual,0.9999999999999998
im110,low_saturation,huber_ab,0.9999999999999998
im110,low_saturation,gradient_ab,0.9999999999999998
im110,low_saturation,lpips_vgg,0.9999999999999998
im110,low_saturation,convnext_perceptual,0.9999999999999998
im110,low_saturation,dinov3_perceptual,0.9999999999999998
im110,color_bleeding,huber_ab,0.9999999999999998
im110,color_bleeding,gradient_ab,0.9999999999999998
im110,color_bleeding,lpips_vgg,0.9999999999999998
im110,color_bleeding,convnext_perceptual,0.9999999999999998
im110,color_bleeding,dinov3_perceptual,0.9999999999999998
im110,subtle_color_error,huber_ab,0.9999999999999998
im110,subtle_color_error,gradient_ab,0.9999999999999998
im110,subtle_color_error,lpips_vgg,0.9999999999999998
im110,subtle_color_error,convnext_perceptual,0.9999999999999998
im110,subtle_color_error,dinov3_perceptual,0.9999999999999998
im110,semantically_wrong_color,huber_ab,0.9999999999999998
im110,semantically_wrong_color,gradient_ab,0.9999999999999998
im110,semantically_wrong_color,lpips_vgg,0.9999999999999998
im110,semantically_wrong_color,convnext_perceptual,0.9999999999999998
im110,semantically_wrong_color,dinov3_perceptual,0.9999999999999998
im110,plausible_alternative_colorization,huber_ab,0.9999999999999998
im110,plausible_alternative_colorization,gradient_ab,0.9999999999999998
im110,plausible_alternative_colorization,lpips_vgg,0.9999999999999998
im110,plausible_alternative_colorization,convnext_perceptual,0.9999999999999998
im110,plausible_alternative_colorization,dinov3_perceptual,0.9999999999999998
im111,wrong_hue,huber_ab,0.9999999999999998
im111,wrong_hue,gradient_ab,0.9999999999999998
im111,wrong_hue,lpips_vgg,0.9999999999999998
im111,wrong_hue,convnext_perceptual,0.9999999999999998
im111,wrong_hue,dinov3_perceptual,0.9999999999999998
im111,low_saturation,huber_ab,0.9999999999999998
im111,low_saturation,gradient_ab,0.9999999999999998
im111,low_saturation,lpips_vgg,0.9999999999999998
im111,low_saturation,convnext_perceptual,0.9999999999999998
im111,low_saturation,dinov3_perceptual,0.9999999999999998
im111,color_bleeding,huber_ab,0.9999999999999998
im111,color_bleeding,gradient_ab,0.9999999999999998
im111,color_bleeding,lpips_vgg,0.9999999999999998
im111,color_bleeding,convnext_perceptual,0.9999999999999998
im111,color_bleeding,dinov3_perceptual,0.9999999999999998
im111,subtle_color_error,huber_ab,0.9999999999999998
im111,subtle_color_error,gradient_ab,0.9999999999999998
im111,subtle_color_error,lpips_vgg,0.9999999999999998
im111,subtle_color_error,convnext_perceptual,0.9999999999999998
im111,subtle_color_error,dinov3_perceptual,0.9999999999999998
im111,semantically_wrong_color,huber_ab,0.9999999999999998
im111,semantically_wrong_color,gradient_ab,0.9999999999999998
im111,semantically_wrong_color,lpips_vgg,0.9999999999999998
im111,semantically_wrong_color,convnext_perceptual,0.9999999999999998
im111,semantically_wrong_color,dinov3_perceptual,0.9999999999999998
im111,plausible_alternative_colorization,huber_ab,0.9999999999999998
im111,plausible_alternative_colorization,gradient_ab,0.9999999999999998
im111,plausible_alternative_colorization,lpips_vgg,0.9999999999999998
im111,plausible_alternative_colorization,convnext_perceptual,0.9999999999999998
im111,plausible_alternative_colorization,dinov3_perceptual,0.9999999999999998
im114,wrong_hue,huber_ab,0.9999999999999998
im114,wrong_hue,gradient_ab,0.9999999999999998
im114,wrong_hue,lpips_vgg,0.9999999999999998
im114,wrong_hue,convnext_perceptual,0.9999999999999998
im114,wrong_hue,dinov3_perceptual,0.9999999999999998
im114,low_saturation,huber_ab,0.9999999999999998
im114,low_saturation,gradient_ab,0.9999999999999998
im114,low_saturation,lpips_vgg,0.9999999999999998
im114,low_saturation,convnext_perceptual,0.3999999999999999
im114,low_saturation,dinov3_perceptual,0.9999999999999998
im114,color_bleeding,huber_ab,0.9999999999999998
im114,color_bleeding,gradient_ab,0.9999999999999998
im114,color_bleeding,lpips_vgg,0.9999999999999998
im114,color_bleeding,convnext_perceptual,0.9999999999999998
im114,color_bleeding,dinov3_perceptual,0.9999999999999998
im114,subtle_color_error,huber_ab,0.9999999999999998
im114,subtle_color_error,gradient_ab,0.9999999999999998
im114,subtle_color_error,lpips_vgg,0.9999999999999998
im114,subtle_color_error,convnext_perceptual,0.9999999999999998
im114,subtle_color_error,dinov3_perceptual,0.9999999999999998
im114,semantically_wrong_color,huber_ab,0.9999999999999998
im114,semantically_wrong_color,gradient_ab,0.9999999999999998
im114,semantically_wrong_color,lpips_vgg,0.9999999999999998
im114,semantically_wrong_color,convnext_perceptual,0.9999999999999998
im114,semantically_wrong_color,dinov3_perceptual,0.9999999999999998
im114,plausible_alternative_colorization,huber_ab,0.9999999999999998
im114,plausible_alternative_colorization,gradient_ab,0.9999999999999998
im114,plausible_alternative_colorization,lpips_vgg,0.9999999999999998
im114,plausible_alternative_colorization,convnext_perceptual,0.9999999999999998
im114,plausible_alternative_colorization,dinov3_perceptual,0.9999999999999998
im115,wrong_hue,huber_ab,0.9999999999999998
im115,wrong_hue,gradient_ab,0.9999999999999998
im115,wrong_hue,lpips_vgg,0.9999999999999998
im115,wrong_hue,convnext_perceptual,0.9999999999999998
im115,wrong_hue,dinov3_perceptual,0.9999999999999998
im115,low_saturation,huber_ab,0.9999999999999998
im115,low_saturation,gradient_ab,0.9999999999999998
im115,low_saturation,lpips_vgg,0.9999999999999998
im115,low_saturation,convnext_perceptual,0.9999999999999998
im115,low_saturation,dinov3_perceptual,0.9999999999999998
im115,color_bleeding,huber_ab,0.9999999999999998
im115,color_bleeding,gradient_ab,0.9999999999999998
im115,color_bleeding,lpips_vgg,0.9999999999999998
im115,color_bleeding,convnext_perceptual,0.9999999999999998
im115,color_bleeding,dinov3_perceptual,0.9999999999999998
im115,subtle_color_error,huber_ab,0.9999999999999998
im115,subtle_color_error,gradient_ab,0.9999999999999998
im115,subtle_color_error,lpips_vgg,0.9999999999999998
im115,subtle_color_error,convnext_perceptual,0.9999999999999998
im115,subtle_color_error,dinov3_perceptual,0.9999999999999998
im115,semantically_wrong_color,huber_ab,0.9999999999999998
im115,semantically_wrong_color,gradient_ab,0.9999999999999998
im115,semantically_wrong_color,lpips_vgg,0.9999999999999998
im115,semantically_wrong_color,convnext_perceptual,0.9999999999999998
im115,semantically_wrong_color,dinov3_perceptual,0.9999999999999998
im115,plausible_alternative_colorization,huber_ab,0.9999999999999998
im115,plausible_alternative_colorization,gradient_ab,0.9999999999999998
im115,plausible_alternative_colorization,lpips_vgg,0.9999999999999998
im115,plausible_alternative_colorization,convnext_perceptual,0.9999999999999998
im115,plausible_alternative_colorization,dinov3_perceptual,0.9999999999999998
im117,wrong_hue,huber_ab,0.9999999999999998
im117,wrong_hue,gradient_ab,0.9999999999999998
im117,wrong_hue,lpips_vgg,0.9999999999999998
im117,wrong_hue,convnext_perceptual,0.9999999999999998
im117,wrong_hue,dinov3_perceptual,0.9999999999999998
im117,low_saturation,huber_ab,0.9999999999999998
im117,low_saturation,gradient_ab,0.9999999999999998
im117,low_saturation,lpips_vgg,0.9999999999999998
im117,low_saturation,convnext_perceptual,0.9999999999999998
im117,low_saturation,dinov3_perceptual,0.9999999999999998
im117,color_bleeding,huber_ab,0.9999999999999998
im117,color_bleeding,gradient_ab,0.9999999999999998
im117,color_bleeding,lpips_vgg,0.9999999999999998
im117,color_bleeding,convnext_perceptual,0.9999999999999998
im117,color_bleeding,dinov3_perceptual,0.9999999999999998
im117,subtle_color_error,huber_ab,0.9999999999999998
im117,subtle_color_error,gradient_ab,0.9999999999999998
im117,subtle_color_error,lpips_vgg,0.9999999999999998
im117,subtle_color_error,convnext_perceptual,0.9999999999999998
im117,subtle_color_error,dinov3_perceptual,0.9999999999999998
im117,semantically_wrong_color,huber_ab,0.9999999999999998
im117,semantically_wrong_color,gradient_ab,0.9999999999999998
im117,semantically_wrong_color,lpips_vgg,0.9999999999999998
im117,semantically_wrong_color,convnext_perceptual,0.9999999999999998
im117,semantically_wrong_color,dinov3_perceptual,0.9999999999999998
im117,plausible_alternative_colorization,huber_ab,0.9999999999999998
im117,plausible_alternative_colorization,gradient_ab,0.9999999999999998
im117,plausible_alternative_colorization,lpips_vgg,0.9999999999999998
im117,plausible_alternative_colorization,convnext_perceptual,0.9999999999999998
im117,plausible_alternative_colorization,dinov3_perceptual,0.9999999999999998
im118,wrong_hue,huber_ab,0.9999999999999998
im118,wrong_hue,gradient_ab,0.9999999999999998
im118,wrong_hue,lpips_vgg,0.9999999999999998
im118,wrong_hue,convnext_perceptual,0.9999999999999998
im118,wrong_hue,dinov3_perceptual,0.9999999999999998
im118,low_saturation,huber_ab,0.9999999999999998
im118,low_saturation,gradient_ab,0.9999999999999998
im118,low_saturation,lpips_vgg,0.9999999999999998
im118,low_saturation,convnext_perceptual,0.9999999999999998
im118,low_saturation,dinov3_perceptual,0.9999999999999998
im118,color_bleeding,huber_ab,0.9999999999999998
im118,color_bleeding,gradient_ab,0.9999999999999998
im118,color_bleeding,lpips_vgg,0.9999999999999998
im118,color_bleeding,convnext_perceptual,0.9999999999999998
im118,color_bleeding,dinov3_perceptual,0.9999999999999998
im118,subtle_color_error,huber_ab,0.9999999999999998
im118,subtle_color_error,gradient_ab,0.9999999999999998
im118,subtle_color_error,lpips_vgg,0.9999999999999998
im118,subtle_color_error,convnext_perceptual,0.9999999999999998
im118,subtle_color_error,dinov3_perceptual,0.9999999999999998
im118,semantically_wrong_color,huber_ab,0.9999999999999998
im118,semantically_wrong_color,gradient_ab,0.9999999999999998
im118,semantically_wrong_color,lpips_vgg,0.9999999999999998
im118,semantically_wrong_color,convnext_perceptual,0.9999999999999998
im118,semantically_wrong_color,dinov3_perceptual,0.9999999999999998
im118,plausible_alternative_colorization,huber_ab,0.9999999999999998
im118,plausible_alternative_colorization,gradient_ab,0.9999999999999998
im118,plausible_alternative_colorization,lpips_vgg,0.9999999999999998
im118,plausible_alternative_colorization,convnext_perceptual,0.9999999999999998
im118,plausible_alternative_colorization,dinov3_perceptual,0.9999999999999998
im119,wrong_hue,huber_ab,0.9999999999999998
im119,wrong_hue,gradient_ab,0.9999999999999998
im119,wrong_hue,lpips_vgg,0.9999999999999998
im119,wrong_hue,convnext_perceptual,0.9999999999999998
im119,wrong_hue,dinov3_perceptual,0.9999999999999998
im119,low_saturation,huber_ab,0.9999999999999998
im119,low_saturation,gradient_ab,0.9999999999999998
im119,low_saturation,lpips_vgg,0.9999999999999998
im119,low_saturation,convnext_perceptual,0.9999999999999998
im119,low_saturation,dinov3_perceptual,0.9999999999999998
im119,color_bleeding,huber_ab,0.9999999999999998
im119,color_bleeding,gradient_ab,0.9999999999999998
im119,color_bleeding,lpips_vgg,0.9999999999999998
im119,color_bleeding,convnext_perceptual,0.9999999999999998
im119,color_bleeding,dinov3_perceptual,0.9999999999999998
im119,subtle_color_error,huber_ab,0.9999999999999998
im119,subtle_color_error,gradient_ab,0.9999999999999998
im119,subtle_color_error,lpips_vgg,0.9999999999999998
im119,subtle_color_error,convnext_perceptual,0.9999999999999998
im119,subtle_color_error,dinov3_perceptual,0.9999999999999998
im119,semantically_wrong_color,huber_ab,0.9999999999999998
im119,semantically_wrong_color,gradient_ab,0.9999999999999998
im119,semantically_wrong_color,lpips_vgg,0.9999999999999998
im119,semantically_wrong_color,convnext_perceptual,0.9999999999999998
im119,semantically_wrong_color,dinov3_perceptual,0.9999999999999998
im119,plausible_alternative_colorization,huber_ab,0.9999999999999998
im119,plausible_alternative_colorization,gradient_ab,0.9999999999999998
im119,plausible_alternative_colorization,lpips_vgg,0.9999999999999998
im119,plausible_alternative_colorization,convnext_perceptual,0.9999999999999998
im119,plausible_alternative_colorization,dinov3_perceptual,0.9999999999999998
im12,wrong_hue,huber_ab,0.9999999999999998
im12,wrong_hue,gradient_ab,0.9999999999999998
im12,wrong_hue,lpips_vgg,0.9999999999999998
im12,wrong_hue,convnext_perceptual,0.9999999999999998
im12,wrong_hue,dinov3_perceptual,0.9999999999999998
im12,low_saturation,huber_ab,0.9999999999999998
im12,low_saturation,gradient_ab,0.9999999999999998
im12,low_saturation,lpips_vgg,0.9999999999999998
im12,low_saturation,convnext_perceptual,0.9999999999999998
im12,low_saturation,dinov3_perceptual,0.9999999999999998
im12,color_bleeding,huber_ab,0.9999999999999998
im12,color_bleeding,gradient_ab,0.9999999999999998
im12,color_bleeding,lpips_vgg,0.9999999999999998
im12,color_bleeding,convnext_perceptual,0.9999999999999998
im12,color_bleeding,dinov3_perceptual,0.9999999999999998
im12,subtle_color_error,huber_ab,0.9999999999999998
im12,subtle_color_error,gradient_ab,0.9999999999999998
im12,subtle_color_error,lpips_vgg,0.9999999999999998
im12,subtle_color_error,convnext_perceptual,0.9999999999999998
im12,subtle_color_error,dinov3_perceptual,0.9999999999999998
im12,semantically_wrong_color,huber_ab,0.9999999999999998
im12,semantically_wrong_color,gradient_ab,0.9999999999999998
im12,semantically_wrong_color,lpips_vgg,0.9999999999999998
im12,semantically_wrong_color,convnext_perceptual,0.9999999999999998
im12,semantically_wrong_color,dinov3_perceptual,0.9999999999999998
im12,plausible_alternative_colorization,huber_ab,0.9999999999999998
im12,plausible_alternative_colorization,gradient_ab,0.9999999999999998
im12,plausible_alternative_colorization,lpips_vgg,0.9999999999999998
im12,plausible_alternative_colorization,convnext_perceptual,0.9999999999999998
im12,plausible_alternative_colorization,dinov3_perceptual,0.9999999999999998
im120,wrong_hue,huber_ab,0.9999999999999998
im120,wrong_hue,gradient_ab,0.9999999999999998
im120,wrong_hue,lpips_vgg,0.9999999999999998
im120,wrong_hue,convnext_perceptual,0.9999999999999998
im120,wrong_hue,dinov3_perceptual,0.9999999999999998
im120,low_saturation,huber_ab,0.9999999999999998
im120,low_saturation,gradient_ab,0.9999999999999998
im120,low_saturation,lpips_vgg,0.9999999999999998
im120,low_saturation,convnext_perceptual,0.7999999999999998
im120,low_saturation,dinov3_perceptual,0.9999999999999998
im120,color_bleeding,huber_ab,0.9999999999999998
im120,color_bleeding,gradient_ab,0.9999999999999998
im120,color_bleeding,lpips_vgg,0.9999999999999998
im120,color_bleeding,convnext_perceptual,0.9999999999999998
im120,color_bleeding,dinov3_perceptual,0.9999999999999998
im120,subtle_color_error,huber_ab,0.9999999999999998
im120,subtle_color_error,gradient_ab,0.9999999999999998
im120,subtle_color_error,lpips_vgg,0.9999999999999998
im120,subtle_color_error,convnext_perceptual,0.9999999999999998
im120,subtle_color_error,dinov3_perceptual,0.9999999999999998
im120,semantically_wrong_color,huber_ab,0.9999999999999998
im120,semantically_wrong_color,gradient_ab,0.9999999999999998
im120,semantically_wrong_color,lpips_vgg,0.9999999999999998
im120,semantically_wrong_color,convnext_perceptual,0.7999999999999998
im120,semantically_wrong_color,dinov3_perceptual,0.9999999999999998
im120,plausible_alternative_colorization,huber_ab,0.9999999999999998
im120,plausible_alternative_colorization,gradient_ab,0.9999999999999998
im120,plausible_alternative_colorization,lpips_vgg,0.9999999999999998
im120,plausible_alternative_colorization,convnext_perceptual,0.9999999999999998
im120,plausible_alternative_colorization,dinov3_perceptual,0.9999999999999998
im121,wrong_hue,huber_ab,0.9999999999999998
im121,wrong_hue,gradient_ab,0.9999999999999998
im121,wrong_hue,lpips_vgg,0.9999999999999998
im121,wrong_hue,convnext_perceptual,0.9999999999999998
im121,wrong_hue,dinov3_perceptual,0.9999999999999998
im121,low_saturation,huber_ab,0.9999999999999998
im121,low_saturation,gradient_ab,0.9999999999999998
im121,low_saturation,lpips_vgg,0.9999999999999998
im121,low_saturation,convnext_perceptual,0.9999999999999998
im121,low_saturation,dinov3_perceptual,0.9999999999999998
im121,color_bleeding,huber_ab,0.9999999999999998
im121,color_bleeding,gradient_ab,0.9999999999999998
im121,color_bleeding,lpips_vgg,0.9999999999999998
im121,color_bleeding,convnext_perceptual,0.9999999999999998
im121,color_bleeding,dinov3_perceptual,0.9999999999999998
im121,subtle_color_error,huber_ab,0.9999999999999998
im121,subtle_color_error,gradient_ab,0.9999999999999998
im121,subtle_color_error,lpips_vgg,0.9999999999999998
im121,subtle_color_error,convnext_perceptual,0.9999999999999998
im121,subtle_color_error,dinov3_perceptual,0.9999999999999998
im121,semantically_wrong_color,huber_ab,0.9999999999999998
im121,semantically_wrong_color,gradient_ab,0.9999999999999998
im121,semantically_wrong_color,lpips_vgg,0.9999999999999998
im121,semantically_wrong_color,convnext_perceptual,0.9999999999999998
im121,semantically_wrong_color,dinov3_perceptual,0.9999999999999998
im121,plausible_alternative_colorization,huber_ab,0.9999999999999998
im121,plausible_alternative_colorization,gradient_ab,0.9999999999999998
im121,plausible_alternative_colorization,lpips_vgg,0.9999999999999998
im121,plausible_alternative_colorization,convnext_perceptual,0.9999999999999998
im121,plausible_alternative_colorization,dinov3_perceptual,0.9999999999999998
im122,wrong_hue,huber_ab,0.9999999999999998
im122,wrong_hue,gradient_ab,0.9999999999999998
im122,wrong_hue,lpips_vgg,0.9999999999999998
im122,wrong_hue,convnext_perceptual,0.9999999999999998
im122,wrong_hue,dinov3_perceptual,0.9999999999999998
im122,low_saturation,huber_ab,0.9999999999999998
im122,low_saturation,gradient_ab,0.9999999999999998
im122,low_saturation,lpips_vgg,0.9999999999999998
im122,low_saturation,convnext_perceptual,0.9999999999999998
im122,low_saturation,dinov3_perceptual,0.9999999999999998
im122,color_bleeding,huber_ab,0.9999999999999998
im122,color_bleeding,gradient_ab,0.9999999999999998
im122,color_bleeding,lpips_vgg,0.9999999999999998
im122,color_bleeding,convnext_perceptual,0.9999999999999998
im122,color_bleeding,dinov3_perceptual,0.9999999999999998
im122,subtle_color_error,huber_ab,0.9999999999999998
im122,subtle_color_error,gradient_ab,0.9999999999999998
im122,subtle_color_error,lpips_vgg,0.9999999999999998
im122,subtle_color_error,convnext_perceptual,0.9999999999999998
im122,subtle_color_error,dinov3_perceptual,0.9999999999999998
im122,semantically_wrong_color,huber_ab,0.9999999999999998
im122,semantically_wrong_color,gradient_ab,0.9999999999999998
im122,semantically_wrong_color,lpips_vgg,0.9999999999999998
im122,semantically_wrong_color,convnext_perceptual,0.9999999999999998
im122,semantically_wrong_color,dinov3_perceptual,0.9999999999999998
im122,plausible_alternative_colorization,huber_ab,0.9999999999999998
im122,plausible_alternative_colorization,gradient_ab,0.9999999999999998
im122,plausible_alternative_colorization,lpips_vgg,0.9999999999999998
im122,plausible_alternative_colorization,convnext_perceptual,0.9999999999999998
im122,plausible_alternative_colorization,dinov3_perceptual,0.9999999999999998
im123,wrong_hue,huber_ab,0.9999999999999998
im123,wrong_hue,gradient_ab,0.9999999999999998
im123,wrong_hue,lpips_vgg,0.9999999999999998
im123,wrong_hue,convnext_perceptual,0.9999999999999998
im123,wrong_hue,dinov3_perceptual,0.9999999999999998
im123,low_saturation,huber_ab,0.9999999999999998
im123,low_saturation,gradient_ab,0.9999999999999998
im123,low_saturation,lpips_vgg,0.9999999999999998
im123,low_saturation,convnext_perceptual,0.7999999999999998
im123,low_saturation,dinov3_perceptual,0.9999999999999998
im123,color_bleeding,huber_ab,0.9999999999999998
im123,color_bleeding,gradient_ab,0.9999999999999998
im123,color_bleeding,lpips_vgg,0.9999999999999998
im123,color_bleeding,convnext_perceptual,0.9999999999999998
im123,color_bleeding,dinov3_perceptual,0.9999999999999998
im123,subtle_color_error,huber_ab,0.9999999999999998
im123,subtle_color_error,gradient_ab,0.9999999999999998
im123,subtle_color_error,lpips_vgg,0.9999999999999998
im123,subtle_color_error,convnext_perceptual,0.9999999999999998
im123,subtle_color_error,dinov3_perceptual,0.9999999999999998
im123,semantically_wrong_color,huber_ab,0.9999999999999998
im123,semantically_wrong_color,gradient_ab,0.9999999999999998
im123,semantically_wrong_color,lpips_vgg,0.9999999999999998
im123,semantically_wrong_color,convnext_perceptual,0.9999999999999998
im123,semantically_wrong_color,dinov3_perceptual,0.9999999999999998
im123,plausible_alternative_colorization,huber_ab,0.9999999999999998
im123,plausible_alternative_colorization,gradient_ab,0.9999999999999998
im123,plausible_alternative_colorization,lpips_vgg,0.9999999999999998
im123,plausible_alternative_colorization,convnext_perceptual,0.0
im123,plausible_alternative_colorization,dinov3_perceptual,0.9999999999999998
im124,wrong_hue,huber_ab,0.9999999999999998
im124,wrong_hue,gradient_ab,0.9999999999999998
im124,wrong_hue,lpips_vgg,0.9999999999999998
im124,wrong_hue,convnext_perceptual,0.7999999999999998
im124,wrong_hue,dinov3_perceptual,0.9999999999999998
im124,low_saturation,huber_ab,0.9999999999999998
im124,low_saturation,gradient_ab,0.9999999999999998
im124,low_saturation,lpips_vgg,0.9999999999999998
im124,low_saturation,convnext_perceptual,0.3999999999999999
im124,low_saturation,dinov3_perceptual,0.9999999999999998
im124,color_bleeding,huber_ab,0.9999999999999998
im124,color_bleeding,gradient_ab,0.9999999999999998
im124,color_bleeding,lpips_vgg,0.9999999999999998
im124,color_bleeding,convnext_perceptual,0.9999999999999998
im124,color_bleeding,dinov3_perceptual,0.9999999999999998
im124,subtle_color_error,huber_ab,0.9999999999999998
im124,subtle_color_error,gradient_ab,0.9999999999999998
im124,subtle_color_error,lpips_vgg,0.9999999999999998
im124,subtle_color_error,convnext_perceptual,0.9999999999999998
im124,subtle_color_error,dinov3_perceptual,0.9999999999999998
im124,semantically_wrong_color,huber_ab,0.9999999999999998
im124,semantically_wrong_color,gradient_ab,0.9999999999999998
im124,semantically_wrong_color,lpips_vgg,0.9999999999999998
im124,semantically_wrong_color,convnext_perceptual,0.9999999999999998
im124,semantically_wrong_color,dinov3_perceptual,0.9999999999999998
im124,plausible_alternative_colorization,huber_ab,0.9999999999999998
im124,plausible_alternative_colorization,gradient_ab,0.9999999999999998
im124,plausible_alternative_colorization,lpips_vgg,0.9999999999999998
im124,plausible_alternative_colorization,convnext_perceptual,0.9999999999999998
im124,plausible_alternative_colorization,dinov3_perceptual,0.9999999999999998
im125,wrong_hue,huber_ab,0.9999999999999998
im125,wrong_hue,gradient_ab,0.9999999999999998
im125,wrong_hue,lpips_vgg,0.9999999999999998
im125,wrong_hue,convnext_perceptual,0.9999999999999998
im125,wrong_hue,dinov3_perceptual,0.9999999999999998
im125,low_saturation,huber_ab,0.9999999999999998
im125,low_saturation,gradient_ab,0.9999999999999998
im125,low_saturation,lpips_vgg,0.9999999999999998
im125,low_saturation,convnext_perceptual,0.9999999999999998
im125,low_saturation,dinov3_perceptual,0.9999999999999998
im125,color_bleeding,huber_ab,0.9999999999999998
im125,color_bleeding,gradient_ab,0.9999999999999998
im125,color_bleeding,lpips_vgg,0.9999999999999998
im125,color_bleeding,convnext_perceptual,0.9999999999999998
im125,color_bleeding,dinov3_perceptual,0.9999999999999998
im125,subtle_color_error,huber_ab,0.9999999999999998
im125,subtle_color_error,gradient_ab,0.9999999999999998
im125,subtle_color_error,lpips_vgg,0.9999999999999998
im125,subtle_color_error,convnext_perceptual,0.9999999999999998
im125,subtle_color_error,dinov3_perceptual,0.9999999999999998
im125,semantically_wrong_color,huber_ab,0.9999999999999998
im125,semantically_wrong_color,gradient_ab,0.9999999999999998
im125,semantically_wrong_color,lpips_vgg,0.9999999999999998
im125,semantically_wrong_color,convnext_perceptual,0.9999999999999998
im125,semantically_wrong_color,dinov3_perceptual,0.9999999999999998
im125,plausible_alternative_colorization,huber_ab,0.9999999999999998
im125,plausible_alternative_colorization,gradient_ab,0.9999999999999998
im125,plausible_alternative_colorization,lpips_vgg,0.9999999999999998
im125,plausible_alternative_colorization,convnext_perceptual,0.9999999999999998
im125,plausible_alternative_colorization,dinov3_perceptual,0.9999999999999998
im127,wrong_hue,huber_ab,0.9999999999999998
im127,wrong_hue,gradient_ab,0.9999999999999998
im127,wrong_hue,lpips_vgg,0.9999999999999998
im127,wrong_hue,convnext_perceptual,0.9999999999999998
im127,wrong_hue,dinov3_perceptual,0.9999999999999998
im127,low_saturation,huber_ab,0.9999999999999998
im127,low_saturation,gradient_ab,0.9999999999999998
im127,low_saturation,lpips_vgg,0.9999999999999998
im127,low_saturation,convnext_perceptual,0.9999999999999998
im127,low_saturation,dinov3_perceptual,0.9999999999999998
im127,color_bleeding,huber_ab,0.9999999999999998
im127,color_bleeding,gradient_ab,0.9999999999999998
im127,color_bleeding,lpips_vgg,0.9999999999999998
im127,color_bleeding,convnext_perceptual,0.9999999999999998
im127,color_bleeding,dinov3_perceptual,0.9999999999999998
im127,subtle_color_error,huber_ab,0.9999999999999998
im127,subtle_color_error,gradient_ab,0.9999999999999998
im127,subtle_color_error,lpips_vgg,0.9999999999999998
im127,subtle_color_error,convnext_perceptual,0.9999999999999998
im127,subtle_color_error,dinov3_perceptual,0.9999999999999998
im127,semantically_wrong_color,huber_ab,0.9999999999999998
im127,semantically_wrong_color,gradient_ab,0.9999999999999998
im127,semantically_wrong_color,lpips_vgg,0.9999999999999998
im127,semantically_wrong_color,convnext_perceptual,0.9999999999999998
im127,semantically_wrong_color,dinov3_perceptual,0.9999999999999998
im127,plausible_alternative_colorization,huber_ab,0.9999999999999998
im127,plausible_alternative_colorization,gradient_ab,0.9999999999999998
im127,plausible_alternative_colorization,lpips_vgg,0.9999999999999998
im127,plausible_alternative_colorization,convnext_perceptual,0.9999999999999998
im127,plausible_alternative_colorization,dinov3_perceptual,0.9999999999999998
im128,wrong_hue,huber_ab,0.9999999999999998
im128,wrong_hue,gradient_ab,0.9999999999999998
im128,wrong_hue,lpips_vgg,0.9999999999999998
im128,wrong_hue,convnext_perceptual,0.7999999999999998
im128,wrong_hue,dinov3_perceptual,0.9999999999999998
im128,low_saturation,huber_ab,0.9999999999999998
im128,low_saturation,gradient_ab,0.9999999999999998
im128,low_saturation,lpips_vgg,0.9999999999999998
im128,low_saturation,convnext_perceptual,0.9999999999999998
im128,low_saturation,dinov3_perceptual,0.9999999999999998
im128,color_bleeding,huber_ab,0.9999999999999998
im128,color_bleeding,gradient_ab,0.9999999999999998
im128,color_bleeding,lpips_vgg,0.9999999999999998
im128,color_bleeding,convnext_perceptual,0.9999999999999998
im128,color_bleeding,dinov3_perceptual,0.9999999999999998
im128,subtle_color_error,huber_ab,0.9999999999999998
im128,subtle_color_error,gradient_ab,0.9999999999999998
im128,subtle_color_error,lpips_vgg,0.9999999999999998
im128,subtle_color_error,convnext_perceptual,0.9999999999999998
im128,subtle_color_error,dinov3_perceptual,0.9999999999999998
im128,semantically_wrong_color,huber_ab,0.9999999999999998
im128,semantically_wrong_color,gradient_ab,0.9999999999999998
im128,semantically_wrong_color,lpips_vgg,0.9999999999999998
im128,semantically_wrong_color,convnext_perceptual,0.9999999999999998
im128,semantically_wrong_color,dinov3_perceptual,0.9999999999999998
im128,plausible_alternative_colorization,huber_ab,0.9999999999999998
im128,plausible_alternative_colorization,gradient_ab,0.9999999999999998
im128,plausible_alternative_colorization,lpips_vgg,0.9999999999999998
im128,plausible_alternative_colorization,convnext_perceptual,0.7999999999999998
im128,plausible_alternative_colorization,dinov3_perceptual,0.9999999999999998
im130,wrong_hue,huber_ab,0.9999999999999998
im130,wrong_hue,gradient_ab,0.9999999999999998
im130,wrong_hue,lpips_vgg,0.9999999999999998
im130,wrong_hue,convnext_perceptual,0.9999999999999998
im130,wrong_hue,dinov3_perceptual,0.9999999999999998
im130,low_saturation,huber_ab,0.9999999999999998
im130,low_saturation,gradient_ab,0.9999999999999998
im130,low_saturation,lpips_vgg,0.9999999999999998
im130,low_saturation,convnext_perceptual,0.9999999999999998
im130,low_saturation,dinov3_perceptual,0.9999999999999998
im130,color_bleeding,huber_ab,0.9999999999999998
im130,color_bleeding,gradient_ab,0.9999999999999998
im130,color_bleeding,lpips_vgg,0.9999999999999998
im130,color_bleeding,convnext_perceptual,0.7999999999999998
im130,color_bleeding,dinov3_perceptual,0.9999999999999998
im130,subtle_color_error,huber_ab,0.9999999999999998
im130,subtle_color_error,gradient_ab,0.9999999999999998
im130,subtle_color_error,lpips_vgg,0.9999999999999998
im130,subtle_color_error,convnext_perceptual,0.9999999999999998
im130,subtle_color_error,dinov3_perceptual,0.9999999999999998
im130,semantically_wrong_color,huber_ab,0.9999999999999998
im130,semantically_wrong_color,gradient_ab,0.9999999999999998
im130,semantically_wrong_color,lpips_vgg,0.9999999999999998
im130,semantically_wrong_color,convnext_perceptual,0.3999999999999999
im130,semantically_wrong_color,dinov3_perceptual,0.9999999999999998
im130,plausible_alternative_colorization,huber_ab,0.9999999999999998
im130,plausible_alternative_colorization,gradient_ab,0.9999999999999998
im130,plausible_alternative_colorization,lpips_vgg,0.9999999999999998
im130,plausible_alternative_colorization,convnext_perceptual,0.7999999999999998
im130,plausible_alternative_colorization,dinov3_perceptual,0.9999999999999998
im131,wrong_hue,huber_ab,0.9999999999999998
im131,wrong_hue,gradient_ab,0.9999999999999998
im131,wrong_hue,lpips_vgg,0.9999999999999998
im131,wrong_hue,convnext_perceptual,0.9999999999999998
im131,wrong_hue,dinov3_perceptual,0.9999999999999998
im131,low_saturation,huber_ab,0.9999999999999998
im131,low_saturation,gradient_ab,0.9999999999999998
im131,low_saturation,lpips_vgg,0.9999999999999998
im131,low_saturation,convnext_perceptual,0.9999999999999998
im131,low_saturation,dinov3_perceptual,0.9999999999999998
im131,color_bleeding,huber_ab,0.9999999999999998
im131,color_bleeding,gradient_ab,0.9999999999999998
im131,color_bleeding,lpips_vgg,0.9999999999999998
im131,color_bleeding,convnext_perceptual,0.9999999999999998
im131,color_bleeding,dinov3_perceptual,0.9999999999999998
im131,subtle_color_error,huber_ab,0.9999999999999998
im131,subtle_color_error,gradient_ab,0.9999999999999998
im131,subtle_color_error,lpips_vgg,0.9999999999999998
im131,subtle_color_error,convnext_perceptual,0.9999999999999998
im131,subtle_color_error,dinov3_perceptual,0.9999999999999998
im131,semantically_wrong_color,huber_ab,0.9999999999999998
im131,semantically_wrong_color,gradient_ab,0.9999999999999998
im131,semantically_wrong_color,lpips_vgg,0.9999999999999998
im131,semantically_wrong_color,convnext_perceptual,0.9999999999999998
im131,semantically_wrong_color,dinov3_perceptual,0.9999999999999998
im131,plausible_alternative_colorization,huber_ab,0.9999999999999998
im131,plausible_alternative_colorization,gradient_ab,0.9999999999999998
im131,plausible_alternative_colorization,lpips_vgg,0.9999999999999998
im131,plausible_alternative_colorization,convnext_perceptual,0.9999999999999998
im131,plausible_alternative_colorization,dinov3_perceptual,0.9999999999999998
im132,wrong_hue,huber_ab,0.9999999999999998
im132,wrong_hue,gradient_ab,0.9999999999999998
im132,wrong_hue,lpips_vgg,0.9999999999999998
im132,wrong_hue,convnext_perceptual,0.9999999999999998
im132,wrong_hue,dinov3_perceptual,0.9999999999999998
im132,low_saturation,huber_ab,0.9999999999999998
im132,low_saturation,gradient_ab,0.9999999999999998
im132,low_saturation,lpips_vgg,0.9999999999999998
im132,low_saturation,convnext_perceptual,0.9999999999999998
im132,low_saturation,dinov3_perceptual,0.9999999999999998
im132,color_bleeding,huber_ab,0.9999999999999998
im132,color_bleeding,gradient_ab,0.9999999999999998
im132,color_bleeding,lpips_vgg,0.9999999999999998
im132,color_bleeding,convnext_perceptual,0.9999999999999998
im132,color_bleeding,dinov3_perceptual,0.9999999999999998
im132,subtle_color_error,huber_ab,0.9999999999999998
im132,subtle_color_error,gradient_ab,0.9999999999999998
im132,subtle_color_error,lpips_vgg,0.9999999999999998
im132,subtle_color_error,convnext_perceptual,0.9999999999999998
im132,subtle_color_error,dinov3_perceptual,0.9999999999999998
im132,semantically_wrong_color,huber_ab,0.9999999999999998
im132,semantically_wrong_color,gradient_ab,0.9999999999999998
im132,semantically_wrong_color,lpips_vgg,0.9999999999999998
im132,semantically_wrong_color,convnext_perceptual,0.9999999999999998
im132,semantically_wrong_color,dinov3_perceptual,0.9999999999999998
im132,plausible_alternative_colorization,huber_ab,0.9999999999999998
im132,plausible_alternative_colorization,gradient_ab,0.9999999999999998
im132,plausible_alternative_colorization,lpips_vgg,0.9999999999999998
im132,plausible_alternative_colorization,convnext_perceptual,0.7999999999999998
im132,plausible_alternative_colorization,dinov3_perceptual,0.9999999999999998
im133,wrong_hue,huber_ab,0.9999999999999998
im133,wrong_hue,gradient_ab,0.9999999999999998
im133,wrong_hue,lpips_vgg,0.9999999999999998
im133,wrong_hue,convnext_perceptual,0.7999999999999998
im133,wrong_hue,dinov3_perceptual,0.9999999999999998
im133,low_saturation,huber_ab,0.9999999999999998
im133,low_saturation,gradient_ab,0.9999999999999998
im133,low_saturation,lpips_vgg,0.9999999999999998
im133,low_saturation,convnext_perceptual,0.9999999999999998
im133,low_saturation,dinov3_perceptual,0.9999999999999998
im133,color_bleeding,huber_ab,0.9999999999999998
im133,color_bleeding,gradient_ab,0.9999999999999998
im133,color_bleeding,lpips_vgg,0.9999999999999998
im133,color_bleeding,convnext_perceptual,0.9999999999999998
im133,color_bleeding,dinov3_perceptual,0.9999999999999998
im133,subtle_color_error,huber_ab,0.9999999999999998
im133,subtle_color_error,gradient_ab,0.9999999999999998
im133,subtle_color_error,lpips_vgg,0.9999999999999998
im133,subtle_color_error,convnext_perceptual,0.9999999999999998
im133,subtle_color_error,dinov3_perceptual,0.9999999999999998
im133,semantically_wrong_color,huber_ab,0.9999999999999998
im133,semantically_wrong_color,gradient_ab,0.9999999999999998
im133,semantically_wrong_color,lpips_vgg,0.9999999999999998
im133,semantically_wrong_color,convnext_perceptual,-0.3999999999999999
im133,semantically_wrong_color,dinov3_perceptual,0.9999999999999998
im133,plausible_alternative_colorization,huber_ab,0.9999999999999998
im133,plausible_alternative_colorization,gradient_ab,0.9999999999999998
im133,plausible_alternative_colorization,lpips_vgg,0.9999999999999998
im133,plausible_alternative_colorization,convnext_perceptual,0.7999999999999998
im133,plausible_alternative_colorization,dinov3_perceptual,0.9999999999999998
im134,wrong_hue,huber_ab,0.9999999999999998
im134,wrong_hue,gradient_ab,0.9999999999999998
im134,wrong_hue,lpips_vgg,0.9999999999999998
im134,wrong_hue,convnext_perceptual,0.9999999999999998
im134,wrong_hue,dinov3_perceptual,0.9999999999999998
im134,low_saturation,huber_ab,0.9999999999999998
im134,low_saturation,gradient_ab,0.9999999999999998
im134,low_saturation,lpips_vgg,0.9999999999999998
im134,low_saturation,convnext_perceptual,0.9999999999999998
im134,low_saturation,dinov3_perceptual,0.9999999999999998
im134,color_bleeding,huber_ab,0.9999999999999998
im134,color_bleeding,gradient_ab,0.9999999999999998
im134,color_bleeding,lpips_vgg,0.9999999999999998
im134,color_bleeding,convnext_perceptual,0.9999999999999998
im134,color_bleeding,dinov3_perceptual,0.9999999999999998
im134,subtle_color_error,huber_ab,0.9999999999999998
im134,subtle_color_error,gradient_ab,0.9999999999999998
im134,subtle_color_error,lpips_vgg,0.9999999999999998
im134,subtle_color_error,convnext_perceptual,0.9999999999999998
im134,subtle_color_error,dinov3_perceptual,0.9999999999999998
im134,semantically_wrong_color,huber_ab,0.9999999999999998
im134,semantically_wrong_color,gradient_ab,0.9999999999999998
im134,semantically_wrong_color,lpips_vgg,0.9999999999999998
im134,semantically_wrong_color,convnext_perceptual,0.9999999999999998
im134,semantically_wrong_color,dinov3_perceptual,0.9999999999999998
im134,plausible_alternative_colorization,huber_ab,0.9999999999999998
im134,plausible_alternative_colorization,gradient_ab,0.9999999999999998
im134,plausible_alternative_colorization,lpips_vgg,0.9999999999999998
im134,plausible_alternative_colorization,convnext_perceptual,0.9999999999999998
im134,plausible_alternative_colorization,dinov3_perceptual,0.9999999999999998
im136,wrong_hue,huber_ab,0.9999999999999998
im136,wrong_hue,gradient_ab,0.9999999999999998
im136,wrong_hue,lpips_vgg,0.9999999999999998
im136,wrong_hue,convnext_perceptual,0.9999999999999998
im136,wrong_hue,dinov3_perceptual,0.9999999999999998
im136,low_saturation,huber_ab,0.9999999999999998
im136,low_saturation,gradient_ab,0.9999999999999998
im136,low_saturation,lpips_vgg,0.9999999999999998
im136,low_saturation,convnext_perceptual,0.9999999999999998
im136,low_saturation,dinov3_perceptual,0.9999999999999998
im136,color_bleeding,huber_ab,0.9999999999999998
im136,color_bleeding,gradient_ab,0.9999999999999998
im136,color_bleeding,lpips_vgg,0.9999999999999998
im136,color_bleeding,convnext_perceptual,0.9999999999999998
im136,color_bleeding,dinov3_perceptual,0.9999999999999998
im136,subtle_color_error,huber_ab,0.9999999999999998
im136,subtle_color_error,gradient_ab,0.9999999999999998
im136,subtle_color_error,lpips_vgg,0.9999999999999998
im136,subtle_color_error,convnext_perceptual,0.9999999999999998
im136,subtle_color_error,dinov3_perceptual,0.9999999999999998
im136,semantically_wrong_color,huber_ab,0.9999999999999998
im136,semantically_wrong_color,gradient_ab,0.9999999999999998
im136,semantically_wrong_color,lpips_vgg,0.9999999999999998
im136,semantically_wrong_color,convnext_perceptual,0.9999999999999998
im136,semantically_wrong_color,dinov3_perceptual,0.9999999999999998
im136,plausible_alternative_colorization,huber_ab,0.9999999999999998
im136,plausible_alternative_colorization,gradient_ab,0.9999999999999998
im136,plausible_alternative_colorization,lpips_vgg,0.9999999999999998
im136,plausible_alternative_colorization,convnext_perceptual,0.9999999999999998
im136,plausible_alternative_colorization,dinov3_perceptual,0.9999999999999998
im137,wrong_hue,huber_ab,0.9999999999999998
im137,wrong_hue,gradient_ab,0.9999999999999998
im137,wrong_hue,lpips_vgg,0.9999999999999998
im137,wrong_hue,convnext_perceptual,0.9999999999999998
im137,wrong_hue,dinov3_perceptual,0.9999999999999998
im137,low_saturation,huber_ab,0.9999999999999998
im137,low_saturation,gradient_ab,0.9999999999999998
im137,low_saturation,lpips_vgg,0.9999999999999998
im137,low_saturation,convnext_perceptual,0.9999999999999998
im137,low_saturation,dinov3_perceptual,0.9999999999999998
im137,color_bleeding,huber_ab,0.9999999999999998
im137,color_bleeding,gradient_ab,0.9999999999999998
im137,color_bleeding,lpips_vgg,0.9999999999999998
im137,color_bleeding,convnext_perceptual,0.9999999999999998
im137,color_bleeding,dinov3_perceptual,0.9999999999999998
im137,subtle_color_error,huber_ab,0.9999999999999998
im137,subtle_color_error,gradient_ab,0.9999999999999998
im137,subtle_color_error,lpips_vgg,0.9999999999999998
im137,subtle_color_error,convnext_perceptual,0.9999999999999998
im137,subtle_color_error,dinov3_perceptual,0.9999999999999998
im137,semantically_wrong_color,huber_ab,0.9999999999999998
im137,semantically_wrong_color,gradient_ab,0.9999999999999998
im137,semantically_wrong_color,lpips_vgg,0.9999999999999998
im137,semantically_wrong_color,convnext_perceptual,0.9999999999999998
im137,semantically_wrong_color,dinov3_perceptual,0.9999999999999998
im137,plausible_alternative_colorization,huber_ab,0.9999999999999998
im137,plausible_alternative_colorization,gradient_ab,0.9999999999999998
im137,plausible_alternative_colorization,lpips_vgg,0.9999999999999998
im137,plausible_alternative_colorization,convnext_perceptual,0.9999999999999998
im137,plausible_alternative_colorization,dinov3_perceptual,0.9999999999999998
im139,wrong_hue,huber_ab,0.9999999999999998
im139,wrong_hue,gradient_ab,0.9999999999999998
im139,wrong_hue,lpips_vgg,0.9999999999999998
im139,wrong_hue,convnext_perceptual,0.9999999999999998
im139,wrong_hue,dinov3_perceptual,0.9999999999999998
im139,low_saturation,huber_ab,0.9999999999999998
im139,low_saturation,gradient_ab,0.9999999999999998
im139,low_saturation,lpips_vgg,0.9999999999999998
im139,low_saturation,convnext_perceptual,0.9999999999999998
im139,low_saturation,dinov3_perceptual,0.9999999999999998
im139,color_bleeding,huber_ab,0.9999999999999998
im139,color_bleeding,gradient_ab,0.9999999999999998
im139,color_bleeding,lpips_vgg,0.9999999999999998
im139,color_bleeding,convnext_perceptual,0.9999999999999998
im139,color_bleeding,dinov3_perceptual,0.9999999999999998
im139,subtle_color_error,huber_ab,0.9999999999999998
im139,subtle_color_error,gradient_ab,0.9999999999999998
im139,subtle_color_error,lpips_vgg,0.9999999999999998
im139,subtle_color_error,convnext_perceptual,0.9999999999999998
im139,subtle_color_error,dinov3_perceptual,0.9999999999999998
im139,semantically_wrong_color,huber_ab,0.9999999999999998
im139,semantically_wrong_color,gradient_ab,0.9999999999999998
im139,semantically_wrong_color,lpips_vgg,0.9999999999999998
im139,semantically_wrong_color,convnext_perceptual,0.9999999999999998
im139,semantically_wrong_color,dinov3_perceptual,0.9999999999999998
im139,plausible_alternative_colorization,huber_ab,0.9999999999999998
im139,plausible_alternative_colorization,gradient_ab,0.9999999999999998
im139,plausible_alternative_colorization,lpips_vgg,0.9999999999999998
im139,plausible_alternative_colorization,convnext_perceptual,0.9999999999999998
im139,plausible_alternative_colorization,dinov3_perceptual,0.9999999999999998
im14,wrong_hue,huber_ab,0.9999999999999998
im14,wrong_hue,gradient_ab,0.9999999999999998
im14,wrong_hue,lpips_vgg,0.9999999999999998
im14,wrong_hue,convnext_perceptual,0.9999999999999998
im14,wrong_hue,dinov3_perceptual,0.9999999999999998
im14,low_saturation,huber_ab,0.9999999999999998
im14,low_saturation,gradient_ab,0.9999999999999998
im14,low_saturation,lpips_vgg,0.9999999999999998
im14,low_saturation,convnext_perceptual,0.9999999999999998
im14,low_saturation,dinov3_perceptual,0.9999999999999998
im14,color_bleeding,huber_ab,0.9999999999999998
im14,color_bleeding,gradient_ab,0.9999999999999998
im14,color_bleeding,lpips_vgg,0.9999999999999998
im14,color_bleeding,convnext_perceptual,0.9999999999999998
im14,color_bleeding,dinov3_perceptual,0.9999999999999998
im14,subtle_color_error,huber_ab,0.9999999999999998
im14,subtle_color_error,gradient_ab,0.9999999999999998
im14,subtle_color_error,lpips_vgg,0.9999999999999998
im14,subtle_color_error,convnext_perceptual,0.9999999999999998
im14,subtle_color_error,dinov3_perceptual,0.9999999999999998
im14,semantically_wrong_color,huber_ab,0.9999999999999998
im14,semantically_wrong_color,gradient_ab,0.9999999999999998
im14,semantically_wrong_color,lpips_vgg,0.9999999999999998
im14,semantically_wrong_color,convnext_perceptual,0.9999999999999998
im14,semantically_wrong_color,dinov3_perceptual,0.9999999999999998
im14,plausible_alternative_colorization,huber_ab,0.9999999999999998
im14,plausible_alternative_colorization,gradient_ab,0.9999999999999998
im14,plausible_alternative_colorization,lpips_vgg,0.9999999999999998
im14,plausible_alternative_colorization,convnext_perceptual,0.9999999999999998
im14,plausible_alternative_colorization,dinov3_perceptual,0.9999999999999998
im140,wrong_hue,huber_ab,0.9999999999999998
im140,wrong_hue,gradient_ab,0.9999999999999998
im140,wrong_hue,lpips_vgg,0.9999999999999998
im140,wrong_hue,convnext_perceptual,0.7999999999999998
im140,wrong_hue,dinov3_perceptual,0.9999999999999998
im140,low_saturation,huber_ab,0.9999999999999998
im140,low_saturation,gradient_ab,0.9999999999999998
im140,low_saturation,lpips_vgg,0.9999999999999998
im140,low_saturation,convnext_perceptual,0.9999999999999998
im140,low_saturation,dinov3_perceptual,0.9999999999999998
im140,color_bleeding,huber_ab,0.9999999999999998
im140,color_bleeding,gradient_ab,0.9999999999999998
im140,color_bleeding,lpips_vgg,0.9999999999999998
im140,color_bleeding,convnext_perceptual,0.9999999999999998
im140,color_bleeding,dinov3_perceptual,0.9999999999999998
im140,subtle_color_error,huber_ab,0.9999999999999998
im140,subtle_color_error,gradient_ab,0.9999999999999998
im140,subtle_color_error,lpips_vgg,0.9999999999999998
im140,subtle_color_error,convnext_perceptual,0.9999999999999998
im140,subtle_color_error,dinov3_perceptual,0.9999999999999998
im140,semantically_wrong_color,huber_ab,0.9999999999999998
im140,semantically_wrong_color,gradient_ab,0.9999999999999998
im140,semantically_wrong_color,lpips_vgg,0.9999999999999998
im140,semantically_wrong_color,convnext_perceptual,0.9999999999999998
im140,semantically_wrong_color,dinov3_perceptual,0.9999999999999998
im140,plausible_alternative_colorization,huber_ab,0.9999999999999998
im140,plausible_alternative_colorization,gradient_ab,0.9999999999999998
im140,plausible_alternative_colorization,lpips_vgg,0.9999999999999998
im140,plausible_alternative_colorization,convnext_perceptual,0.7999999999999998
im140,plausible_alternative_colorization,dinov3_perceptual,0.9999999999999998
im141,wrong_hue,huber_ab,0.9999999999999998
im141,wrong_hue,gradient_ab,0.9999999999999998
im141,wrong_hue,lpips_vgg,0.9999999999999998
im141,wrong_hue,convnext_perceptual,0.9999999999999998
im141,wrong_hue,dinov3_perceptual,0.9999999999999998
im141,low_saturation,huber_ab,0.9999999999999998
im141,low_saturation,gradient_ab,0.9999999999999998
im141,low_saturation,lpips_vgg,0.9999999999999998
im141,low_saturation,convnext_perceptual,0.9999999999999998
im141,low_saturation,dinov3_perceptual,0.9999999999999998
im141,color_bleeding,huber_ab,0.9999999999999998
im141,color_bleeding,gradient_ab,0.9999999999999998
im141,color_bleeding,lpips_vgg,0.9999999999999998
im141,color_bleeding,convnext_perceptual,0.9999999999999998
im141,color_bleeding,dinov3_perceptual,0.9999999999999998
im141,subtle_color_error,huber_ab,0.9999999999999998
im141,subtle_color_error,gradient_ab,0.9999999999999998
im141,subtle_color_error,lpips_vgg,0.9999999999999998
im141,subtle_color_error,convnext_perceptual,0.9999999999999998
im141,subtle_color_error,dinov3_perceptual,0.9999999999999998
im141,semantically_wrong_color,huber_ab,0.9999999999999998
im141,semantically_wrong_color,gradient_ab,0.9999999999999998
im141,semantically_wrong_color,lpips_vgg,0.9999999999999998
im141,semantically_wrong_color,convnext_perceptual,0.9999999999999998
im141,semantically_wrong_color,dinov3_perceptual,0.9999999999999998
im141,plausible_alternative_colorization,huber_ab,0.9999999999999998
im141,plausible_alternative_colorization,gradient_ab,0.9999999999999998
im141,plausible_alternative_colorization,lpips_vgg,0.9999999999999998
im141,plausible_alternative_colorization,convnext_perceptual,0.9999999999999998
im141,plausible_alternative_colorization,dinov3_perceptual,0.9999999999999998
im142,wrong_hue,huber_ab,0.9999999999999998
im142,wrong_hue,gradient_ab,0.9999999999999998
im142,wrong_hue,lpips_vgg,0.9999999999999998
im142,wrong_hue,convnext_perceptual,0.9999999999999998
im142,wrong_hue,dinov3_perceptual,0.9999999999999998
im142,low_saturation,huber_ab,0.9999999999999998
im142,low_saturation,gradient_ab,0.9999999999999998
im142,low_saturation,lpips_vgg,0.9999999999999998
im142,low_saturation,convnext_perceptual,0.3999999999999999
im142,low_saturation,dinov3_perceptual,0.9999999999999998
im142,color_bleeding,huber_ab,0.9999999999999998
im142,color_bleeding,gradient_ab,0.9999999999999998
im142,color_bleeding,lpips_vgg,0.9999999999999998
im142,color_bleeding,convnext_perceptual,0.9999999999999998
im142,color_bleeding,dinov3_perceptual,0.9999999999999998
im142,subtle_color_error,huber_ab,0.9999999999999998
im142,subtle_color_error,gradient_ab,0.9999999999999998
im142,subtle_color_error,lpips_vgg,0.9999999999999998
im142,subtle_color_error,convnext_perceptual,0.9999999999999998
im142,subtle_color_error,dinov3_perceptual,0.9999999999999998
im142,semantically_wrong_color,huber_ab,0.9999999999999998
im142,semantically_wrong_color,gradient_ab,0.9999999999999998
im142,semantically_wrong_color,lpips_vgg,0.9999999999999998
im142,semantically_wrong_color,convnext_perceptual,0.9999999999999998
im142,semantically_wrong_color,dinov3_perceptual,0.9999999999999998
im142,plausible_alternative_colorization,huber_ab,0.9999999999999998
im142,plausible_alternative_colorization,gradient_ab,0.9999999999999998
im142,plausible_alternative_colorization,lpips_vgg,0.9999999999999998
im142,plausible_alternative_colorization,convnext_perceptual,0.9999999999999998
im142,plausible_alternative_colorization,dinov3_perceptual,0.9999999999999998
im143,wrong_hue,huber_ab,0.9999999999999998
im143,wrong_hue,gradient_ab,0.9999999999999998
im143,wrong_hue,lpips_vgg,0.9999999999999998
im143,wrong_hue,convnext_perceptual,0.9999999999999998
im143,wrong_hue,dinov3_perceptual,0.9999999999999998
im143,low_saturation,huber_ab,0.9999999999999998
im143,low_saturation,gradient_ab,0.9999999999999998
im143,low_saturation,lpips_vgg,0.9999999999999998
im143,low_saturation,convnext_perceptual,0.9999999999999998
im143,low_saturation,dinov3_perceptual,0.9999999999999998
im143,color_bleeding,huber_ab,0.9999999999999998
im143,color_bleeding,gradient_ab,0.9999999999999998
im143,color_bleeding,lpips_vgg,0.9999999999999998
im143,color_bleeding,convnext_perceptual,0.9999999999999998
im143,color_bleeding,dinov3_perceptual,0.9999999999999998
im143,subtle_color_error,huber_ab,0.9999999999999998
im143,subtle_color_error,gradient_ab,0.9999999999999998
im143,subtle_color_error,lpips_vgg,0.9999999999999998
im143,subtle_color_error,convnext_perceptual,0.9999999999999998
im143,subtle_color_error,dinov3_perceptual,0.9999999999999998
im143,semantically_wrong_color,huber_ab,0.9999999999999998
im143,semantically_wrong_color,gradient_ab,0.9999999999999998
im143,semantically_wrong_color,lpips_vgg,0.9999999999999998
im143,semantically_wrong_color,convnext_perceptual,0.9999999999999998
im143,semantically_wrong_color,dinov3_perceptual,0.9999999999999998
im143,plausible_alternative_colorization,huber_ab,0.9999999999999998
im143,plausible_alternative_colorization,gradient_ab,0.9999999999999998
im143,plausible_alternative_colorization,lpips_vgg,0.9999999999999998
im143,plausible_alternative_colorization,convnext_perceptual,0.9999999999999998
im143,plausible_alternative_colorization,dinov3_perceptual,0.9999999999999998
im144,wrong_hue,huber_ab,0.9999999999999998
im144,wrong_hue,gradient_ab,0.9999999999999998
im144,wrong_hue,lpips_vgg,0.9999999999999998
im144,wrong_hue,convnext_perceptual,0.9999999999999998
im144,wrong_hue,dinov3_perceptual,0.9999999999999998
im144,low_saturation,huber_ab,0.9999999999999998
im144,low_saturation,gradient_ab,0.9999999999999998
im144,low_saturation,lpips_vgg,0.9999999999999998
im144,low_saturation,convnext_perceptual,0.7999999999999998
im144,low_saturation,dinov3_perceptual,0.9999999999999998
im144,color_bleeding,huber_ab,0.9999999999999998
im144,color_bleeding,gradient_ab,0.9999999999999998
im144,color_bleeding,lpips_vgg,0.9999999999999998
im144,color_bleeding,convnext_perceptual,0.9999999999999998
im144,color_bleeding,dinov3_perceptual,0.9999999999999998
im144,subtle_color_error,huber_ab,0.9999999999999998
im144,subtle_color_error,gradient_ab,0.9999999999999998
im144,subtle_color_error,lpips_vgg,0.9999999999999998
im144,subtle_color_error,convnext_perceptual,0.9999999999999998
im144,subtle_color_error,dinov3_perceptual,0.9999999999999998
im144,semantically_wrong_color,huber_ab,0.9999999999999998
im144,semantically_wrong_color,gradient_ab,0.9999999999999998
im144,semantically_wrong_color,lpips_vgg,0.9999999999999998
im144,semantically_wrong_color,convnext_perceptual,0.9999999999999998
im144,semantically_wrong_color,dinov3_perceptual,0.9999999999999998
im144,plausible_alternative_colorization,huber_ab,0.9999999999999998
im144,plausible_alternative_colorization,gradient_ab,0.9999999999999998
im144,plausible_alternative_colorization,lpips_vgg,0.9999999999999998
im144,plausible_alternative_colorization,convnext_perceptual,0.3999999999999999
im144,plausible_alternative_colorization,dinov3_perceptual,0.9999999999999998
im145,wrong_hue,huber_ab,0.9999999999999998
im145,wrong_hue,gradient_ab,0.9999999999999998
im145,wrong_hue,lpips_vgg,0.9999999999999998
im145,wrong_hue,convnext_perceptual,0.9999999999999998
im145,wrong_hue,dinov3_perceptual,0.9999999999999998
im145,low_saturation,huber_ab,0.9999999999999998
im145,low_saturation,gradient_ab,0.9999999999999998
im145,low_saturation,lpips_vgg,0.9999999999999998
im145,low_saturation,convnext_perceptual,0.9999999999999998
im145,low_saturation,dinov3_perceptual,0.9999999999999998
im145,color_bleeding,huber_ab,0.9999999999999998
im145,color_bleeding,gradient_ab,0.9999999999999998
im145,color_bleeding,lpips_vgg,0.9999999999999998
im145,color_bleeding,convnext_perceptual,0.9999999999999998
im145,color_bleeding,dinov3_perceptual,0.9999999999999998
im145,subtle_color_error,huber_ab,0.9999999999999998
im145,subtle_color_error,gradient_ab,0.9999999999999998
im145,subtle_color_error,lpips_vgg,0.9999999999999998
im145,subtle_color_error,convnext_perceptual,0.9999999999999998
im145,subtle_color_error,dinov3_perceptual,0.9999999999999998
im145,semantically_wrong_color,huber_ab,0.9999999999999998
im145,semantically_wrong_color,gradient_ab,0.9999999999999998
im145,semantically_wrong_color,lpips_vgg,0.9999999999999998
im145,semantically_wrong_color,convnext_perceptual,0.9999999999999998
im145,semantically_wrong_color,dinov3_perceptual,0.9999999999999998
im145,plausible_alternative_colorization,huber_ab,0.9999999999999998
im145,plausible_alternative_colorization,gradient_ab,0.9999999999999998
im145,plausible_alternative_colorization,lpips_vgg,0.9999999999999998
im145,plausible_alternative_colorization,convnext_perceptual,0.9999999999999998
im145,plausible_alternative_colorization,dinov3_perceptual,0.9999999999999998
im147,wrong_hue,huber_ab,0.9999999999999998
im147,wrong_hue,gradient_ab,0.9999999999999998
im147,wrong_hue,lpips_vgg,0.9999999999999998
im147,wrong_hue,convnext_perceptual,0.9999999999999998
im147,wrong_hue,dinov3_perceptual,0.9999999999999998
im147,low_saturation,huber_ab,0.9999999999999998
im147,low_saturation,gradient_ab,0.9999999999999998
im147,low_saturation,lpips_vgg,0.9999999999999998
im147,low_saturation,convnext_perceptual,0.9999999999999998
im147,low_saturation,dinov3_perceptual,0.9999999999999998
im147,color_bleeding,huber_ab,0.9999999999999998
im147,color_bleeding,gradient_ab,0.9999999999999998
im147,color_bleeding,lpips_vgg,0.9999999999999998
im147,color_bleeding,convnext_perceptual,0.9999999999999998
im147,color_bleeding,dinov3_perceptual,0.9999999999999998
im147,subtle_color_error,huber_ab,0.9999999999999998
im147,subtle_color_error,gradient_ab,0.9999999999999998
im147,subtle_color_error,lpips_vgg,0.9999999999999998
im147,subtle_color_error,convnext_perceptual,0.9999999999999998
im147,subtle_color_error,dinov3_perceptual,0.9999999999999998
im147,semantically_wrong_color,huber_ab,0.9999999999999998
im147,semantically_wrong_color,gradient_ab,0.9999999999999998
im147,semantically_wrong_color,lpips_vgg,0.9999999999999998
im147,semantically_wrong_color,convnext_perceptual,0.9999999999999998
im147,semantically_wrong_color,dinov3_perceptual,0.9999999999999998
im147,plausible_alternative_colorization,huber_ab,0.9999999999999998
im147,plausible_alternative_colorization,gradient_ab,0.9999999999999998
im147,plausible_alternative_colorization,lpips_vgg,0.9999999999999998
im147,plausible_alternative_colorization,convnext_perceptual,0.3999999999999999
im147,plausible_alternative_colorization,dinov3_perceptual,0.9999999999999998
im148,wrong_hue,huber_ab,0.9999999999999998
im148,wrong_hue,gradient_ab,0.9999999999999998
im148,wrong_hue,lpips_vgg,0.9999999999999998
im148,wrong_hue,convnext_perceptual,0.9999999999999998
im148,wrong_hue,dinov3_perceptual,0.9999999999999998
im148,low_saturation,huber_ab,0.9999999999999998
im148,low_saturation,gradient_ab,0.9999999999999998
im148,low_saturation,lpips_vgg,0.9999999999999998
im148,low_saturation,convnext_perceptual,0.9999999999999998
im148,low_saturation,dinov3_perceptual,0.9999999999999998
im148,color_bleeding,huber_ab,0.9999999999999998
im148,color_bleeding,gradient_ab,0.9999999999999998
im148,color_bleeding,lpips_vgg,0.9999999999999998
im148,color_bleeding,convnext_perceptual,0.9999999999999998
im148,color_bleeding,dinov3_perceptual,0.9999999999999998
im148,subtle_color_error,huber_ab,0.9999999999999998
im148,subtle_color_error,gradient_ab,0.9999999999999998
im148,subtle_color_error,lpips_vgg,0.9999999999999998
im148,subtle_color_error,convnext_perceptual,0.9999999999999998
im148,subtle_color_error,dinov3_perceptual,0.9999999999999998
im148,semantically_wrong_color,huber_ab,0.9999999999999998
im148,semantically_wrong_color,gradient_ab,0.9999999999999998
im148,semantically_wrong_color,lpips_vgg,0.9999999999999998
im148,semantically_wrong_color,convnext_perceptual,0.9999999999999998
im148,semantically_wrong_color,dinov3_perceptual,0.9999999999999998
im148,plausible_alternative_colorization,huber_ab,0.9999999999999998
im148,plausible_alternative_colorization,gradient_ab,0.9999999999999998
im148,plausible_alternative_colorization,lpips_vgg,0.9999999999999998
im148,plausible_alternative_colorization,convnext_perceptual,0.9999999999999998
im148,plausible_alternative_colorization,dinov3_perceptual,0.9999999999999998
im152,wrong_hue,huber_ab,0.9999999999999998
im152,wrong_hue,gradient_ab,0.9999999999999998
im152,wrong_hue,lpips_vgg,0.9999999999999998
im152,wrong_hue,convnext_perceptual,0.9999999999999998
im152,wrong_hue,dinov3_perceptual,0.9999999999999998
im152,low_saturation,huber_ab,0.9999999999999998
im152,low_saturation,gradient_ab,0.9999999999999998
im152,low_saturation,lpips_vgg,0.9999999999999998
im152,low_saturation,convnext_perceptual,0.9999999999999998
im152,low_saturation,dinov3_perceptual,0.9999999999999998
im152,color_bleeding,huber_ab,0.9999999999999998
im152,color_bleeding,gradient_ab,0.9999999999999998
im152,color_bleeding,lpips_vgg,0.9999999999999998
im152,color_bleeding,convnext_perceptual,0.9999999999999998
im152,color_bleeding,dinov3_perceptual,0.9999999999999998
im152,subtle_color_error,huber_ab,0.9999999999999998
im152,subtle_color_error,gradient_ab,0.9999999999999998
im152,subtle_color_error,lpips_vgg,0.9999999999999998
im152,subtle_color_error,convnext_perceptual,0.9999999999999998
im152,subtle_color_error,dinov3_perceptual,0.9999999999999998
im152,semantically_wrong_color,huber_ab,0.9999999999999998
im152,semantically_wrong_color,gradient_ab,0.9999999999999998
im152,semantically_wrong_color,lpips_vgg,0.9999999999999998
im152,semantically_wrong_color,convnext_perceptual,0.9999999999999998
im152,semantically_wrong_color,dinov3_perceptual,0.9999999999999998
im152,plausible_alternative_colorization,huber_ab,0.9999999999999998
im152,plausible_alternative_colorization,gradient_ab,0.9999999999999998
im152,plausible_alternative_colorization,lpips_vgg,0.9999999999999998
im152,plausible_alternative_colorization,convnext_perceptual,0.9999999999999998
im152,plausible_alternative_colorization,dinov3_perceptual,0.9999999999999998
im153,wrong_hue,huber_ab,0.9999999999999998
im153,wrong_hue,gradient_ab,0.9999999999999998
im153,wrong_hue,lpips_vgg,0.9999999999999998
im153,wrong_hue,convnext_perceptual,0.9999999999999998
im153,wrong_hue,dinov3_perceptual,0.9999999999999998
im153,low_saturation,huber_ab,0.9999999999999998
im153,low_saturation,gradient_ab,0.9999999999999998
im153,low_saturation,lpips_vgg,0.9999999999999998
im153,low_saturation,convnext_perceptual,0.9999999999999998
im153,low_saturation,dinov3_perceptual,0.9999999999999998
im153,color_bleeding,huber_ab,0.9999999999999998
im153,color_bleeding,gradient_ab,0.9999999999999998
im153,color_bleeding,lpips_vgg,0.9999999999999998
im153,color_bleeding,convnext_perceptual,0.9999999999999998
im153,color_bleeding,dinov3_perceptual,0.9999999999999998
im153,subtle_color_error,huber_ab,0.9999999999999998
im153,subtle_color_error,gradient_ab,0.9999999999999998
im153,subtle_color_error,lpips_vgg,0.9999999999999998
im153,subtle_color_error,convnext_perceptual,0.9999999999999998
im153,subtle_color_error,dinov3_perceptual,0.9999999999999998
im153,semantically_wrong_color,huber_ab,0.9999999999999998
im153,semantically_wrong_color,gradient_ab,0.9999999999999998
im153,semantically_wrong_color,lpips_vgg,0.9999999999999998
im153,semantically_wrong_color,convnext_perceptual,0.9999999999999998
im153,semantically_wrong_color,dinov3_perceptual,0.9999999999999998
im153,plausible_alternative_colorization,huber_ab,0.9999999999999998
im153,plausible_alternative_colorization,gradient_ab,0.9999999999999998
im153,plausible_alternative_colorization,lpips_vgg,0.9999999999999998
im153,plausible_alternative_colorization,convnext_perceptual,0.9999999999999998
im153,plausible_alternative_colorization,dinov3_perceptual,0.9999999999999998
im154,wrong_hue,huber_ab,0.9999999999999998
im154,wrong_hue,gradient_ab,0.9999999999999998
im154,wrong_hue,lpips_vgg,0.9999999999999998
im154,wrong_hue,convnext_perceptual,0.9999999999999998
im154,wrong_hue,dinov3_perceptual,0.9999999999999998
im154,low_saturation,huber_ab,0.9999999999999998
im154,low_saturation,gradient_ab,0.9999999999999998
im154,low_saturation,lpips_vgg,0.9999999999999998
im154,low_saturation,convnext_perceptual,0.9999999999999998
im154,low_saturation,dinov3_perceptual,0.9999999999999998
im154,color_bleeding,huber_ab,0.9999999999999998
im154,color_bleeding,gradient_ab,0.9999999999999998
im154,color_bleeding,lpips_vgg,0.9999999999999998
im154,color_bleeding,convnext_perceptual,0.9999999999999998
im154,color_bleeding,dinov3_perceptual,0.9999999999999998
im154,subtle_color_error,huber_ab,0.9999999999999998
im154,subtle_color_error,gradient_ab,0.9999999999999998
im154,subtle_color_error,lpips_vgg,0.9999999999999998
im154,subtle_color_error,convnext_perceptual,0.9999999999999998
im154,subtle_color_error,dinov3_perceptual,0.9999999999999998
im154,semantically_wrong_color,huber_ab,0.9999999999999998
im154,semantically_wrong_color,gradient_ab,0.9999999999999998
im154,semantically_wrong_color,lpips_vgg,0.9999999999999998
im154,semantically_wrong_color,convnext_perceptual,0.9999999999999998
im154,semantically_wrong_color,dinov3_perceptual,0.9999999999999998
im154,plausible_alternative_colorization,huber_ab,0.9999999999999998
im154,plausible_alternative_colorization,gradient_ab,0.9999999999999998
im154,plausible_alternative_colorization,lpips_vgg,0.9999999999999998
im154,plausible_alternative_colorization,convnext_perceptual,0.9999999999999998
im154,plausible_alternative_colorization,dinov3_perceptual,0.9999999999999998
im155,wrong_hue,huber_ab,0.9999999999999998
im155,wrong_hue,gradient_ab,0.9999999999999998
im155,wrong_hue,lpips_vgg,0.9999999999999998
im155,wrong_hue,convnext_perceptual,0.7999999999999998
im155,wrong_hue,dinov3_perceptual,0.9999999999999998
im155,low_saturation,huber_ab,0.9999999999999998
im155,low_saturation,gradient_ab,0.9999999999999998
im155,low_saturation,lpips_vgg,0.9999999999999998
im155,low_saturation,convnext_perceptual,0.9999999999999998
im155,low_saturation,dinov3_perceptual,0.9999999999999998
im155,color_bleeding,huber_ab,0.9999999999999998
im155,color_bleeding,gradient_ab,0.9999999999999998
im155,color_bleeding,lpips_vgg,0.9999999999999998
im155,color_bleeding,convnext_perceptual,0.9999999999999998
im155,color_bleeding,dinov3_perceptual,0.9999999999999998
im155,subtle_color_error,huber_ab,0.9999999999999998
im155,subtle_color_error,gradient_ab,0.9999999999999998
im155,subtle_color_error,lpips_vgg,0.9999999999999998
im155,subtle_color_error,convnext_perceptual,0.9999999999999998
im155,subtle_color_error,dinov3_perceptual,0.9999999999999998
im155,semantically_wrong_color,huber_ab,0.9999999999999998
im155,semantically_wrong_color,gradient_ab,0.9999999999999998
im155,semantically_wrong_color,lpips_vgg,0.9999999999999998
im155,semantically_wrong_color,convnext_perceptual,0.9999999999999998
im155,semantically_wrong_color,dinov3_perceptual,0.9999999999999998
im155,plausible_alternative_colorization,huber_ab,0.9999999999999998
im155,plausible_alternative_colorization,gradient_ab,0.9999999999999998
im155,plausible_alternative_colorization,lpips_vgg,0.9999999999999998
im155,plausible_alternative_colorization,convnext_perceptual,0.19999999999999996
im155,plausible_alternative_colorization,dinov3_perceptual,0.9999999999999998
im156,wrong_hue,huber_ab,0.9999999999999998
im156,wrong_hue,gradient_ab,0.9999999999999998
im156,wrong_hue,lpips_vgg,0.9999999999999998
im156,wrong_hue,convnext_perceptual,0.7999999999999998
im156,wrong_hue,dinov3_perceptual,0.9999999999999998
im156,low_saturation,huber_ab,0.9999999999999998
im156,low_saturation,gradient_ab,0.9999999999999998
im156,low_saturation,lpips_vgg,0.9999999999999998
im156,low_saturation,convnext_perceptual,0.9999999999999998
im156,low_saturation,dinov3_perceptual,0.9999999999999998
im156,color_bleeding,huber_ab,0.9999999999999998
im156,color_bleeding,gradient_ab,0.9999999999999998
im156,color_bleeding,lpips_vgg,0.9999999999999998
im156,color_bleeding,convnext_perceptual,0.9999999999999998
im156,color_bleeding,dinov3_perceptual,0.9999999999999998
im156,subtle_color_error,huber_ab,0.9999999999999998
im156,subtle_color_error,gradient_ab,0.9999999999999998
im156,subtle_color_error,lpips_vgg,0.9999999999999998
im156,subtle_color_error,convnext_perceptual,0.9999999999999998
im156,subtle_color_error,dinov3_perceptual,0.9999999999999998
im156,semantically_wrong_color,huber_ab,0.9999999999999998
im156,semantically_wrong_color,gradient_ab,0.9999999999999998
im156,semantically_wrong_color,lpips_vgg,0.9999999999999998
im156,semantically_wrong_color,convnext_perceptual,0.9999999999999998
im156,semantically_wrong_color,dinov3_perceptual,0.9999999999999998
im156,plausible_alternative_colorization,huber_ab,0.9999999999999998
im156,plausible_alternative_colorization,gradient_ab,0.9999999999999998
im156,plausible_alternative_colorization,lpips_vgg,0.9999999999999998
im156,plausible_alternative_colorization,convnext_perceptual,0.9999999999999998
im156,plausible_alternative_colorization,dinov3_perceptual,0.9999999999999998
im157,wrong_hue,huber_ab,0.9999999999999998
im157,wrong_hue,gradient_ab,0.9999999999999998
im157,wrong_hue,lpips_vgg,0.9999999999999998
im157,wrong_hue,convnext_perceptual,0.9999999999999998
im157,wrong_hue,dinov3_perceptual,0.9999999999999998
im157,low_saturation,huber_ab,0.9999999999999998
im157,low_saturation,gradient_ab,0.9999999999999998
im157,low_saturation,lpips_vgg,0.9999999999999998
im157,low_saturation,convnext_perceptual,0.9999999999999998
im157,low_saturation,dinov3_perceptual,0.9999999999999998
im157,color_bleeding,huber_ab,0.9999999999999998
im157,color_bleeding,gradient_ab,0.9999999999999998
im157,color_bleeding,lpips_vgg,0.9999999999999998
im157,color_bleeding,convnext_perceptual,0.9999999999999998
im157,color_bleeding,dinov3_perceptual,0.9999999999999998
im157,subtle_color_error,huber_ab,0.9999999999999998
im157,subtle_color_error,gradient_ab,0.9999999999999998
im157,subtle_color_error,lpips_vgg,0.9999999999999998
im157,subtle_color_error,convnext_perceptual,0.9999999999999998
im157,subtle_color_error,dinov3_perceptual,0.9999999999999998
im157,semantically_wrong_color,huber_ab,0.9999999999999998
im157,semantically_wrong_color,gradient_ab,0.9999999999999998
im157,semantically_wrong_color,lpips_vgg,0.9999999999999998
im157,semantically_wrong_color,convnext_perceptual,0.9999999999999998
im157,semantically_wrong_color,dinov3_perceptual,0.9999999999999998
im157,plausible_alternative_colorization,huber_ab,0.9999999999999998
im157,plausible_alternative_colorization,gradient_ab,0.9999999999999998
im157,plausible_alternative_colorization,lpips_vgg,0.9999999999999998
im157,plausible_alternative_colorization,convnext_perceptual,0.9999999999999998
im157,plausible_alternative_colorization,dinov3_perceptual,0.9999999999999998
im158,wrong_hue,huber_ab,0.9999999999999998
im158,wrong_hue,gradient_ab,0.9999999999999998
im158,wrong_hue,lpips_vgg,0.9999999999999998
im158,wrong_hue,convnext_perceptual,0.9999999999999998
im158,wrong_hue,dinov3_perceptual,0.9999999999999998
im158,low_saturation,huber_ab,0.9999999999999998
im158,low_saturation,gradient_ab,0.9999999999999998
im158,low_saturation,lpips_vgg,0.9999999999999998
im158,low_saturation,convnext_perceptual,0.9999999999999998
im158,low_saturation,dinov3_perceptual,0.9999999999999998
im158,color_bleeding,huber_ab,0.9999999999999998
im158,color_bleeding,gradient_ab,0.9999999999999998
im158,color_bleeding,lpips_vgg,0.9999999999999998
im158,color_bleeding,convnext_perceptual,0.9999999999999998
im158,color_bleeding,dinov3_perceptual,0.9999999999999998
im158,subtle_color_error,huber_ab,0.9999999999999998
im158,subtle_color_error,gradient_ab,0.9999999999999998
im158,subtle_color_error,lpips_vgg,0.9999999999999998
im158,subtle_color_error,convnext_perceptual,0.9999999999999998
im158,subtle_color_error,dinov3_perceptual,0.9999999999999998
im158,semantically_wrong_color,huber_ab,0.9999999999999998
im158,semantically_wrong_color,gradient_ab,0.9999999999999998
im158,semantically_wrong_color,lpips_vgg,0.9999999999999998
im158,semantically_wrong_color,convnext_perceptual,0.9999999999999998
im158,semantically_wrong_color,dinov3_perceptual,0.9999999999999998
im158,plausible_alternative_colorization,huber_ab,0.9999999999999998
im158,plausible_alternative_colorization,gradient_ab,0.9999999999999998
im158,plausible_alternative_colorization,lpips_vgg,0.9999999999999998
im158,plausible_alternative_colorization,convnext_perceptual,0.9999999999999998
im158,plausible_alternative_colorization,dinov3_perceptual,0.9999999999999998
im159,wrong_hue,huber_ab,0.9999999999999998
im159,wrong_hue,gradient_ab,0.9999999999999998
im159,wrong_hue,lpips_vgg,0.9999999999999998
im159,wrong_hue,convnext_perceptual,0.9999999999999998
im159,wrong_hue,dinov3_perceptual,0.9999999999999998
im159,low_saturation,huber_ab,0.9999999999999998
im159,low_saturation,gradient_ab,0.9999999999999998
im159,low_saturation,lpips_vgg,0.9999999999999998
im159,low_saturation,convnext_perceptual,0.9999999999999998
im159,low_saturation,dinov3_perceptual,0.9999999999999998
im159,color_bleeding,huber_ab,0.9999999999999998
im159,color_bleeding,gradient_ab,0.9999999999999998
im159,color_bleeding,lpips_vgg,0.9999999999999998
im159,color_bleeding,convnext_perceptual,0.9999999999999998
im159,color_bleeding,dinov3_perceptual,0.9999999999999998
im159,subtle_color_error,huber_ab,0.9999999999999998
im159,subtle_color_error,gradient_ab,0.9999999999999998
im159,subtle_color_error,lpips_vgg,0.9999999999999998
im159,subtle_color_error,convnext_perceptual,0.9999999999999998
im159,subtle_color_error,dinov3_perceptual,0.9999999999999998
im159,semantically_wrong_color,huber_ab,0.9999999999999998
im159,semantically_wrong_color,gradient_ab,0.9999999999999998
im159,semantically_wrong_color,lpips_vgg,0.9999999999999998
im159,semantically_wrong_color,convnext_perceptual,0.9999999999999998
im159,semantically_wrong_color,dinov3_perceptual,0.9999999999999998
im159,plausible_alternative_colorization,huber_ab,0.9999999999999998
im159,plausible_alternative_colorization,gradient_ab,0.9999999999999998
im159,plausible_alternative_colorization,lpips_vgg,0.9999999999999998
im159,plausible_alternative_colorization,convnext_perceptual,0.9999999999999998
im159,plausible_alternative_colorization,dinov3_perceptual,0.9999999999999998
im16,wrong_hue,huber_ab,0.9999999999999998
im16,wrong_hue,gradient_ab,0.9999999999999998
im16,wrong_hue,lpips_vgg,0.9999999999999998
im16,wrong_hue,convnext_perceptual,0.9999999999999998
im16,wrong_hue,dinov3_perceptual,0.9999999999999998
im16,low_saturation,huber_ab,0.9999999999999998
im16,low_saturation,gradient_ab,0.9999999999999998
im16,low_saturation,lpips_vgg,0.9999999999999998
im16,low_saturation,convnext_perceptual,0.3999999999999999
im16,low_saturation,dinov3_perceptual,0.9999999999999998
im16,color_bleeding,huber_ab,0.9999999999999998
im16,color_bleeding,gradient_ab,0.9999999999999998
im16,color_bleeding,lpips_vgg,0.9999999999999998
im16,color_bleeding,convnext_perceptual,0.9999999999999998
im16,color_bleeding,dinov3_perceptual,0.9999999999999998
im16,subtle_color_error,huber_ab,0.9999999999999998
im16,subtle_color_error,gradient_ab,0.9999999999999998
im16,subtle_color_error,lpips_vgg,0.9999999999999998
im16,subtle_color_error,convnext_perceptual,0.9999999999999998
im16,subtle_color_error,dinov3_perceptual,0.9999999999999998
im16,semantically_wrong_color,huber_ab,0.9999999999999998
im16,semantically_wrong_color,gradient_ab,0.9999999999999998
im16,semantically_wrong_color,lpips_vgg,0.9999999999999998
im16,semantically_wrong_color,convnext_perceptual,0.9999999999999998
im16,semantically_wrong_color,dinov3_perceptual,0.9999999999999998
im16,plausible_alternative_colorization,huber_ab,0.9999999999999998
im16,plausible_alternative_colorization,gradient_ab,0.9999999999999998
im16,plausible_alternative_colorization,lpips_vgg,0.9999999999999998
im16,plausible_alternative_colorization,convnext_perceptual,0.7999999999999998
im16,plausible_alternative_colorization,dinov3_perceptual,0.9999999999999998
im160,wrong_hue,huber_ab,0.9999999999999998
im160,wrong_hue,gradient_ab,0.9999999999999998
im160,wrong_hue,lpips_vgg,0.9999999999999998
im160,wrong_hue,convnext_perceptual,0.9999999999999998
im160,wrong_hue,dinov3_perceptual,0.9999999999999998
im160,low_saturation,huber_ab,0.9999999999999998
im160,low_saturation,gradient_ab,0.9999999999999998
im160,low_saturation,lpips_vgg,0.9999999999999998
im160,low_saturation,convnext_perceptual,0.9999999999999998
im160,low_saturation,dinov3_perceptual,0.9999999999999998
im160,color_bleeding,huber_ab,0.9999999999999998
im160,color_bleeding,gradient_ab,0.9999999999999998
im160,color_bleeding,lpips_vgg,0.9999999999999998
im160,color_bleeding,convnext_perceptual,0.9999999999999998
im160,color_bleeding,dinov3_perceptual,0.9999999999999998
im160,subtle_color_error,huber_ab,0.9999999999999998
im160,subtle_color_error,gradient_ab,0.9999999999999998
im160,subtle_color_error,lpips_vgg,0.9999999999999998
im160,subtle_color_error,convnext_perceptual,0.9999999999999998
im160,subtle_color_error,dinov3_perceptual,0.9999999999999998
im160,semantically_wrong_color,huber_ab,0.9999999999999998
im160,semantically_wrong_color,gradient_ab,0.9999999999999998
im160,semantically_wrong_color,lpips_vgg,0.9999999999999998
im160,semantically_wrong_color,convnext_perceptual,0.9999999999999998
im160,semantically_wrong_color,dinov3_perceptual,0.9999999999999998
im160,plausible_alternative_colorization,huber_ab,0.9999999999999998
im160,plausible_alternative_colorization,gradient_ab,0.9999999999999998
im160,plausible_alternative_colorization,lpips_vgg,0.9999999999999998
im160,plausible_alternative_colorization,convnext_perceptual,0.9999999999999998
im160,plausible_alternative_colorization,dinov3_perceptual,0.9999999999999998
im161,wrong_hue,huber_ab,0.9999999999999998
im161,wrong_hue,gradient_ab,0.9999999999999998
im161,wrong_hue,lpips_vgg,0.9999999999999998
im161,wrong_hue,convnext_perceptual,0.9999999999999998
im161,wrong_hue,dinov3_perceptual,0.9999999999999998
im161,low_saturation,huber_ab,0.9999999999999998
im161,low_saturation,gradient_ab,0.9999999999999998
im161,low_saturation,lpips_vgg,0.9999999999999998
im161,low_saturation,convnext_perceptual,0.9999999999999998
im161,low_saturation,dinov3_perceptual,0.9999999999999998
im161,color_bleeding,huber_ab,0.9999999999999998
im161,color_bleeding,gradient_ab,0.9999999999999998
im161,color_bleeding,lpips_vgg,0.9999999999999998
im161,color_bleeding,convnext_perceptual,0.9999999999999998
im161,color_bleeding,dinov3_perceptual,0.9999999999999998
im161,subtle_color_error,huber_ab,0.9999999999999998
im161,subtle_color_error,gradient_ab,0.9999999999999998
im161,subtle_color_error,lpips_vgg,0.9999999999999998
im161,subtle_color_error,convnext_perceptual,0.9999999999999998
im161,subtle_color_error,dinov3_perceptual,0.9999999999999998
im161,semantically_wrong_color,huber_ab,0.9999999999999998
im161,semantically_wrong_color,gradient_ab,0.9999999999999998
im161,semantically_wrong_color,lpips_vgg,0.9999999999999998
im161,semantically_wrong_color,convnext_perceptual,0.9999999999999998
im161,semantically_wrong_color,dinov3_perceptual,0.9999999999999998
im161,plausible_alternative_colorization,huber_ab,0.9999999999999998
im161,plausible_alternative_colorization,gradient_ab,0.9999999999999998
im161,plausible_alternative_colorization,lpips_vgg,0.9999999999999998
im161,plausible_alternative_colorization,convnext_perceptual,0.9999999999999998
im161,plausible_alternative_colorization,dinov3_perceptual,0.9999999999999998
im162,wrong_hue,huber_ab,0.9999999999999998
im162,wrong_hue,gradient_ab,0.9999999999999998
im162,wrong_hue,lpips_vgg,0.9999999999999998
im162,wrong_hue,convnext_perceptual,0.9999999999999998
im162,wrong_hue,dinov3_perceptual,0.9999999999999998
im162,low_saturation,huber_ab,0.9999999999999998
im162,low_saturation,gradient_ab,0.9999999999999998
im162,low_saturation,lpips_vgg,0.9999999999999998
im162,low_saturation,convnext_perceptual,0.9999999999999998
im162,low_saturation,dinov3_perceptual,0.9999999999999998
im162,color_bleeding,huber_ab,0.9999999999999998
im162,color_bleeding,gradient_ab,0.9999999999999998
im162,color_bleeding,lpips_vgg,0.9999999999999998
im162,color_bleeding,convnext_perceptual,0.7999999999999998
im162,color_bleeding,dinov3_perceptual,0.9999999999999998
im162,subtle_color_error,huber_ab,0.9999999999999998
im162,subtle_color_error,gradient_ab,0.9999999999999998
im162,subtle_color_error,lpips_vgg,0.9999999999999998
im162,subtle_color_error,convnext_perceptual,0.9999999999999998
im162,subtle_color_error,dinov3_perceptual,0.9999999999999998
im162,semantically_wrong_color,huber_ab,0.9999999999999998
im162,semantically_wrong_color,gradient_ab,0.9999999999999998
im162,semantically_wrong_color,lpips_vgg,0.9999999999999998
im162,semantically_wrong_color,convnext_perceptual,0.9999999999999998
im162,semantically_wrong_color,dinov3_perceptual,0.9999999999999998
im162,plausible_alternative_colorization,huber_ab,0.9999999999999998
im162,plausible_alternative_colorization,gradient_ab,0.9999999999999998
im162,plausible_alternative_colorization,lpips_vgg,0.9999999999999998
im162,plausible_alternative_colorization,convnext_perceptual,0.9999999999999998
im162,plausible_alternative_colorization,dinov3_perceptual,0.9999999999999998
im163,wrong_hue,huber_ab,0.9999999999999998
im163,wrong_hue,gradient_ab,0.9999999999999998
im163,wrong_hue,lpips_vgg,0.9999999999999998
im163,wrong_hue,convnext_perceptual,0.9999999999999998
im163,wrong_hue,dinov3_perceptual,0.9999999999999998
im163,low_saturation,huber_ab,0.9999999999999998
im163,low_saturation,gradient_ab,0.9999999999999998
im163,low_saturation,lpips_vgg,0.9999999999999998
im163,low_saturation,convnext_perceptual,0.9999999999999998
im163,low_saturation,dinov3_perceptual,0.9999999999999998
im163,color_bleeding,huber_ab,0.9999999999999998
im163,color_bleeding,gradient_ab,0.9999999999999998
im163,color_bleeding,lpips_vgg,0.9999999999999998
im163,color_bleeding,convnext_perceptual,0.9999999999999998
im163,color_bleeding,dinov3_perceptual,0.9999999999999998
im163,subtle_color_error,huber_ab,0.9999999999999998
im163,subtle_color_error,gradient_ab,0.9999999999999998
im163,subtle_color_error,lpips_vgg,0.9999999999999998
im163,subtle_color_error,convnext_perceptual,0.9999999999999998
im163,subtle_color_error,dinov3_perceptual,0.9999999999999998
im163,semantically_wrong_color,huber_ab,0.9999999999999998
im163,semantically_wrong_color,gradient_ab,0.9999999999999998
im163,semantically_wrong_color,lpips_vgg,0.9999999999999998
im163,semantically_wrong_color,convnext_perceptual,0.9999999999999998
im163,semantically_wrong_color,dinov3_perceptual,0.9999999999999998
im163,plausible_alternative_colorization,huber_ab,0.9999999999999998
im163,plausible_alternative_colorization,gradient_ab,0.9999999999999998
im163,plausible_alternative_colorization,lpips_vgg,0.9999999999999998
im163,plausible_alternative_colorization,convnext_perceptual,0.9999999999999998
im163,plausible_alternative_colorization,dinov3_perceptual,0.9999999999999998
im164,wrong_hue,huber_ab,0.9999999999999998
im164,wrong_hue,gradient_ab,0.9999999999999998
im164,wrong_hue,lpips_vgg,0.9999999999999998
im164,wrong_hue,convnext_perceptual,0.7999999999999998
im164,wrong_hue,dinov3_perceptual,0.9999999999999998
im164,low_saturation,huber_ab,0.9999999999999998
im164,low_saturation,gradient_ab,0.9999999999999998
im164,low_saturation,lpips_vgg,0.9999999999999998
im164,low_saturation,convnext_perceptual,0.9999999999999998
im164,low_saturation,dinov3_perceptual,0.9999999999999998
im164,color_bleeding,huber_ab,0.9999999999999998
im164,color_bleeding,gradient_ab,0.9999999999999998
im164,color_bleeding,lpips_vgg,0.9999999999999998
im164,color_bleeding,convnext_perceptual,0.9999999999999998
im164,color_bleeding,dinov3_perceptual,0.9999999999999998
im164,subtle_color_error,huber_ab,0.9999999999999998
im164,subtle_color_error,gradient_ab,0.9999999999999998
im164,subtle_color_error,lpips_vgg,0.9999999999999998
im164,subtle_color_error,convnext_perceptual,0.9999999999999998
im164,subtle_color_error,dinov3_perceptual,0.9999999999999998
im164,semantically_wrong_color,huber_ab,0.9999999999999998
im164,semantically_wrong_color,gradient_ab,0.9999999999999998
im164,semantically_wrong_color,lpips_vgg,0.9999999999999998
im164,semantically_wrong_color,convnext_perceptual,0.9999999999999998
im164,semantically_wrong_color,dinov3_perceptual,0.9999999999999998
im164,plausible_alternative_colorization,huber_ab,0.9999999999999998
im164,plausible_alternative_colorization,gradient_ab,0.9999999999999998
im164,plausible_alternative_colorization,lpips_vgg,0.9999999999999998
im164,plausible_alternative_colorization,convnext_perceptual,0.9999999999999998
im164,plausible_alternative_colorization,dinov3_perceptual,0.9999999999999998
im165,wrong_hue,huber_ab,0.9999999999999998
im165,wrong_hue,gradient_ab,0.9999999999999998
im165,wrong_hue,lpips_vgg,0.9999999999999998
im165,wrong_hue,convnext_perceptual,0.9999999999999998
im165,wrong_hue,dinov3_perceptual,0.9999999999999998
im165,low_saturation,huber_ab,0.9999999999999998
im165,low_saturation,gradient_ab,0.9999999999999998
im165,low_saturation,lpips_vgg,0.9999999999999998
im165,low_saturation,convnext_perceptual,0.9999999999999998
im165,low_saturation,dinov3_perceptual,0.9999999999999998
im165,color_bleeding,huber_ab,0.9999999999999998
im165,color_bleeding,gradient_ab,0.9999999999999998
im165,color_bleeding,lpips_vgg,0.9999999999999998
im165,color_bleeding,convnext_perceptual,0.9999999999999998
im165,color_bleeding,dinov3_perceptual,0.9999999999999998
im165,subtle_color_error,huber_ab,0.9999999999999998
im165,subtle_color_error,gradient_ab,0.9999999999999998
im165,subtle_color_error,lpips_vgg,0.9999999999999998
im165,subtle_color_error,convnext_perceptual,0.9999999999999998
im165,subtle_color_error,dinov3_perceptual,0.9999999999999998
im165,semantically_wrong_color,huber_ab,0.9999999999999998
im165,semantically_wrong_color,gradient_ab,0.9999999999999998
im165,semantically_wrong_color,lpips_vgg,0.9999999999999998
im165,semantically_wrong_color,convnext_perceptual,0.9999999999999998
im165,semantically_wrong_color,dinov3_perceptual,0.9999999999999998
im165,plausible_alternative_colorization,huber_ab,0.9999999999999998
im165,plausible_alternative_colorization,gradient_ab,0.9999999999999998
im165,plausible_alternative_colorization,lpips_vgg,0.9999999999999998
im165,plausible_alternative_colorization,convnext_perceptual,0.9999999999999998
im165,plausible_alternative_colorization,dinov3_perceptual,0.9999999999999998
im166,wrong_hue,huber_ab,0.9999999999999998
im166,wrong_hue,gradient_ab,0.9999999999999998
im166,wrong_hue,lpips_vgg,0.9999999999999998
im166,wrong_hue,convnext_perceptual,0.9999999999999998
im166,wrong_hue,dinov3_perceptual,0.9999999999999998
im166,low_saturation,huber_ab,0.9999999999999998
im166,low_saturation,gradient_ab,0.9999999999999998
im166,low_saturation,lpips_vgg,0.9999999999999998
im166,low_saturation,convnext_perceptual,0.9999999999999998
im166,low_saturation,dinov3_perceptual,0.9999999999999998
im166,color_bleeding,huber_ab,0.9999999999999998
im166,color_bleeding,gradient_ab,0.9999999999999998
im166,color_bleeding,lpips_vgg,0.9999999999999998
im166,color_bleeding,convnext_perceptual,0.9999999999999998
im166,color_bleeding,dinov3_perceptual,0.9999999999999998
im166,subtle_color_error,huber_ab,0.9999999999999998
im166,subtle_color_error,gradient_ab,0.9999999999999998
im166,subtle_color_error,lpips_vgg,0.9999999999999998
im166,subtle_color_error,convnext_perceptual,0.9999999999999998
im166,subtle_color_error,dinov3_perceptual,0.9999999999999998
im166,semantically_wrong_color,huber_ab,0.9999999999999998
im166,semantically_wrong_color,gradient_ab,0.9999999999999998
im166,semantically_wrong_color,lpips_vgg,0.9999999999999998
im166,semantically_wrong_color,convnext_perceptual,0.9999999999999998
im166,semantically_wrong_color,dinov3_perceptual,0.9999999999999998
im166,plausible_alternative_colorization,huber_ab,0.9999999999999998
im166,plausible_alternative_colorization,gradient_ab,0.9999999999999998
im166,plausible_alternative_colorization,lpips_vgg,0.9999999999999998
im166,plausible_alternative_colorization,convnext_perceptual,0.9999999999999998
im166,plausible_alternative_colorization,dinov3_perceptual,0.9999999999999998
im167,wrong_hue,huber_ab,0.9999999999999998
im167,wrong_hue,gradient_ab,0.9999999999999998
im167,wrong_hue,lpips_vgg,0.9999999999999998
im167,wrong_hue,convnext_perceptual,0.9999999999999998
im167,wrong_hue,dinov3_perceptual,0.9999999999999998
im167,low_saturation,huber_ab,0.9999999999999998
im167,low_saturation,gradient_ab,0.9999999999999998
im167,low_saturation,lpips_vgg,0.9999999999999998
im167,low_saturation,convnext_perceptual,0.9999999999999998
im167,low_saturation,dinov3_perceptual,0.9999999999999998
im167,color_bleeding,huber_ab,0.9999999999999998
im167,color_bleeding,gradient_ab,0.9999999999999998
im167,color_bleeding,lpips_vgg,0.9999999999999998
im167,color_bleeding,convnext_perceptual,0.9999999999999998
im167,color_bleeding,dinov3_perceptual,0.9999999999999998
im167,subtle_color_error,huber_ab,0.9999999999999998
im167,subtle_color_error,gradient_ab,0.9999999999999998
im167,subtle_color_error,lpips_vgg,0.9999999999999998
im167,subtle_color_error,convnext_perceptual,0.9999999999999998
im167,subtle_color_error,dinov3_perceptual,0.9999999999999998
im167,semantically_wrong_color,huber_ab,0.9999999999999998
im167,semantically_wrong_color,gradient_ab,0.9999999999999998
im167,semantically_wrong_color,lpips_vgg,0.9999999999999998
im167,semantically_wrong_color,convnext_perceptual,0.9999999999999998
im167,semantically_wrong_color,dinov3_perceptual,0.9999999999999998
im167,plausible_alternative_colorization,huber_ab,0.9999999999999998
im167,plausible_alternative_colorization,gradient_ab,0.9999999999999998
im167,plausible_alternative_colorization,lpips_vgg,0.9999999999999998
im167,plausible_alternative_colorization,convnext_perceptual,0.9999999999999998
im167,plausible_alternative_colorization,dinov3_perceptual,0.9999999999999998
im169,wrong_hue,huber_ab,0.9999999999999998
im169,wrong_hue,gradient_ab,0.9999999999999998
im169,wrong_hue,lpips_vgg,0.9999999999999998
im169,wrong_hue,convnext_perceptual,0.9999999999999998
im169,wrong_hue,dinov3_perceptual,0.9999999999999998
im169,low_saturation,huber_ab,0.9999999999999998
im169,low_saturation,gradient_ab,0.9999999999999998
im169,low_saturation,lpips_vgg,0.9999999999999998
im169,low_saturation,convnext_perceptual,0.9999999999999998
im169,low_saturation,dinov3_perceptual,0.9999999999999998
im169,color_bleeding,huber_ab,0.9999999999999998
im169,color_bleeding,gradient_ab,0.9999999999999998
im169,color_bleeding,lpips_vgg,0.9999999999999998
im169,color_bleeding,convnext_perceptual,0.9999999999999998
im169,color_bleeding,dinov3_perceptual,0.9999999999999998
im169,subtle_color_error,huber_ab,0.9999999999999998
im169,subtle_color_error,gradient_ab,0.9999999999999998
im169,subtle_color_error,lpips_vgg,0.9999999999999998
im169,subtle_color_error,convnext_perceptual,0.9999999999999998
im169,subtle_color_error,dinov3_perceptual,0.9999999999999998
im169,semantically_wrong_color,huber_ab,0.9999999999999998
im169,semantically_wrong_color,gradient_ab,0.9999999999999998
im169,semantically_wrong_color,lpips_vgg,0.9999999999999998
im169,semantically_wrong_color,convnext_perceptual,0.9999999999999998
im169,semantically_wrong_color,dinov3_perceptual,0.9999999999999998
im169,plausible_alternative_colorization,huber_ab,0.9999999999999998
im169,plausible_alternative_colorization,gradient_ab,0.9999999999999998
im169,plausible_alternative_colorization,lpips_vgg,0.9999999999999998
im169,plausible_alternative_colorization,convnext_perceptual,0.7999999999999998
im169,plausible_alternative_colorization,dinov3_perceptual,0.9999999999999998
im170,wrong_hue,huber_ab,0.9999999999999998
im170,wrong_hue,gradient_ab,0.9999999999999998
im170,wrong_hue,lpips_vgg,0.9999999999999998
im170,wrong_hue,convnext_perceptual,0.9999999999999998
im170,wrong_hue,dinov3_perceptual,0.9999999999999998
im170,low_saturation,huber_ab,0.9999999999999998
im170,low_saturation,gradient_ab,0.9999999999999998
im170,low_saturation,lpips_vgg,0.9999999999999998
im170,low_saturation,convnext_perceptual,0.9999999999999998
im170,low_saturation,dinov3_perceptual,0.9999999999999998
im170,color_bleeding,huber_ab,0.9999999999999998
im170,color_bleeding,gradient_ab,0.9999999999999998
im170,color_bleeding,lpips_vgg,0.9999999999999998
im170,color_bleeding,convnext_perceptual,0.9999999999999998
im170,color_bleeding,dinov3_perceptual,0.9999999999999998
im170,subtle_color_error,huber_ab,0.9999999999999998
im170,subtle_color_error,gradient_ab,0.9999999999999998
im170,subtle_color_error,lpips_vgg,0.9999999999999998
im170,subtle_color_error,convnext_perceptual,0.9999999999999998
im170,subtle_color_error,dinov3_perceptual,0.9999999999999998
im170,semantically_wrong_color,huber_ab,0.9999999999999998
im170,semantically_wrong_color,gradient_ab,0.9999999999999998
im170,semantically_wrong_color,lpips_vgg,0.9999999999999998
im170,semantically_wrong_color,convnext_perceptual,0.9999999999999998
im170,semantically_wrong_color,dinov3_perceptual,0.9999999999999998
im170,plausible_alternative_colorization,huber_ab,0.9999999999999998
im170,plausible_alternative_colorization,gradient_ab,0.9999999999999998
im170,plausible_alternative_colorization,lpips_vgg,0.9999999999999998
im170,plausible_alternative_colorization,convnext_perceptual,0.9999999999999998
im170,plausible_alternative_colorization,dinov3_perceptual,0.9999999999999998
im171,wrong_hue,huber_ab,0.9999999999999998
im171,wrong_hue,gradient_ab,0.9999999999999998
im171,wrong_hue,lpips_vgg,0.9999999999999998
im171,wrong_hue,convnext_perceptual,0.9999999999999998
im171,wrong_hue,dinov3_perceptual,0.9999999999999998
im171,low_saturation,huber_ab,0.9999999999999998
im171,low_saturation,gradient_ab,0.9999999999999998
im171,low_saturation,lpips_vgg,0.9999999999999998
im171,low_saturation,convnext_perceptual,0.9999999999999998
im171,low_saturation,dinov3_perceptual,0.9999999999999998
im171,color_bleeding,huber_ab,0.9999999999999998
im171,color_bleeding,gradient_ab,0.9999999999999998
im171,color_bleeding,lpips_vgg,0.9999999999999998
im171,color_bleeding,convnext_perceptual,0.9999999999999998
im171,color_bleeding,dinov3_perceptual,0.9999999999999998
im171,subtle_color_error,huber_ab,0.9999999999999998
im171,subtle_color_error,gradient_ab,0.9999999999999998
im171,subtle_color_error,lpips_vgg,0.9999999999999998
im171,subtle_color_error,convnext_perceptual,0.9999999999999998
im171,subtle_color_error,dinov3_perceptual,0.9999999999999998
im171,semantically_wrong_color,huber_ab,0.9999999999999998
im171,semantically_wrong_color,gradient_ab,0.9999999999999998
im171,semantically_wrong_color,lpips_vgg,0.9999999999999998
im171,semantically_wrong_color,convnext_perceptual,0.9999999999999998
im171,semantically_wrong_color,dinov3_perceptual,0.9999999999999998
im171,plausible_alternative_colorization,huber_ab,0.9999999999999998
im171,plausible_alternative_colorization,gradient_ab,0.9999999999999998
im171,plausible_alternative_colorization,lpips_vgg,0.9999999999999998
im171,plausible_alternative_colorization,convnext_perceptual,0.9999999999999998
im171,plausible_alternative_colorization,dinov3_perceptual,0.9999999999999998
im172,wrong_hue,huber_ab,0.9999999999999998
im172,wrong_hue,gradient_ab,0.9999999999999998
im172,wrong_hue,lpips_vgg,0.9999999999999998
im172,wrong_hue,convnext_perceptual,0.5999999999999999
im172,wrong_hue,dinov3_perceptual,0.9999999999999998
im172,low_saturation,huber_ab,0.9999999999999998
im172,low_saturation,gradient_ab,0.9999999999999998
im172,low_saturation,lpips_vgg,0.9999999999999998
im172,low_saturation,convnext_perceptual,0.3999999999999999
im172,low_saturation,dinov3_perceptual,0.9999999999999998
im172,color_bleeding,huber_ab,0.9999999999999998
im172,color_bleeding,gradient_ab,0.9999999999999998
im172,color_bleeding,lpips_vgg,0.9999999999999998
im172,color_bleeding,convnext_perceptual,0.19999999999999996
im172,color_bleeding,dinov3_perceptual,0.9999999999999998
im172,subtle_color_error,huber_ab,0.9999999999999998
im172,subtle_color_error,gradient_ab,0.9999999999999998
im172,subtle_color_error,lpips_vgg,0.9999999999999998
im172,subtle_color_error,convnext_perceptual,0.9999999999999998
im172,subtle_color_error,dinov3_perceptual,0.9999999999999998
im172,semantically_wrong_color,huber_ab,0.9999999999999998
im172,semantically_wrong_color,gradient_ab,0.9999999999999998
im172,semantically_wrong_color,lpips_vgg,0.9999999999999998
im172,semantically_wrong_color,convnext_perceptual,0.9999999999999998
im172,semantically_wrong_color,dinov3_perceptual,0.9999999999999998
im172,plausible_alternative_colorization,huber_ab,0.9999999999999998
im172,plausible_alternative_colorization,gradient_ab,0.9999999999999998
im172,plausible_alternative_colorization,lpips_vgg,0.9999999999999998
im172,plausible_alternative_colorization,convnext_perceptual,0.9999999999999998
im172,plausible_alternative_colorization,dinov3_perceptual,0.9999999999999998
im174,wrong_hue,huber_ab,0.9999999999999998
im174,wrong_hue,gradient_ab,0.9999999999999998
im174,wrong_hue,lpips_vgg,0.9999999999999998
im174,wrong_hue,convnext_perceptual,0.9999999999999998
im174,wrong_hue,dinov3_perceptual,0.9999999999999998
im174,low_saturation,huber_ab,0.9999999999999998
im174,low_saturation,gradient_ab,0.9999999999999998
im174,low_saturation,lpips_vgg,0.9999999999999998
im174,low_saturation,convnext_perceptual,0.7999999999999998
im174,low_saturation,dinov3_perceptual,0.9999999999999998
im174,color_bleeding,huber_ab,0.9999999999999998
im174,color_bleeding,gradient_ab,0.9999999999999998
im174,color_bleeding,lpips_vgg,0.9999999999999998
im174,color_bleeding,convnext_perceptual,0.9999999999999998
im174,color_bleeding,dinov3_perceptual,0.9999999999999998
im174,subtle_color_error,huber_ab,0.9999999999999998
im174,subtle_color_error,gradient_ab,0.9999999999999998
im174,subtle_color_error,lpips_vgg,0.9999999999999998
im174,subtle_color_error,convnext_perceptual,0.9999999999999998
im174,subtle_color_error,dinov3_perceptual,0.9999999999999998
im174,semantically_wrong_color,huber_ab,0.9999999999999998
im174,semantically_wrong_color,gradient_ab,0.9999999999999998
im174,semantically_wrong_color,lpips_vgg,0.9999999999999998
im174,semantically_wrong_color,convnext_perceptual,0.9999999999999998
im174,semantically_wrong_color,dinov3_perceptual,0.9999999999999998
im174,plausible_alternative_colorization,huber_ab,0.9999999999999998
im174,plausible_alternative_colorization,gradient_ab,0.9999999999999998
im174,plausible_alternative_colorization,lpips_vgg,0.9999999999999998
im174,plausible_alternative_colorization,convnext_perceptual,0.9999999999999998
im174,plausible_alternative_colorization,dinov3_perceptual,0.9999999999999998
im175,wrong_hue,huber_ab,0.9999999999999998
im175,wrong_hue,gradient_ab,0.9999999999999998
im175,wrong_hue,lpips_vgg,0.9999999999999998
im175,wrong_hue,convnext_perceptual,0.9999999999999998
im175,wrong_hue,dinov3_perceptual,0.9999999999999998
im175,low_saturation,huber_ab,0.9999999999999998
im175,low_saturation,gradient_ab,0.9999999999999998
im175,low_saturation,lpips_vgg,0.9999999999999998
im175,low_saturation,convnext_perceptual,0.9999999999999998
im175,low_saturation,dinov3_perceptual,0.9999999999999998
im175,color_bleeding,huber_ab,0.9999999999999998
im175,color_bleeding,gradient_ab,0.9999999999999998
im175,color_bleeding,lpips_vgg,0.9999999999999998
im175,color_bleeding,convnext_perceptual,0.9999999999999998
im175,color_bleeding,dinov3_perceptual,0.9999999999999998
im175,subtle_color_error,huber_ab,0.9999999999999998
im175,subtle_color_error,gradient_ab,0.9999999999999998
im175,subtle_color_error,lpips_vgg,0.9999999999999998
im175,subtle_color_error,convnext_perceptual,0.9999999999999998
im175,subtle_color_error,dinov3_perceptual,0.9999999999999998
im175,semantically_wrong_color,huber_ab,0.9999999999999998
im175,semantically_wrong_color,gradient_ab,0.9999999999999998
im175,semantically_wrong_color,lpips_vgg,0.9999999999999998
im175,semantically_wrong_color,convnext_perceptual,0.9999999999999998
im175,semantically_wrong_color,dinov3_perceptual,0.9999999999999998
im175,plausible_alternative_colorization,huber_ab,0.9999999999999998
im175,plausible_alternative_colorization,gradient_ab,0.9999999999999998
im175,plausible_alternative_colorization,lpips_vgg,0.9999999999999998
im175,plausible_alternative_colorization,convnext_perceptual,0.7999999999999998
im175,plausible_alternative_colorization,dinov3_perceptual,0.9999999999999998
im176,wrong_hue,huber_ab,0.9999999999999998
im176,wrong_hue,gradient_ab,0.9999999999999998
im176,wrong_hue,lpips_vgg,0.9999999999999998
im176,wrong_hue,convnext_perceptual,0.9999999999999998
im176,wrong_hue,dinov3_perceptual,0.9999999999999998
im176,low_saturation,huber_ab,0.9999999999999998
im176,low_saturation,gradient_ab,0.9999999999999998
im176,low_saturation,lpips_vgg,0.9999999999999998
im176,low_saturation,convnext_perceptual,0.9999999999999998
im176,low_saturation,dinov3_perceptual,0.9999999999999998
im176,color_bleeding,huber_ab,0.9999999999999998
im176,color_bleeding,gradient_ab,0.9999999999999998
im176,color_bleeding,lpips_vgg,0.9999999999999998
im176,color_bleeding,convnext_perceptual,0.9999999999999998
im176,color_bleeding,dinov3_perceptual,0.9999999999999998
im176,subtle_color_error,huber_ab,0.9999999999999998
im176,subtle_color_error,gradient_ab,0.9999999999999998
im176,subtle_color_error,lpips_vgg,0.9999999999999998
im176,subtle_color_error,convnext_perceptual,0.9999999999999998
im176,subtle_color_error,dinov3_perceptual,0.9999999999999998
im176,semantically_wrong_color,huber_ab,0.9999999999999998
im176,semantically_wrong_color,gradient_ab,0.9999999999999998
im176,semantically_wrong_color,lpips_vgg,0.9999999999999998
im176,semantically_wrong_color,convnext_perceptual,0.9999999999999998
im176,semantically_wrong_color,dinov3_perceptual,0.9999999999999998
im176,plausible_alternative_colorization,huber_ab,0.9999999999999998
im176,plausible_alternative_colorization,gradient_ab,0.9999999999999998
im176,plausible_alternative_colorization,lpips_vgg,0.9999999999999998
im176,plausible_alternative_colorization,convnext_perceptual,0.9999999999999998
im176,plausible_alternative_colorization,dinov3_perceptual,0.9999999999999998
im177,wrong_hue,huber_ab,0.9999999999999998
im177,wrong_hue,gradient_ab,0.9999999999999998
im177,wrong_hue,lpips_vgg,0.9999999999999998
im177,wrong_hue,convnext_perceptual,0.9999999999999998
im177,wrong_hue,dinov3_perceptual,0.9999999999999998
im177,low_saturation,huber_ab,0.9999999999999998
im177,low_saturation,gradient_ab,0.9999999999999998
im177,low_saturation,lpips_vgg,0.9999999999999998
im177,low_saturation,convnext_perceptual,0.3999999999999999
im177,low_saturation,dinov3_perceptual,0.9999999999999998
im177,color_bleeding,huber_ab,0.9999999999999998
im177,color_bleeding,gradient_ab,0.9999999999999998
im177,color_bleeding,lpips_vgg,0.9999999999999998
im177,color_bleeding,convnext_perceptual,0.9999999999999998
im177,color_bleeding,dinov3_perceptual,0.9999999999999998
im177,subtle_color_error,huber_ab,0.9999999999999998
im177,subtle_color_error,gradient_ab,0.9999999999999998
im177,subtle_color_error,lpips_vgg,0.9999999999999998
im177,subtle_color_error,convnext_perceptual,0.9999999999999998
im177,subtle_color_error,dinov3_perceptual,0.9999999999999998
im177,semantically_wrong_color,huber_ab,0.9999999999999998
im177,semantically_wrong_color,gradient_ab,0.9999999999999998
im177,semantically_wrong_color,lpips_vgg,0.9999999999999998
im177,semantically_wrong_color,convnext_perceptual,0.9999999999999998
im177,semantically_wrong_color,dinov3_perceptual,0.9999999999999998
im177,plausible_alternative_colorization,huber_ab,0.9999999999999998
im177,plausible_alternative_colorization,gradient_ab,0.9999999999999998
im177,plausible_alternative_colorization,lpips_vgg,0.9999999999999998
im177,plausible_alternative_colorization,convnext_perceptual,0.9999999999999998
im177,plausible_alternative_colorization,dinov3_perceptual,0.9999999999999998
im178,wrong_hue,huber_ab,0.9999999999999998
im178,wrong_hue,gradient_ab,0.9999999999999998
im178,wrong_hue,lpips_vgg,0.9999999999999998
im178,wrong_hue,convnext_perceptual,0.9999999999999998
im178,wrong_hue,dinov3_perceptual,0.9999999999999998
im178,low_saturation,huber_ab,0.9999999999999998
im178,low_saturation,gradient_ab,0.9999999999999998
im178,low_saturation,lpips_vgg,0.9999999999999998
im178,low_saturation,convnext_perceptual,0.9999999999999998
im178,low_saturation,dinov3_perceptual,0.9999999999999998
im178,color_bleeding,huber_ab,0.9999999999999998
im178,color_bleeding,gradient_ab,0.9999999999999998
im178,color_bleeding,lpips_vgg,0.9999999999999998
im178,color_bleeding,convnext_perceptual,0.9999999999999998
im178,color_bleeding,dinov3_perceptual,0.9999999999999998
im178,subtle_color_error,huber_ab,0.9999999999999998
im178,subtle_color_error,gradient_ab,0.9999999999999998
im178,subtle_color_error,lpips_vgg,0.9999999999999998
im178,subtle_color_error,convnext_perceptual,0.9999999999999998
im178,subtle_color_error,dinov3_perceptual,0.9999999999999998
im178,semantically_wrong_color,huber_ab,0.9999999999999998
im178,semantically_wrong_color,gradient_ab,0.9999999999999998
im178,semantically_wrong_color,lpips_vgg,0.9999999999999998
im178,semantically_wrong_color,convnext_perceptual,0.9999999999999998
im178,semantically_wrong_color,dinov3_perceptual,0.9999999999999998
im178,plausible_alternative_colorization,huber_ab,0.9999999999999998
im178,plausible_alternative_colorization,gradient_ab,0.9999999999999998
im178,plausible_alternative_colorization,lpips_vgg,0.9999999999999998
im178,plausible_alternative_colorization,convnext_perceptual,0.9999999999999998
im178,plausible_alternative_colorization,dinov3_perceptual,0.9999999999999998
im179,wrong_hue,huber_ab,0.9999999999999998
im179,wrong_hue,gradient_ab,0.9999999999999998
im179,wrong_hue,lpips_vgg,0.9999999999999998
im179,wrong_hue,convnext_perceptual,0.9999999999999998
im179,wrong_hue,dinov3_perceptual,0.9999999999999998
im179,low_saturation,huber_ab,0.9999999999999998
im179,low_saturation,gradient_ab,0.9999999999999998
im179,low_saturation,lpips_vgg,0.9999999999999998
im179,low_saturation,convnext_perceptual,0.9999999999999998
im179,low_saturation,dinov3_perceptual,0.9999999999999998
im179,color_bleeding,huber_ab,0.9999999999999998
im179,color_bleeding,gradient_ab,0.9999999999999998
im179,color_bleeding,lpips_vgg,0.9999999999999998
im179,color_bleeding,convnext_perceptual,0.9999999999999998
im179,color_bleeding,dinov3_perceptual,0.9999999999999998
im179,subtle_color_error,huber_ab,0.9999999999999998
im179,subtle_color_error,gradient_ab,0.9999999999999998
im179,subtle_color_error,lpips_vgg,0.9999999999999998
im179,subtle_color_error,convnext_perceptual,0.9999999999999998
im179,subtle_color_error,dinov3_perceptual,0.9999999999999998
im179,semantically_wrong_color,huber_ab,0.9999999999999998
im179,semantically_wrong_color,gradient_ab,0.9999999999999998
im179,semantically_wrong_color,lpips_vgg,0.9999999999999998
im179,semantically_wrong_color,convnext_perceptual,0.9999999999999998
im179,semantically_wrong_color,dinov3_perceptual,0.9999999999999998
im179,plausible_alternative_colorization,huber_ab,0.9999999999999998
im179,plausible_alternative_colorization,gradient_ab,0.9999999999999998
im179,plausible_alternative_colorization,lpips_vgg,0.9999999999999998
im179,plausible_alternative_colorization,convnext_perceptual,0.9999999999999998
im179,plausible_alternative_colorization,dinov3_perceptual,0.9999999999999998
im18,wrong_hue,huber_ab,0.9999999999999998
im18,wrong_hue,gradient_ab,0.9999999999999998
im18,wrong_hue,lpips_vgg,0.9999999999999998
im18,wrong_hue,convnext_perceptual,0.9999999999999998
im18,wrong_hue,dinov3_perceptual,0.9999999999999998
im18,low_saturation,huber_ab,0.9999999999999998
im18,low_saturation,gradient_ab,0.9999999999999998
im18,low_saturation,lpips_vgg,0.9999999999999998
im18,low_saturation,convnext_perceptual,0.9999999999999998
im18,low_saturation,dinov3_perceptual,0.9999999999999998
im18,color_bleeding,huber_ab,0.9999999999999998
im18,color_bleeding,gradient_ab,0.9999999999999998
im18,color_bleeding,lpips_vgg,0.9999999999999998
im18,color_bleeding,convnext_perceptual,0.9999999999999998
im18,color_bleeding,dinov3_perceptual,0.9999999999999998
im18,subtle_color_error,huber_ab,0.9999999999999998
im18,subtle_color_error,gradient_ab,0.9999999999999998
im18,subtle_color_error,lpips_vgg,0.9999999999999998
im18,subtle_color_error,convnext_perceptual,0.9999999999999998
im18,subtle_color_error,dinov3_perceptual,0.9999999999999998
im18,semantically_wrong_color,huber_ab,0.9999999999999998
im18,semantically_wrong_color,gradient_ab,0.9999999999999998
im18,semantically_wrong_color,lpips_vgg,0.9999999999999998
im18,semantically_wrong_color,convnext_perceptual,0.9999999999999998
im18,semantically_wrong_color,dinov3_perceptual,0.9999999999999998
im18,plausible_alternative_colorization,huber_ab,0.9999999999999998
im18,plausible_alternative_colorization,gradient_ab,0.9999999999999998
im18,plausible_alternative_colorization,lpips_vgg,0.9999999999999998
im18,plausible_alternative_colorization,convnext_perceptual,0.9999999999999998
im18,plausible_alternative_colorization,dinov3_perceptual,0.9999999999999998
im180,wrong_hue,huber_ab,0.9999999999999998
im180,wrong_hue,gradient_ab,0.9999999999999998
im180,wrong_hue,lpips_vgg,0.9999999999999998
im180,wrong_hue,convnext_perceptual,0.9999999999999998
im180,wrong_hue,dinov3_perceptual,0.9999999999999998
im180,low_saturation,huber_ab,0.9999999999999998
im180,low_saturation,gradient_ab,0.9999999999999998
im180,low_saturation,lpips_vgg,0.9999999999999998
im180,low_saturation,convnext_perceptual,0.9999999999999998
im180,low_saturation,dinov3_perceptual,0.9999999999999998
im180,color_bleeding,huber_ab,0.9999999999999998
im180,color_bleeding,gradient_ab,0.9999999999999998
im180,color_bleeding,lpips_vgg,0.9999999999999998
im180,color_bleeding,convnext_perceptual,0.9999999999999998
im180,color_bleeding,dinov3_perceptual,0.9999999999999998
im180,subtle_color_error,huber_ab,0.9999999999999998
im180,subtle_color_error,gradient_ab,0.9999999999999998
im180,subtle_color_error,lpips_vgg,0.9999999999999998
im180,subtle_color_error,convnext_perceptual,0.9999999999999998
im180,subtle_color_error,dinov3_perceptual,0.9999999999999998
im180,semantically_wrong_color,huber_ab,0.9999999999999998
im180,semantically_wrong_color,gradient_ab,0.9999999999999998
im180,semantically_wrong_color,lpips_vgg,0.9999999999999998
im180,semantically_wrong_color,convnext_perceptual,0.7999999999999998
im180,semantically_wrong_color,dinov3_perceptual,0.9999999999999998
im180,plausible_alternative_colorization,huber_ab,0.9999999999999998
im180,plausible_alternative_colorization,gradient_ab,0.9999999999999998
im180,plausible_alternative_colorization,lpips_vgg,0.9999999999999998
im180,plausible_alternative_colorization,convnext_perceptual,0.9999999999999998
im180,plausible_alternative_colorization,dinov3_perceptual,0.9999999999999998
im183,wrong_hue,huber_ab,0.9999999999999998
im183,wrong_hue,gradient_ab,0.9999999999999998
im183,wrong_hue,lpips_vgg,0.9999999999999998
im183,wrong_hue,convnext_perceptual,0.9999999999999998
im183,wrong_hue,dinov3_perceptual,0.9999999999999998
im183,low_saturation,huber_ab,0.9999999999999998
im183,low_saturation,gradient_ab,0.9999999999999998
im183,low_saturation,lpips_vgg,0.9999999999999998
im183,low_saturation,convnext_perceptual,0.9999999999999998
im183,low_saturation,dinov3_perceptual,0.9999999999999998
im183,color_bleeding,huber_ab,0.9999999999999998
im183,color_bleeding,gradient_ab,0.9999999999999998
im183,color_bleeding,lpips_vgg,0.9999999999999998
im183,color_bleeding,convnext_perceptual,0.9999999999999998
im183,color_bleeding,dinov3_perceptual,0.9999999999999998
im183,subtle_color_error,huber_ab,0.9999999999999998
im183,subtle_color_error,gradient_ab,0.9999999999999998
im183,subtle_color_error,lpips_vgg,0.9999999999999998
im183,subtle_color_error,convnext_perceptual,0.9999999999999998
im183,subtle_color_error,dinov3_perceptual,0.9999999999999998
im183,semantically_wrong_color,huber_ab,0.9999999999999998
im183,semantically_wrong_color,gradient_ab,0.9999999999999998
im183,semantically_wrong_color,lpips_vgg,0.9999999999999998
im183,semantically_wrong_color,convnext_perceptual,0.9999999999999998
im183,semantically_wrong_color,dinov3_perceptual,0.9999999999999998
im183,plausible_alternative_colorization,huber_ab,0.9999999999999998
im183,plausible_alternative_colorization,gradient_ab,0.9999999999999998
im183,plausible_alternative_colorization,lpips_vgg,0.9999999999999998
im183,plausible_alternative_colorization,convnext_perceptual,0.7999999999999998
im183,plausible_alternative_colorization,dinov3_perceptual,0.9999999999999998
im185,wrong_hue,huber_ab,0.9999999999999998
im185,wrong_hue,gradient_ab,0.9999999999999998
im185,wrong_hue,lpips_vgg,0.9999999999999998
im185,wrong_hue,convnext_perceptual,0.7999999999999998
im185,wrong_hue,dinov3_perceptual,0.9999999999999998
im185,low_saturation,huber_ab,0.9999999999999998
im185,low_saturation,gradient_ab,0.9999999999999998
im185,low_saturation,lpips_vgg,0.9999999999999998
im185,low_saturation,convnext_perceptual,0.9999999999999998
im185,low_saturation,dinov3_perceptual,0.9999999999999998
im185,color_bleeding,huber_ab,0.9999999999999998
im185,color_bleeding,gradient_ab,0.9999999999999998
im185,color_bleeding,lpips_vgg,0.9999999999999998
im185,color_bleeding,convnext_perceptual,0.9999999999999998
im185,color_bleeding,dinov3_perceptual,0.9999999999999998
im185,subtle_color_error,huber_ab,0.9999999999999998
im185,subtle_color_error,gradient_ab,0.9999999999999998
im185,subtle_color_error,lpips_vgg,0.9999999999999998
im185,subtle_color_error,convnext_perceptual,0.9999999999999998
im185,subtle_color_error,dinov3_perceptual,0.9999999999999998
im185,semantically_wrong_color,huber_ab,0.9999999999999998
im185,semantically_wrong_color,gradient_ab,0.9999999999999998
im185,semantically_wrong_color,lpips_vgg,0.9999999999999998
im185,semantically_wrong_color,convnext_perceptual,0.3999999999999999
im185,semantically_wrong_color,dinov3_perceptual,0.9999999999999998
im185,plausible_alternative_colorization,huber_ab,0.9999999999999998
im185,plausible_alternative_colorization,gradient_ab,0.9999999999999998
im185,plausible_alternative_colorization,lpips_vgg,0.9999999999999998
im185,plausible_alternative_colorization,convnext_perceptual,0.7999999999999998
im185,plausible_alternative_colorization,dinov3_perceptual,0.9999999999999998
im186,wrong_hue,huber_ab,0.9999999999999998
im186,wrong_hue,gradient_ab,0.9999999999999998
im186,wrong_hue,lpips_vgg,0.9999999999999998
im186,wrong_hue,convnext_perceptual,0.7999999999999998
im186,wrong_hue,dinov3_perceptual,0.9999999999999998
im186,low_saturation,huber_ab,0.9999999999999998
im186,low_saturation,gradient_ab,0.9999999999999998
im186,low_saturation,lpips_vgg,0.9999999999999998
im186,low_saturation,convnext_perceptual,0.9999999999999998
im186,low_saturation,dinov3_perceptual,0.9999999999999998
im186,color_bleeding,huber_ab,0.9999999999999998
im186,color_bleeding,gradient_ab,0.9999999999999998
im186,color_bleeding,lpips_vgg,0.9999999999999998
im186,color_bleeding,convnext_perceptual,0.9999999999999998
im186,color_bleeding,dinov3_perceptual,0.9999999999999998
im186,subtle_color_error,huber_ab,0.9999999999999998
im186,subtle_color_error,gradient_ab,0.9999999999999998
im186,subtle_color_error,lpips_vgg,0.9999999999999998
im186,subtle_color_error,convnext_perceptual,0.19999999999999996
im186,subtle_color_error,dinov3_perceptual,0.9999999999999998
im186,semantically_wrong_color,huber_ab,0.9999999999999998
im186,semantically_wrong_color,gradient_ab,0.9999999999999998
im186,semantically_wrong_color,lpips_vgg,0.9999999999999998
im186,semantically_wrong_color,convnext_perceptual,0.9999999999999998
im186,semantically_wrong_color,dinov3_perceptual,0.9999999999999998
im186,plausible_alternative_colorization,huber_ab,0.9999999999999998
im186,plausible_alternative_colorization,gradient_ab,0.9999999999999998
im186,plausible_alternative_colorization,lpips_vgg,0.9999999999999998
im186,plausible_alternative_colorization,convnext_perceptual,0.7999999999999998
im186,plausible_alternative_colorization,dinov3_perceptual,0.9999999999999998
im187,wrong_hue,huber_ab,0.9999999999999998
im187,wrong_hue,gradient_ab,0.9999999999999998
im187,wrong_hue,lpips_vgg,0.9999999999999998
im187,wrong_hue,convnext_perceptual,0.9999999999999998
im187,wrong_hue,dinov3_perceptual,0.9999999999999998
im187,low_saturation,huber_ab,0.9999999999999998
im187,low_saturation,gradient_ab,0.9999999999999998
im187,low_saturation,lpips_vgg,0.9999999999999998
im187,low_saturation,convnext_perceptual,0.9999999999999998
im187,low_saturation,dinov3_perceptual,0.9999999999999998
im187,color_bleeding,huber_ab,0.9999999999999998
im187,color_bleeding,gradient_ab,0.9999999999999998
im187,color_bleeding,lpips_vgg,0.9999999999999998
im187,color_bleeding,convnext_perceptual,0.9999999999999998
im187,color_bleeding,dinov3_perceptual,0.9999999999999998
im187,subtle_color_error,huber_ab,0.9999999999999998
im187,subtle_color_error,gradient_ab,0.9999999999999998
im187,subtle_color_error,lpips_vgg,0.9999999999999998
im187,subtle_color_error,convnext_perceptual,0.9999999999999998
im187,subtle_color_error,dinov3_perceptual,0.9999999999999998
im187,semantically_wrong_color,huber_ab,0.9999999999999998
im187,semantically_wrong_color,gradient_ab,0.9999999999999998
im187,semantically_wrong_color,lpips_vgg,0.9999999999999998
im187,semantically_wrong_color,convnext_perceptual,0.9999999999999998
im187,semantically_wrong_color,dinov3_perceptual,0.9999999999999998
im187,plausible_alternative_colorization,huber_ab,0.9999999999999998
im187,plausible_alternative_colorization,gradient_ab,0.9999999999999998
im187,plausible_alternative_colorization,lpips_vgg,0.9999999999999998
im187,plausible_alternative_colorization,convnext_perceptual,0.9999999999999998
im187,plausible_alternative_colorization,dinov3_perceptual,0.9999999999999998
im189,wrong_hue,huber_ab,0.9999999999999998
im189,wrong_hue,gradient_ab,0.9999999999999998
im189,wrong_hue,lpips_vgg,0.9999999999999998
im189,wrong_hue,convnext_perceptual,0.9999999999999998
im189,wrong_hue,dinov3_perceptual,0.9999999999999998
im189,low_saturation,huber_ab,0.9999999999999998
im189,low_saturation,gradient_ab,0.9999999999999998
im189,low_saturation,lpips_vgg,0.9999999999999998
im189,low_saturation,convnext_perceptual,0.7999999999999998
im189,low_saturation,dinov3_perceptual,0.9999999999999998
im189,color_bleeding,huber_ab,0.9999999999999998
im189,color_bleeding,gradient_ab,0.9999999999999998
im189,color_bleeding,lpips_vgg,0.9999999999999998
im189,color_bleeding,convnext_perceptual,0.9999999999999998
im189,color_bleeding,dinov3_perceptual,0.9999999999999998
im189,subtle_color_error,huber_ab,0.9999999999999998
im189,subtle_color_error,gradient_ab,0.9999999999999998
im189,subtle_color_error,lpips_vgg,0.9999999999999998
im189,subtle_color_error,convnext_perceptual,0.9999999999999998
im189,subtle_color_error,dinov3_perceptual,0.9999999999999998
im189,semantically_wrong_color,huber_ab,0.9999999999999998
im189,semantically_wrong_color,gradient_ab,0.9999999999999998
im189,semantically_wrong_color,lpips_vgg,0.9999999999999998
im189,semantically_wrong_color,convnext_perceptual,0.9999999999999998
im189,semantically_wrong_color,dinov3_perceptual,0.9999999999999998
im189,plausible_alternative_colorization,huber_ab,0.9999999999999998
im189,plausible_alternative_colorization,gradient_ab,0.9999999999999998
im189,plausible_alternative_colorization,lpips_vgg,0.9999999999999998
im189,plausible_alternative_colorization,convnext_perceptual,0.3999999999999999
im189,plausible_alternative_colorization,dinov3_perceptual,0.9999999999999998
im19,wrong_hue,huber_ab,0.9999999999999998
im19,wrong_hue,gradient_ab,0.9999999999999998
im19,wrong_hue,lpips_vgg,0.9999999999999998
im19,wrong_hue,convnext_perceptual,0.9999999999999998
im19,wrong_hue,dinov3_perceptual,0.9999999999999998
im19,low_saturation,huber_ab,0.9999999999999998
im19,low_saturation,gradient_ab,0.9999999999999998
im19,low_saturation,lpips_vgg,0.9999999999999998
im19,low_saturation,convnext_perceptual,0.9999999999999998
im19,low_saturation,dinov3_perceptual,0.9999999999999998
im19,color_bleeding,huber_ab,0.9999999999999998
im19,color_bleeding,gradient_ab,0.9999999999999998
im19,color_bleeding,lpips_vgg,0.9999999999999998
im19,color_bleeding,convnext_perceptual,0.9999999999999998
im19,color_bleeding,dinov3_perceptual,0.9999999999999998
im19,subtle_color_error,huber_ab,0.9999999999999998
im19,subtle_color_error,gradient_ab,0.9999999999999998
im19,subtle_color_error,lpips_vgg,0.9999999999999998
im19,subtle_color_error,convnext_perceptual,0.9999999999999998
im19,subtle_color_error,dinov3_perceptual,0.9999999999999998
im19,semantically_wrong_color,huber_ab,0.9999999999999998
im19,semantically_wrong_color,gradient_ab,0.9999999999999998
im19,semantically_wrong_color,lpips_vgg,0.9999999999999998
im19,semantically_wrong_color,convnext_perceptual,0.9999999999999998
im19,semantically_wrong_color,dinov3_perceptual,0.9999999999999998
im19,plausible_alternative_colorization,huber_ab,0.9999999999999998
im19,plausible_alternative_colorization,gradient_ab,0.9999999999999998
im19,plausible_alternative_colorization,lpips_vgg,0.9999999999999998
im19,plausible_alternative_colorization,convnext_perceptual,0.9999999999999998
im19,plausible_alternative_colorization,dinov3_perceptual,0.9999999999999998
im191,wrong_hue,huber_ab,0.9999999999999998
im191,wrong_hue,gradient_ab,0.9999999999999998
im191,wrong_hue,lpips_vgg,0.9999999999999998
im191,wrong_hue,convnext_perceptual,0.9999999999999998
im191,wrong_hue,dinov3_perceptual,0.9999999999999998
im191,low_saturation,huber_ab,0.9999999999999998
im191,low_saturation,gradient_ab,0.9999999999999998
im191,low_saturation,lpips_vgg,0.9999999999999998
im191,low_saturation,convnext_perceptual,0.9999999999999998
im191,low_saturation,dinov3_perceptual,0.9999999999999998
im191,color_bleeding,huber_ab,0.9999999999999998
im191,color_bleeding,gradient_ab,0.9999999999999998
im191,color_bleeding,lpips_vgg,0.9999999999999998
im191,color_bleeding,convnext_perceptual,0.9999999999999998
im191,color_bleeding,dinov3_perceptual,0.9999999999999998
im191,subtle_color_error,huber_ab,0.9999999999999998
im191,subtle_color_error,gradient_ab,0.9999999999999998
im191,subtle_color_error,lpips_vgg,0.9999999999999998
im191,subtle_color_error,convnext_perceptual,0.9999999999999998
im191,subtle_color_error,dinov3_perceptual,0.9999999999999998
im191,semantically_wrong_color,huber_ab,0.9999999999999998
im191,semantically_wrong_color,gradient_ab,0.9999999999999998
im191,semantically_wrong_color,lpips_vgg,0.9999999999999998
im191,semantically_wrong_color,convnext_perceptual,0.9999999999999998
im191,semantically_wrong_color,dinov3_perceptual,0.9999999999999998
im191,plausible_alternative_colorization,huber_ab,0.9999999999999998
im191,plausible_alternative_colorization,gradient_ab,0.9999999999999998
im191,plausible_alternative_colorization,lpips_vgg,0.9999999999999998
im191,plausible_alternative_colorization,convnext_perceptual,0.9999999999999998
im191,plausible_alternative_colorization,dinov3_perceptual,0.9999999999999998
im192,wrong_hue,huber_ab,0.9999999999999998
im192,wrong_hue,gradient_ab,0.9999999999999998
im192,wrong_hue,lpips_vgg,0.9999999999999998
im192,wrong_hue,convnext_perceptual,0.9999999999999998
im192,wrong_hue,dinov3_perceptual,0.9999999999999998
im192,low_saturation,huber_ab,0.9999999999999998
im192,low_saturation,gradient_ab,0.9999999999999998
im192,low_saturation,lpips_vgg,0.9999999999999998
im192,low_saturation,convnext_perceptual,0.7999999999999998
im192,low_saturation,dinov3_perceptual,0.9999999999999998
im192,color_bleeding,huber_ab,0.9999999999999998
im192,color_bleeding,gradient_ab,0.9999999999999998
im192,color_bleeding,lpips_vgg,0.9999999999999998
im192,color_bleeding,convnext_perceptual,0.9999999999999998
im192,color_bleeding,dinov3_perceptual,0.9999999999999998
im192,subtle_color_error,huber_ab,0.9999999999999998
im192,subtle_color_error,gradient_ab,0.9999999999999998
im192,subtle_color_error,lpips_vgg,0.9999999999999998
im192,subtle_color_error,convnext_perceptual,0.9999999999999998
im192,subtle_color_error,dinov3_perceptual,0.9999999999999998
im192,semantically_wrong_color,huber_ab,0.9999999999999998
im192,semantically_wrong_color,gradient_ab,0.9999999999999998
im192,semantically_wrong_color,lpips_vgg,0.9999999999999998
im192,semantically_wrong_color,convnext_perceptual,0.7999999999999998
im192,semantically_wrong_color,dinov3_perceptual,0.9999999999999998
im192,plausible_alternative_colorization,huber_ab,0.9999999999999998
im192,plausible_alternative_colorization,gradient_ab,0.9999999999999998
im192,plausible_alternative_colorization,lpips_vgg,0.9999999999999998
im192,plausible_alternative_colorization,convnext_perceptual,0.9999999999999998
im192,plausible_alternative_colorization,dinov3_perceptual,0.9999999999999998
im193,wrong_hue,huber_ab,0.9999999999999998
im193,wrong_hue,gradient_ab,0.9999999999999998
im193,wrong_hue,lpips_vgg,0.9999999999999998
im193,wrong_hue,convnext_perceptual,0.9999999999999998
im193,wrong_hue,dinov3_perceptual,0.9999999999999998
im193,low_saturation,huber_ab,0.9999999999999998
im193,low_saturation,gradient_ab,0.9999999999999998
im193,low_saturation,lpips_vgg,0.9999999999999998
im193,low_saturation,convnext_perceptual,0.9999999999999998
im193,low_saturation,dinov3_perceptual,0.9999999999999998
im193,color_bleeding,huber_ab,0.9999999999999998
im193,color_bleeding,gradient_ab,0.9999999999999998
im193,color_bleeding,lpips_vgg,0.9999999999999998
im193,color_bleeding,convnext_perceptual,0.9999999999999998
im193,color_bleeding,dinov3_perceptual,0.9999999999999998
im193,subtle_color_error,huber_ab,0.9999999999999998
im193,subtle_color_error,gradient_ab,0.9999999999999998
im193,subtle_color_error,lpips_vgg,0.9999999999999998
im193,subtle_color_error,convnext_perceptual,0.9999999999999998
im193,subtle_color_error,dinov3_perceptual,0.9999999999999998
im193,semantically_wrong_color,huber_ab,0.9999999999999998
im193,semantically_wrong_color,gradient_ab,0.9999999999999998
im193,semantically_wrong_color,lpips_vgg,0.9999999999999998
im193,semantically_wrong_color,convnext_perceptual,0.9999999999999998
im193,semantically_wrong_color,dinov3_perceptual,0.9999999999999998
im193,plausible_alternative_colorization,huber_ab,0.9999999999999998
im193,plausible_alternative_colorization,gradient_ab,0.9999999999999998
im193,plausible_alternative_colorization,lpips_vgg,0.9999999999999998
im193,plausible_alternative_colorization,convnext_perceptual,0.9999999999999998
im193,plausible_alternative_colorization,dinov3_perceptual,0.9999999999999998
im194,wrong_hue,huber_ab,0.9999999999999998
im194,wrong_hue,gradient_ab,0.9999999999999998
im194,wrong_hue,lpips_vgg,0.9999999999999998
im194,wrong_hue,convnext_perceptual,0.9999999999999998
im194,wrong_hue,dinov3_perceptual,0.9999999999999998
im194,low_saturation,huber_ab,0.9999999999999998
im194,low_saturation,gradient_ab,0.9999999999999998
im194,low_saturation,lpips_vgg,0.9999999999999998
im194,low_saturation,convnext_perceptual,0.9999999999999998
im194,low_saturation,dinov3_perceptual,0.9999999999999998
im194,color_bleeding,huber_ab,0.9999999999999998
im194,color_bleeding,gradient_ab,0.9999999999999998
im194,color_bleeding,lpips_vgg,0.9999999999999998
im194,color_bleeding,convnext_perceptual,0.9999999999999998
im194,color_bleeding,dinov3_perceptual,0.9999999999999998
im194,subtle_color_error,huber_ab,0.9999999999999998
im194,subtle_color_error,gradient_ab,0.9999999999999998
im194,subtle_color_error,lpips_vgg,0.9999999999999998
im194,subtle_color_error,convnext_perceptual,0.9999999999999998
im194,subtle_color_error,dinov3_perceptual,0.9999999999999998
im194,semantically_wrong_color,huber_ab,0.9999999999999998
im194,semantically_wrong_color,gradient_ab,0.9999999999999998
im194,semantically_wrong_color,lpips_vgg,0.9999999999999998
im194,semantically_wrong_color,convnext_perceptual,0.9999999999999998
im194,semantically_wrong_color,dinov3_perceptual,0.9999999999999998
im194,plausible_alternative_colorization,huber_ab,0.9999999999999998
im194,plausible_alternative_colorization,gradient_ab,0.9999999999999998
im194,plausible_alternative_colorization,lpips_vgg,0.9999999999999998
im194,plausible_alternative_colorization,convnext_perceptual,0.9999999999999998
im194,plausible_alternative_colorization,dinov3_perceptual,0.9999999999999998
im196,wrong_hue,huber_ab,0.9999999999999998
im196,wrong_hue,gradient_ab,0.9999999999999998
im196,wrong_hue,lpips_vgg,0.9999999999999998
im196,wrong_hue,convnext_perceptual,0.9999999999999998
im196,wrong_hue,dinov3_perceptual,0.9999999999999998
im196,low_saturation,huber_ab,0.9999999999999998
im196,low_saturation,gradient_ab,0.9999999999999998
im196,low_saturation,lpips_vgg,0.9999999999999998
im196,low_saturation,convnext_perceptual,0.9999999999999998
im196,low_saturation,dinov3_perceptual,0.9999999999999998
im196,color_bleeding,huber_ab,0.9999999999999998
im196,color_bleeding,gradient_ab,0.9999999999999998
im196,color_bleeding,lpips_vgg,0.9999999999999998
im196,color_bleeding,convnext_perceptual,0.9999999999999998
im196,color_bleeding,dinov3_perceptual,0.9999999999999998
im196,subtle_color_error,huber_ab,0.9999999999999998
im196,subtle_color_error,gradient_ab,0.9999999999999998
im196,subtle_color_error,lpips_vgg,0.9999999999999998
im196,subtle_color_error,convnext_perceptual,0.9999999999999998
im196,subtle_color_error,dinov3_perceptual,0.9999999999999998
im196,semantically_wrong_color,huber_ab,0.9999999999999998
im196,semantically_wrong_color,gradient_ab,0.9999999999999998
im196,semantically_wrong_color,lpips_vgg,0.9999999999999998
im196,semantically_wrong_color,convnext_perceptual,0.9999999999999998
im196,semantically_wrong_color,dinov3_perceptual,0.9999999999999998
im196,plausible_alternative_colorization,huber_ab,0.9999999999999998
im196,plausible_alternative_colorization,gradient_ab,0.9999999999999998
im196,plausible_alternative_colorization,lpips_vgg,0.9999999999999998
im196,plausible_alternative_colorization,convnext_perceptual,0.9999999999999998
im196,plausible_alternative_colorization,dinov3_perceptual,0.9999999999999998
im197,wrong_hue,huber_ab,0.9999999999999998
im197,wrong_hue,gradient_ab,0.9999999999999998
im197,wrong_hue,lpips_vgg,0.9999999999999998
im197,wrong_hue,convnext_perceptual,0.9999999999999998
im197,wrong_hue,dinov3_perceptual,0.9999999999999998
im197,low_saturation,huber_ab,0.9999999999999998
im197,low_saturation,gradient_ab,0.9999999999999998
im197,low_saturation,lpips_vgg,0.9999999999999998
im197,low_saturation,convnext_perceptual,0.9999999999999998
im197,low_saturation,dinov3_perceptual,0.9999999999999998
im197,color_bleeding,huber_ab,0.9999999999999998
im197,color_bleeding,gradient_ab,0.9999999999999998
im197,color_bleeding,lpips_vgg,0.9999999999999998
im197,color_bleeding,convnext_perceptual,0.9999999999999998
im197,color_bleeding,dinov3_perceptual,0.9999999999999998
im197,subtle_color_error,huber_ab,0.9999999999999998
im197,subtle_color_error,gradient_ab,0.9999999999999998
im197,subtle_color_error,lpips_vgg,0.9999999999999998
im197,subtle_color_error,convnext_perceptual,0.9999999999999998
im197,subtle_color_error,dinov3_perceptual,0.9999999999999998
im197,semantically_wrong_color,huber_ab,0.9999999999999998
im197,semantically_wrong_color,gradient_ab,0.9999999999999998
im197,semantically_wrong_color,lpips_vgg,0.9999999999999998
im197,semantically_wrong_color,convnext_perceptual,0.9999999999999998
im197,semantically_wrong_color,dinov3_perceptual,0.9999999999999998
im197,plausible_alternative_colorization,huber_ab,0.9999999999999998
im197,plausible_alternative_colorization,gradient_ab,0.9999999999999998
im197,plausible_alternative_colorization,lpips_vgg,0.9999999999999998
im197,plausible_alternative_colorization,convnext_perceptual,0.7999999999999998
im197,plausible_alternative_colorization,dinov3_perceptual,0.9999999999999998
im198,wrong_hue,huber_ab,0.9999999999999998
im198,wrong_hue,gradient_ab,0.9999999999999998
im198,wrong_hue,lpips_vgg,0.9999999999999998
im198,wrong_hue,convnext_perceptual,0.9999999999999998
im198,wrong_hue,dinov3_perceptual,0.9999999999999998
im198,low_saturation,huber_ab,0.9999999999999998
im198,low_saturation,gradient_ab,0.9999999999999998
im198,low_saturation,lpips_vgg,0.9999999999999998
im198,low_saturation,convnext_perceptual,0.9999999999999998
im198,low_saturation,dinov3_perceptual,0.9999999999999998
im198,color_bleeding,huber_ab,0.9999999999999998
im198,color_bleeding,gradient_ab,0.9999999999999998
im198,color_bleeding,lpips_vgg,0.9999999999999998
im198,color_bleeding,convnext_perceptual,0.9999999999999998
im198,color_bleeding,dinov3_perceptual,0.9999999999999998
im198,subtle_color_error,huber_ab,0.9999999999999998
im198,subtle_color_error,gradient_ab,0.9999999999999998
im198,subtle_color_error,lpips_vgg,0.9999999999999998
im198,subtle_color_error,convnext_perceptual,0.9999999999999998
im198,subtle_color_error,dinov3_perceptual,0.9999999999999998
im198,semantically_wrong_color,huber_ab,0.9999999999999998
im198,semantically_wrong_color,gradient_ab,0.9999999999999998
im198,semantically_wrong_color,lpips_vgg,0.9999999999999998
im198,semantically_wrong_color,convnext_perceptual,0.9999999999999998
im198,semantically_wrong_color,dinov3_perceptual,0.9999999999999998
im198,plausible_alternative_colorization,huber_ab,0.9999999999999998
im198,plausible_alternative_colorization,gradient_ab,0.9999999999999998
im198,plausible_alternative_colorization,lpips_vgg,0.9999999999999998
im198,plausible_alternative_colorization,convnext_perceptual,0.9999999999999998
im198,plausible_alternative_colorization,dinov3_perceptual,0.9999999999999998
im199,wrong_hue,huber_ab,0.9999999999999998
im199,wrong_hue,gradient_ab,0.9999999999999998
im199,wrong_hue,lpips_vgg,0.9999999999999998
im199,wrong_hue,convnext_perceptual,0.9999999999999998
im199,wrong_hue,dinov3_perceptual,0.9999999999999998
im199,low_saturation,huber_ab,0.9999999999999998
im199,low_saturation,gradient_ab,0.9999999999999998
im199,low_saturation,lpips_vgg,0.9999999999999998
im199,low_saturation,convnext_perceptual,0.9999999999999998
im199,low_saturation,dinov3_perceptual,0.9999999999999998
im199,color_bleeding,huber_ab,0.9999999999999998
im199,color_bleeding,gradient_ab,0.9999999999999998
im199,color_bleeding,lpips_vgg,0.9999999999999998
im199,color_bleeding,convnext_perceptual,0.9999999999999998
im199,color_bleeding,dinov3_perceptual,0.9999999999999998
im199,subtle_color_error,huber_ab,0.9999999999999998
im199,subtle_color_error,gradient_ab,0.9999999999999998
im199,subtle_color_error,lpips_vgg,0.9999999999999998
im199,subtle_color_error,convnext_perceptual,0.9999999999999998
im199,subtle_color_error,dinov3_perceptual,0.9999999999999998
im199,semantically_wrong_color,huber_ab,0.9999999999999998
im199,semantically_wrong_color,gradient_ab,0.9999999999999998
im199,semantically_wrong_color,lpips_vgg,0.9999999999999998
im199,semantically_wrong_color,convnext_perceptual,0.9999999999999998
im199,semantically_wrong_color,dinov3_perceptual,0.9999999999999998
im199,plausible_alternative_colorization,huber_ab,0.9999999999999998
im199,plausible_alternative_colorization,gradient_ab,0.9999999999999998
im199,plausible_alternative_colorization,lpips_vgg,0.9999999999999998
im199,plausible_alternative_colorization,convnext_perceptual,0.9999999999999998
im199,plausible_alternative_colorization,dinov3_perceptual,0.9999999999999998
im2,wrong_hue,huber_ab,0.9999999999999998
im2,wrong_hue,gradient_ab,0.9999999999999998
im2,wrong_hue,lpips_vgg,0.9999999999999998
im2,wrong_hue,convnext_perceptual,0.9999999999999998
im2,wrong_hue,dinov3_perceptual,0.9999999999999998
im2,low_saturation,huber_ab,0.9999999999999998
im2,low_saturation,gradient_ab,0.9999999999999998
im2,low_saturation,lpips_vgg,0.9999999999999998
im2,low_saturation,convnext_perceptual,0.9999999999999998
im2,low_saturation,dinov3_perceptual,0.9999999999999998
im2,color_bleeding,huber_ab,0.9999999999999998
im2,color_bleeding,gradient_ab,0.9999999999999998
im2,color_bleeding,lpips_vgg,0.9999999999999998
im2,color_bleeding,convnext_perceptual,0.9999999999999998
im2,color_bleeding,dinov3_perceptual,0.9999999999999998
im2,subtle_color_error,huber_ab,0.9999999999999998
im2,subtle_color_error,gradient_ab,0.9999999999999998
im2,subtle_color_error,lpips_vgg,0.9999999999999998
im2,subtle_color_error,convnext_perceptual,0.9999999999999998
im2,subtle_color_error,dinov3_perceptual,0.9999999999999998
im2,semantically_wrong_color,huber_ab,0.9999999999999998
im2,semantically_wrong_color,gradient_ab,0.9999999999999998
im2,semantically_wrong_color,lpips_vgg,0.9999999999999998
im2,semantically_wrong_color,convnext_perceptual,0.9999999999999998
im2,semantically_wrong_color,dinov3_perceptual,0.9999999999999998
im2,plausible_alternative_colorization,huber_ab,0.9999999999999998
im2,plausible_alternative_colorization,gradient_ab,0.9999999999999998
im2,plausible_alternative_colorization,lpips_vgg,0.9999999999999998
im2,plausible_alternative_colorization,convnext_perceptual,0.9999999999999998
im2,plausible_alternative_colorization,dinov3_perceptual,0.9999999999999998
im20,wrong_hue,huber_ab,0.9999999999999998
im20,wrong_hue,gradient_ab,0.9999999999999998
im20,wrong_hue,lpips_vgg,0.9999999999999998
im20,wrong_hue,convnext_perceptual,0.9999999999999998
im20,wrong_hue,dinov3_perceptual,0.9999999999999998
im20,low_saturation,huber_ab,0.9999999999999998
im20,low_saturation,gradient_ab,0.9999999999999998
im20,low_saturation,lpips_vgg,0.9999999999999998
im20,low_saturation,convnext_perceptual,0.7999999999999998
im20,low_saturation,dinov3_perceptual,0.9999999999999998
im20,color_bleeding,huber_ab,0.9999999999999998
im20,color_bleeding,gradient_ab,0.9999999999999998
im20,color_bleeding,lpips_vgg,0.9999999999999998
im20,color_bleeding,convnext_perceptual,0.9999999999999998
im20,color_bleeding,dinov3_perceptual,0.9999999999999998
im20,subtle_color_error,huber_ab,0.9999999999999998
im20,subtle_color_error,gradient_ab,0.9999999999999998
im20,subtle_color_error,lpips_vgg,0.9999999999999998
im20,subtle_color_error,convnext_perceptual,0.9999999999999998
im20,subtle_color_error,dinov3_perceptual,0.9999999999999998
im20,semantically_wrong_color,huber_ab,0.9999999999999998
im20,semantically_wrong_color,gradient_ab,0.9999999999999998
im20,semantically_wrong_color,lpips_vgg,0.9999999999999998
im20,semantically_wrong_color,convnext_perceptual,0.9999999999999998
im20,semantically_wrong_color,dinov3_perceptual,0.9999999999999998
im20,plausible_alternative_colorization,huber_ab,0.9999999999999998
im20,plausible_alternative_colorization,gradient_ab,0.9999999999999998
im20,plausible_alternative_colorization,lpips_vgg,0.9999999999999998
im20,plausible_alternative_colorization,convnext_perceptual,0.9999999999999998
im20,plausible_alternative_colorization,dinov3_perceptual,0.9999999999999998
im202,wrong_hue,huber_ab,0.9999999999999998
im202,wrong_hue,gradient_ab,0.9999999999999998
im202,wrong_hue,lpips_vgg,0.9999999999999998
im202,wrong_hue,convnext_perceptual,0.9999999999999998
im202,wrong_hue,dinov3_perceptual,0.9999999999999998
im202,low_saturation,huber_ab,0.9999999999999998
im202,low_saturation,gradient_ab,0.9999999999999998
im202,low_saturation,lpips_vgg,0.9999999999999998
im202,low_saturation,convnext_perceptual,0.9999999999999998
im202,low_saturation,dinov3_perceptual,0.9999999999999998
im202,color_bleeding,huber_ab,0.9999999999999998
im202,color_bleeding,gradient_ab,0.9999999999999998
im202,color_bleeding,lpips_vgg,0.9999999999999998
im202,color_bleeding,convnext_perceptual,0.9999999999999998
im202,color_bleeding,dinov3_perceptual,0.9999999999999998
im202,subtle_color_error,huber_ab,0.9999999999999998
im202,subtle_color_error,gradient_ab,0.9999999999999998
im202,subtle_color_error,lpips_vgg,0.9999999999999998
im202,subtle_color_error,convnext_perceptual,0.9999999999999998
im202,subtle_color_error,dinov3_perceptual,0.9999999999999998
im202,semantically_wrong_color,huber_ab,0.9999999999999998
im202,semantically_wrong_color,gradient_ab,0.9999999999999998
im202,semantically_wrong_color,lpips_vgg,0.9999999999999998
im202,semantically_wrong_color,convnext_perceptual,0.9999999999999998
im202,semantically_wrong_color,dinov3_perceptual,0.9999999999999998
im202,plausible_alternative_colorization,huber_ab,0.9999999999999998
im202,plausible_alternative_colorization,gradient_ab,0.9999999999999998
im202,plausible_alternative_colorization,lpips_vgg,0.9999999999999998
im202,plausible_alternative_colorization,convnext_perceptual,0.7999999999999998
im202,plausible_alternative_colorization,dinov3_perceptual,0.9999999999999998
im21,wrong_hue,huber_ab,0.9999999999999998
im21,wrong_hue,gradient_ab,0.9999999999999998
im21,wrong_hue,lpips_vgg,0.9999999999999998
im21,wrong_hue,convnext_perceptual,0.9999999999999998
im21,wrong_hue,dinov3_perceptual,0.9999999999999998
im21,low_saturation,huber_ab,0.9999999999999998
im21,low_saturation,gradient_ab,0.9999999999999998
im21,low_saturation,lpips_vgg,0.9999999999999998
im21,low_saturation,convnext_perceptual,0.9999999999999998
im21,low_saturation,dinov3_perceptual,0.9999999999999998
im21,color_bleeding,huber_ab,0.9999999999999998
im21,color_bleeding,gradient_ab,0.9999999999999998
im21,color_bleeding,lpips_vgg,0.9999999999999998
im21,color_bleeding,convnext_perceptual,0.9999999999999998
im21,color_bleeding,dinov3_perceptual,0.9999999999999998
im21,subtle_color_error,huber_ab,0.9999999999999998
im21,subtle_color_error,gradient_ab,0.9999999999999998
im21,subtle_color_error,lpips_vgg,0.9999999999999998
im21,subtle_color_error,convnext_perceptual,0.9999999999999998
im21,subtle_color_error,dinov3_perceptual,0.9999999999999998
im21,semantically_wrong_color,huber_ab,0.9999999999999998
im21,semantically_wrong_color,gradient_ab,0.9999999999999998
im21,semantically_wrong_color,lpips_vgg,0.9999999999999998
im21,semantically_wrong_color,convnext_perceptual,0.9999999999999998
im21,semantically_wrong_color,dinov3_perceptual,0.9999999999999998
im21,plausible_alternative_colorization,huber_ab,0.9999999999999998
im21,plausible_alternative_colorization,gradient_ab,0.9999999999999998
im21,plausible_alternative_colorization,lpips_vgg,0.9999999999999998
im21,plausible_alternative_colorization,convnext_perceptual,0.9999999999999998
im21,plausible_alternative_colorization,dinov3_perceptual,0.9999999999999998
im22,wrong_hue,huber_ab,0.9999999999999998
im22,wrong_hue,gradient_ab,0.9999999999999998
im22,wrong_hue,lpips_vgg,0.9999999999999998
im22,wrong_hue,convnext_perceptual,0.9999999999999998
im22,wrong_hue,dinov3_perceptual,0.9999999999999998
im22,low_saturation,huber_ab,0.9999999999999998
im22,low_saturation,gradient_ab,0.9999999999999998
im22,low_saturation,lpips_vgg,0.9999999999999998
im22,low_saturation,convnext_perceptual,0.7999999999999998
im22,low_saturation,dinov3_perceptual,0.9999999999999998
im22,color_bleeding,huber_ab,0.9999999999999998
im22,color_bleeding,gradient_ab,0.9999999999999998
im22,color_bleeding,lpips_vgg,0.9999999999999998
im22,color_bleeding,convnext_perceptual,0.9999999999999998
im22,color_bleeding,dinov3_perceptual,0.9999999999999998
im22,subtle_color_error,huber_ab,0.9999999999999998
im22,subtle_color_error,gradient_ab,0.9999999999999998
im22,subtle_color_error,lpips_vgg,0.9999999999999998
im22,subtle_color_error,convnext_perceptual,0.9999999999999998
im22,subtle_color_error,dinov3_perceptual,0.9999999999999998
im22,semantically_wrong_color,huber_ab,0.9999999999999998
im22,semantically_wrong_color,gradient_ab,0.9999999999999998
im22,semantically_wrong_color,lpips_vgg,0.9999999999999998
im22,semantically_wrong_color,convnext_perceptual,0.9999999999999998
im22,semantically_wrong_color,dinov3_perceptual,0.9999999999999998
im22,plausible_alternative_colorization,huber_ab,0.9999999999999998
im22,plausible_alternative_colorization,gradient_ab,0.9999999999999998
im22,plausible_alternative_colorization,lpips_vgg,0.9999999999999998
im22,plausible_alternative_colorization,convnext_perceptual,0.7999999999999998
im22,plausible_alternative_colorization,dinov3_perceptual,0.9999999999999998
im23,wrong_hue,huber_ab,0.9999999999999998
im23,wrong_hue,gradient_ab,0.9999999999999998
im23,wrong_hue,lpips_vgg,0.9999999999999998
im23,wrong_hue,convnext_perceptual,0.7999999999999998
im23,wrong_hue,dinov3_perceptual,0.9999999999999998
im23,low_saturation,huber_ab,0.9999999999999998
im23,low_saturation,gradient_ab,0.9999999999999998
im23,low_saturation,lpips_vgg,0.9999999999999998
im23,low_saturation,convnext_perceptual,0.9999999999999998
im23,low_saturation,dinov3_perceptual,0.9999999999999998
im23,color_bleeding,huber_ab,0.9999999999999998
im23,color_bleeding,gradient_ab,0.9999999999999998
im23,color_bleeding,lpips_vgg,0.9999999999999998
im23,color_bleeding,convnext_perceptual,0.9999999999999998
im23,color_bleeding,dinov3_perceptual,0.9999999999999998
im23,subtle_color_error,huber_ab,0.9999999999999998
im23,subtle_color_error,gradient_ab,0.9999999999999998
im23,subtle_color_error,lpips_vgg,0.9999999999999998
im23,subtle_color_error,convnext_perceptual,0.9999999999999998
im23,subtle_color_error,dinov3_perceptual,0.9999999999999998
im23,semantically_wrong_color,huber_ab,0.9999999999999998
im23,semantically_wrong_color,gradient_ab,0.9999999999999998
im23,semantically_wrong_color,lpips_vgg,0.9999999999999998
im23,semantically_wrong_color,convnext_perceptual,0.9999999999999998
im23,semantically_wrong_color,dinov3_perceptual,0.9999999999999998
im23,plausible_alternative_colorization,huber_ab,0.9999999999999998
im23,plausible_alternative_colorization,gradient_ab,0.9999999999999998
im23,plausible_alternative_colorization,lpips_vgg,0.9999999999999998
im23,plausible_alternative_colorization,convnext_perceptual,0.9999999999999998
im23,plausible_alternative_colorization,dinov3_perceptual,0.9999999999999998
im24,wrong_hue,huber_ab,0.9999999999999998
im24,wrong_hue,gradient_ab,0.9999999999999998
im24,wrong_hue,lpips_vgg,0.9999999999999998
im24,wrong_hue,convnext_perceptual,0.9999999999999998
im24,wrong_hue,dinov3_perceptual,0.9999999999999998
im24,low_saturation,huber_ab,0.9999999999999998
im24,low_saturation,gradient_ab,0.9999999999999998
im24,low_saturation,lpips_vgg,0.9999999999999998
im24,low_saturation,convnext_perceptual,0.9999999999999998
im24,low_saturation,dinov3_perceptual,0.9999999999999998
im24,color_bleeding,huber_ab,0.9999999999999998
im24,color_bleeding,gradient_ab,0.9999999999999998
im24,color_bleeding,lpips_vgg,0.9999999999999998
im24,color_bleeding,convnext_perceptual,0.9999999999999998
im24,color_bleeding,dinov3_perceptual,0.9999999999999998
im24,subtle_color_error,huber_ab,0.9999999999999998
im24,subtle_color_error,gradient_ab,0.9999999999999998
im24,subtle_color_error,lpips_vgg,0.9999999999999998
im24,subtle_color_error,convnext_perceptual,0.9999999999999998
im24,subtle_color_error,dinov3_perceptual,0.9999999999999998
im24,semantically_wrong_color,huber_ab,0.9999999999999998
im24,semantically_wrong_color,gradient_ab,0.9999999999999998
im24,semantically_wrong_color,lpips_vgg,0.9999999999999998
im24,semantically_wrong_color,convnext_perceptual,0.9999999999999998
im24,semantically_wrong_color,dinov3_perceptual,0.9999999999999998
im24,plausible_alternative_colorization,huber_ab,0.9999999999999998
im24,plausible_alternative_colorization,gradient_ab,0.9999999999999998
im24,plausible_alternative_colorization,lpips_vgg,0.9999999999999998
im24,plausible_alternative_colorization,convnext_perceptual,0.9999999999999998
im24,plausible_alternative_colorization,dinov3_perceptual,0.9999999999999998
im25,wrong_hue,huber_ab,0.9999999999999998
im25,wrong_hue,gradient_ab,0.9999999999999998
im25,wrong_hue,lpips_vgg,0.9999999999999998
im25,wrong_hue,convnext_perceptual,0.9999999999999998
im25,wrong_hue,dinov3_perceptual,0.9999999999999998
im25,low_saturation,huber_ab,0.9999999999999998
im25,low_saturation,gradient_ab,0.9999999999999998
im25,low_saturation,lpips_vgg,0.9999999999999998
im25,low_saturation,convnext_perceptual,0.7999999999999998
im25,low_saturation,dinov3_perceptual,0.9999999999999998
im25,color_bleeding,huber_ab,0.9999999999999998
im25,color_bleeding,gradient_ab,0.9999999999999998
im25,color_bleeding,lpips_vgg,0.9999999999999998
im25,color_bleeding,convnext_perceptual,0.9999999999999998
im25,color_bleeding,dinov3_perceptual,0.9999999999999998
im25,subtle_color_error,huber_ab,0.9999999999999998
im25,subtle_color_error,gradient_ab,0.9999999999999998
im25,subtle_color_error,lpips_vgg,0.9999999999999998
im25,subtle_color_error,convnext_perceptual,0.9999999999999998
im25,subtle_color_error,dinov3_perceptual,0.9999999999999998
im25,semantically_wrong_color,huber_ab,0.9999999999999998
im25,semantically_wrong_color,gradient_ab,0.9999999999999998
im25,semantically_wrong_color,lpips_vgg,0.9999999999999998
im25,semantically_wrong_color,convnext_perceptual,0.9999999999999998
im25,semantically_wrong_color,dinov3_perceptual,0.9999999999999998
im25,plausible_alternative_colorization,huber_ab,0.9999999999999998
im25,plausible_alternative_colorization,gradient_ab,0.9999999999999998
im25,plausible_alternative_colorization,lpips_vgg,0.9999999999999998
im25,plausible_alternative_colorization,convnext_perceptual,0.9999999999999998
im25,plausible_alternative_colorization,dinov3_perceptual,0.9999999999999998
im26,wrong_hue,huber_ab,0.9999999999999998
im26,wrong_hue,gradient_ab,0.9999999999999998
im26,wrong_hue,lpips_vgg,0.9999999999999998
im26,wrong_hue,convnext_perceptual,0.9999999999999998
im26,wrong_hue,dinov3_perceptual,0.9999999999999998
im26,low_saturation,huber_ab,0.9999999999999998
im26,low_saturation,gradient_ab,0.9999999999999998
im26,low_saturation,lpips_vgg,0.9999999999999998
im26,low_saturation,convnext_perceptual,0.3999999999999999
im26,low_saturation,dinov3_perceptual,0.9999999999999998
im26,color_bleeding,huber_ab,0.9999999999999998
im26,color_bleeding,gradient_ab,0.9999999999999998
im26,color_bleeding,lpips_vgg,0.9999999999999998
im26,color_bleeding,convnext_perceptual,0.9999999999999998
im26,color_bleeding,dinov3_perceptual,0.9999999999999998
im26,subtle_color_error,huber_ab,0.9999999999999998
im26,subtle_color_error,gradient_ab,0.9999999999999998
im26,subtle_color_error,lpips_vgg,0.9999999999999998
im26,subtle_color_error,convnext_perceptual,0.9999999999999998
im26,subtle_color_error,dinov3_perceptual,0.9999999999999998
im26,semantically_wrong_color,huber_ab,0.9999999999999998
im26,semantically_wrong_color,gradient_ab,0.9999999999999998
im26,semantically_wrong_color,lpips_vgg,0.9999999999999998
im26,semantically_wrong_color,convnext_perceptual,0.9999999999999998
im26,semantically_wrong_color,dinov3_perceptual,0.9999999999999998
im26,plausible_alternative_colorization,huber_ab,0.9999999999999998
im26,plausible_alternative_colorization,gradient_ab,0.9999999999999998
im26,plausible_alternative_colorization,lpips_vgg,0.9999999999999998
im26,plausible_alternative_colorization,convnext_perceptual,0.7999999999999998
im26,plausible_alternative_colorization,dinov3_perceptual,0.9999999999999998
im28,wrong_hue,huber_ab,0.9999999999999998
im28,wrong_hue,gradient_ab,0.9999999999999998
im28,wrong_hue,lpips_vgg,0.9999999999999998
im28,wrong_hue,convnext_perceptual,0.9999999999999998
im28,wrong_hue,dinov3_perceptual,0.9999999999999998
im28,low_saturation,huber_ab,0.9999999999999998
im28,low_saturation,gradient_ab,0.9999999999999998
im28,low_saturation,lpips_vgg,0.9999999999999998
im28,low_saturation,convnext_perceptual,0.9999999999999998
im28,low_saturation,dinov3_perceptual,0.9999999999999998
im28,color_bleeding,huber_ab,0.9999999999999998
im28,color_bleeding,gradient_ab,0.9999999999999998
im28,color_bleeding,lpips_vgg,0.9999999999999998
im28,color_bleeding,convnext_perceptual,0.9999999999999998
im28,color_bleeding,dinov3_perceptual,0.9999999999999998
im28,subtle_color_error,huber_ab,0.9999999999999998
im28,subtle_color_error,gradient_ab,0.9999999999999998
im28,subtle_color_error,lpips_vgg,0.9999999999999998
im28,subtle_color_error,convnext_perceptual,0.9999999999999998
im28,subtle_color_error,dinov3_perceptual,0.9999999999999998
im28,semantically_wrong_color,huber_ab,0.9999999999999998
im28,semantically_wrong_color,gradient_ab,0.9999999999999998
im28,semantically_wrong_color,lpips_vgg,0.9999999999999998
im28,semantically_wrong_color,convnext_perceptual,0.9999999999999998
im28,semantically_wrong_color,dinov3_perceptual,0.9999999999999998
im28,plausible_alternative_colorization,huber_ab,0.9999999999999998
im28,plausible_alternative_colorization,gradient_ab,0.9999999999999998
im28,plausible_alternative_colorization,lpips_vgg,0.9999999999999998
im28,plausible_alternative_colorization,convnext_perceptual,0.9999999999999998
im28,plausible_alternative_colorization,dinov3_perceptual,0.9999999999999998
im29,wrong_hue,huber_ab,0.9999999999999998
im29,wrong_hue,gradient_ab,0.9999999999999998
im29,wrong_hue,lpips_vgg,0.9999999999999998
im29,wrong_hue,convnext_perceptual,0.9999999999999998
im29,wrong_hue,dinov3_perceptual,0.9999999999999998
im29,low_saturation,huber_ab,0.9999999999999998
im29,low_saturation,gradient_ab,0.9999999999999998
im29,low_saturation,lpips_vgg,0.9999999999999998
im29,low_saturation,convnext_perceptual,0.9999999999999998
im29,low_saturation,dinov3_perceptual,0.9999999999999998
im29,color_bleeding,huber_ab,0.9999999999999998
im29,color_bleeding,gradient_ab,0.9999999999999998
im29,color_bleeding,lpips_vgg,0.9999999999999998
im29,color_bleeding,convnext_perceptual,0.9999999999999998
im29,color_bleeding,dinov3_perceptual,0.9999999999999998
im29,subtle_color_error,huber_ab,0.9999999999999998
im29,subtle_color_error,gradient_ab,0.9999999999999998
im29,subtle_color_error,lpips_vgg,0.9999999999999998
im29,subtle_color_error,convnext_perceptual,0.9999999999999998
im29,subtle_color_error,dinov3_perceptual,0.9999999999999998
im29,semantically_wrong_color,huber_ab,0.9999999999999998
im29,semantically_wrong_color,gradient_ab,0.9999999999999998
im29,semantically_wrong_color,lpips_vgg,0.9999999999999998
im29,semantically_wrong_color,convnext_perceptual,0.9999999999999998
im29,semantically_wrong_color,dinov3_perceptual,0.9999999999999998
im29,plausible_alternative_colorization,huber_ab,0.9999999999999998
im29,plausible_alternative_colorization,gradient_ab,0.9999999999999998
im29,plausible_alternative_colorization,lpips_vgg,0.9999999999999998
im29,plausible_alternative_colorization,convnext_perceptual,0.9999999999999998
im29,plausible_alternative_colorization,dinov3_perceptual,0.9999999999999998
im3,wrong_hue,huber_ab,0.9999999999999998
im3,wrong_hue,gradient_ab,0.9999999999999998
im3,wrong_hue,lpips_vgg,0.9999999999999998
im3,wrong_hue,convnext_perceptual,0.9999999999999998
im3,wrong_hue,dinov3_perceptual,0.9999999999999998
im3,low_saturation,huber_ab,0.9999999999999998
im3,low_saturation,gradient_ab,0.9999999999999998
im3,low_saturation,lpips_vgg,0.9999999999999998
im3,low_saturation,convnext_perceptual,-0.3999999999999999
im3,low_saturation,dinov3_perceptual,0.9999999999999998
im3,color_bleeding,huber_ab,0.9999999999999998
im3,color_bleeding,gradient_ab,0.9999999999999998
im3,color_bleeding,lpips_vgg,0.9999999999999998
im3,color_bleeding,convnext_perceptual,0.9999999999999998
im3,color_bleeding,dinov3_perceptual,0.9999999999999998
im3,subtle_color_error,huber_ab,0.9999999999999998
im3,subtle_color_error,gradient_ab,0.9999999999999998
im3,subtle_color_error,lpips_vgg,0.9999999999999998
im3,subtle_color_error,convnext_perceptual,0.9999999999999998
im3,subtle_color_error,dinov3_perceptual,0.9999999999999998
im3,semantically_wrong_color,huber_ab,0.9999999999999998
im3,semantically_wrong_color,gradient_ab,0.9999999999999998
im3,semantically_wrong_color,lpips_vgg,0.9999999999999998
im3,semantically_wrong_color,convnext_perceptual,0.9999999999999998
im3,semantically_wrong_color,dinov3_perceptual,0.9999999999999998
im3,plausible_alternative_colorization,huber_ab,0.9999999999999998
im3,plausible_alternative_colorization,gradient_ab,0.9999999999999998
im3,plausible_alternative_colorization,lpips_vgg,0.9999999999999998
im3,plausible_alternative_colorization,convnext_perceptual,0.7999999999999998
im3,plausible_alternative_colorization,dinov3_perceptual,0.9999999999999998
im30,wrong_hue,huber_ab,0.9999999999999998
im30,wrong_hue,gradient_ab,0.9999999999999998
im30,wrong_hue,lpips_vgg,0.9999999999999998
im30,wrong_hue,convnext_perceptual,0.9999999999999998
im30,wrong_hue,dinov3_perceptual,0.9999999999999998
im30,low_saturation,huber_ab,0.9999999999999998
im30,low_saturation,gradient_ab,0.9999999999999998
im30,low_saturation,lpips_vgg,0.9999999999999998
im30,low_saturation,convnext_perceptual,0.9999999999999998
im30,low_saturation,dinov3_perceptual,0.9999999999999998
im30,color_bleeding,huber_ab,0.9999999999999998
im30,color_bleeding,gradient_ab,0.9999999999999998
im30,color_bleeding,lpips_vgg,0.9999999999999998
im30,color_bleeding,convnext_perceptual,0.9999999999999998
im30,color_bleeding,dinov3_perceptual,0.9999999999999998
im30,subtle_color_error,huber_ab,0.9999999999999998
im30,subtle_color_error,gradient_ab,0.9999999999999998
im30,subtle_color_error,lpips_vgg,0.9999999999999998
im30,subtle_color_error,convnext_perceptual,0.9999999999999998
im30,subtle_color_error,dinov3_perceptual,0.9999999999999998
im30,semantically_wrong_color,huber_ab,0.9999999999999998
im30,semantically_wrong_color,gradient_ab,0.9999999999999998
im30,semantically_wrong_color,lpips_vgg,0.9999999999999998
im30,semantically_wrong_color,convnext_perceptual,0.9999999999999998
im30,semantically_wrong_color,dinov3_perceptual,0.9999999999999998
im30,plausible_alternative_colorization,huber_ab,0.9999999999999998
im30,plausible_alternative_colorization,gradient_ab,0.9999999999999998
im30,plausible_alternative_colorization,lpips_vgg,0.9999999999999998
im30,plausible_alternative_colorization,convnext_perceptual,0.9999999999999998
im30,plausible_alternative_colorization,dinov3_perceptual,0.9999999999999998
im31,wrong_hue,huber_ab,0.9999999999999998
im31,wrong_hue,gradient_ab,0.9999999999999998
im31,wrong_hue,lpips_vgg,0.9999999999999998
im31,wrong_hue,convnext_perceptual,0.9999999999999998
im31,wrong_hue,dinov3_perceptual,0.9999999999999998
im31,low_saturation,huber_ab,0.9999999999999998
im31,low_saturation,gradient_ab,0.9999999999999998
im31,low_saturation,lpips_vgg,0.9999999999999998
im31,low_saturation,convnext_perceptual,0.9999999999999998
im31,low_saturation,dinov3_perceptual,0.9999999999999998
im31,color_bleeding,huber_ab,0.9999999999999998
im31,color_bleeding,gradient_ab,0.9999999999999998
im31,color_bleeding,lpips_vgg,0.9999999999999998
im31,color_bleeding,convnext_perceptual,0.9999999999999998
im31,color_bleeding,dinov3_perceptual,0.9999999999999998
im31,subtle_color_error,huber_ab,0.9999999999999998
im31,subtle_color_error,gradient_ab,0.9999999999999998
im31,subtle_color_error,lpips_vgg,0.9999999999999998
im31,subtle_color_error,convnext_perceptual,0.9999999999999998
im31,subtle_color_error,dinov3_perceptual,0.9999999999999998
im31,semantically_wrong_color,huber_ab,0.9999999999999998
im31,semantically_wrong_color,gradient_ab,0.9999999999999998
im31,semantically_wrong_color,lpips_vgg,0.9999999999999998
im31,semantically_wrong_color,convnext_perceptual,0.9999999999999998
im31,semantically_wrong_color,dinov3_perceptual,0.9999999999999998
im31,plausible_alternative_colorization,huber_ab,0.9999999999999998
im31,plausible_alternative_colorization,gradient_ab,0.9999999999999998
im31,plausible_alternative_colorization,lpips_vgg,0.9999999999999998
im31,plausible_alternative_colorization,convnext_perceptual,0.9999999999999998
im31,plausible_alternative_colorization,dinov3_perceptual,0.9999999999999998
im33,wrong_hue,huber_ab,0.9999999999999998
im33,wrong_hue,gradient_ab,0.9999999999999998
im33,wrong_hue,lpips_vgg,0.9999999999999998
im33,wrong_hue,convnext_perceptual,0.9999999999999998
im33,wrong_hue,dinov3_perceptual,0.9999999999999998
im33,low_saturation,huber_ab,0.9999999999999998
im33,low_saturation,gradient_ab,0.9999999999999998
im33,low_saturation,lpips_vgg,0.9999999999999998
im33,low_saturation,convnext_perceptual,0.3999999999999999
im33,low_saturation,dinov3_perceptual,0.9999999999999998
im33,color_bleeding,huber_ab,0.9999999999999998
im33,color_bleeding,gradient_ab,0.9999999999999998
im33,color_bleeding,lpips_vgg,0.9999999999999998
im33,color_bleeding,convnext_perceptual,0.9999999999999998
im33,color_bleeding,dinov3_perceptual,0.9999999999999998
im33,subtle_color_error,huber_ab,0.9999999999999998
im33,subtle_color_error,gradient_ab,0.9999999999999998
im33,subtle_color_error,lpips_vgg,0.9999999999999998
im33,subtle_color_error,convnext_perceptual,0.7999999999999998
im33,subtle_color_error,dinov3_perceptual,0.9999999999999998
im33,semantically_wrong_color,huber_ab,0.9999999999999998
im33,semantically_wrong_color,gradient_ab,0.9999999999999998
im33,semantically_wrong_color,lpips_vgg,0.9999999999999998
im33,semantically_wrong_color,convnext_perceptual,0.9999999999999998
im33,semantically_wrong_color,dinov3_perceptual,0.9999999999999998
im33,plausible_alternative_colorization,huber_ab,0.9999999999999998
im33,plausible_alternative_colorization,gradient_ab,0.9999999999999998
im33,plausible_alternative_colorization,lpips_vgg,0.9999999999999998
im33,plausible_alternative_colorization,convnext_perceptual,0.9999999999999998
im33,plausible_alternative_colorization,dinov3_perceptual,0.9999999999999998
im34,wrong_hue,huber_ab,0.9999999999999998
im34,wrong_hue,gradient_ab,0.9999999999999998
im34,wrong_hue,lpips_vgg,0.9999999999999998
im34,wrong_hue,convnext_perceptual,0.9999999999999998
im34,wrong_hue,dinov3_perceptual,0.9999999999999998
im34,low_saturation,huber_ab,0.9999999999999998
im34,low_saturation,gradient_ab,0.9999999999999998
im34,low_saturation,lpips_vgg,0.9999999999999998
im34,low_saturation,convnext_perceptual,0.19999999999999996
im34,low_saturation,dinov3_perceptual,0.9999999999999998
im34,color_bleeding,huber_ab,0.9999999999999998
im34,color_bleeding,gradient_ab,0.9999999999999998
im34,color_bleeding,lpips_vgg,0.9999999999999998
im34,color_bleeding,convnext_perceptual,0.9999999999999998
im34,color_bleeding,dinov3_perceptual,0.9999999999999998
im34,subtle_color_error,huber_ab,0.9999999999999998
im34,subtle_color_error,gradient_ab,0.9999999999999998
im34,subtle_color_error,lpips_vgg,0.9999999999999998
im34,subtle_color_error,convnext_perceptual,0.9999999999999998
im34,subtle_color_error,dinov3_perceptual,0.9999999999999998
im34,semantically_wrong_color,huber_ab,0.9999999999999998
im34,semantically_wrong_color,gradient_ab,0.9999999999999998
im34,semantically_wrong_color,lpips_vgg,0.9999999999999998
im34,semantically_wrong_color,convnext_perceptual,0.9999999999999998
im34,semantically_wrong_color,dinov3_perceptual,0.9999999999999998
im34,plausible_alternative_colorization,huber_ab,0.9999999999999998
im34,plausible_alternative_colorization,gradient_ab,0.9999999999999998
im34,plausible_alternative_colorization,lpips_vgg,0.9999999999999998
im34,plausible_alternative_colorization,convnext_perceptual,0.7999999999999998
im34,plausible_alternative_colorization,dinov3_perceptual,0.9999999999999998
im35,wrong_hue,huber_ab,0.9999999999999998
im35,wrong_hue,gradient_ab,0.9999999999999998
im35,wrong_hue,lpips_vgg,0.9999999999999998
im35,wrong_hue,convnext_perceptual,0.9999999999999998
im35,wrong_hue,dinov3_perceptual,0.9999999999999998
im35,low_saturation,huber_ab,0.9999999999999998
im35,low_saturation,gradient_ab,0.9999999999999998
im35,low_saturation,lpips_vgg,0.9999999999999998
im35,low_saturation,convnext_perceptual,0.9999999999999998
im35,low_saturation,dinov3_perceptual,0.9999999999999998
im35,color_bleeding,huber_ab,0.9999999999999998
im35,color_bleeding,gradient_ab,0.9999999999999998
im35,color_bleeding,lpips_vgg,0.9999999999999998
im35,color_bleeding,convnext_perceptual,0.9999999999999998
im35,color_bleeding,dinov3_perceptual,0.9999999999999998
im35,subtle_color_error,huber_ab,0.9999999999999998
im35,subtle_color_error,gradient_ab,0.9999999999999998
im35,subtle_color_error,lpips_vgg,0.9999999999999998
im35,subtle_color_error,convnext_perceptual,0.9999999999999998
im35,subtle_color_error,dinov3_perceptual,0.9999999999999998
im35,semantically_wrong_color,huber_ab,0.9999999999999998
im35,semantically_wrong_color,gradient_ab,0.9999999999999998
im35,semantically_wrong_color,lpips_vgg,0.9999999999999998
im35,semantically_wrong_color,convnext_perceptual,0.9999999999999998
im35,semantically_wrong_color,dinov3_perceptual,0.9999999999999998
im35,plausible_alternative_colorization,huber_ab,0.9999999999999998
im35,plausible_alternative_colorization,gradient_ab,0.9999999999999998
im35,plausible_alternative_colorization,lpips_vgg,0.9999999999999998
im35,plausible_alternative_colorization,convnext_perceptual,0.3999999999999999
im35,plausible_alternative_colorization,dinov3_perceptual,0.9999999999999998
im36,wrong_hue,huber_ab,0.9999999999999998
im36,wrong_hue,gradient_ab,0.9999999999999998
im36,wrong_hue,lpips_vgg,0.9999999999999998
im36,wrong_hue,convnext_perceptual,0.9999999999999998
im36,wrong_hue,dinov3_perceptual,0.9999999999999998
im36,low_saturation,huber_ab,0.9999999999999998
im36,low_saturation,gradient_ab,0.9999999999999998
im36,low_saturation,lpips_vgg,0.9999999999999998
im36,low_saturation,convnext_perceptual,0.9999999999999998
im36,low_saturation,dinov3_perceptual,0.9999999999999998
im36,color_bleeding,huber_ab,0.9999999999999998
im36,color_bleeding,gradient_ab,0.9999999999999998
im36,color_bleeding,lpips_vgg,0.9999999999999998
im36,color_bleeding,convnext_perceptual,0.9999999999999998
im36,color_bleeding,dinov3_perceptual,0.9999999999999998
im36,subtle_color_error,huber_ab,0.9999999999999998
im36,subtle_color_error,gradient_ab,0.9999999999999998
im36,subtle_color_error,lpips_vgg,0.9999999999999998
im36,subtle_color_error,convnext_perceptual,0.9999999999999998
im36,subtle_color_error,dinov3_perceptual,0.9999999999999998
im36,semantically_wrong_color,huber_ab,0.9999999999999998
im36,semantically_wrong_color,gradient_ab,0.9999999999999998
im36,semantically_wrong_color,lpips_vgg,0.9999999999999998
im36,semantically_wrong_color,convnext_perceptual,0.9999999999999998
im36,semantically_wrong_color,dinov3_perceptual,0.9999999999999998
im36,plausible_alternative_colorization,huber_ab,0.9999999999999998
im36,plausible_alternative_colorization,gradient_ab,0.9999999999999998
im36,plausible_alternative_colorization,lpips_vgg,0.9999999999999998
im36,plausible_alternative_colorization,convnext_perceptual,0.9999999999999998
im36,plausible_alternative_colorization,dinov3_perceptual,0.9999999999999998
im37,wrong_hue,huber_ab,0.9999999999999998
im37,wrong_hue,gradient_ab,0.9999999999999998
im37,wrong_hue,lpips_vgg,0.9999999999999998
im37,wrong_hue,convnext_perceptual,0.9999999999999998
im37,wrong_hue,dinov3_perceptual,0.9999999999999998
im37,low_saturation,huber_ab,0.9999999999999998
im37,low_saturation,gradient_ab,0.9999999999999998
im37,low_saturation,lpips_vgg,0.9999999999999998
im37,low_saturation,convnext_perceptual,0.9999999999999998
im37,low_saturation,dinov3_perceptual,0.9999999999999998
im37,color_bleeding,huber_ab,0.9999999999999998
im37,color_bleeding,gradient_ab,0.9999999999999998
im37,color_bleeding,lpips_vgg,0.9999999999999998
im37,color_bleeding,convnext_perceptual,0.9999999999999998
im37,color_bleeding,dinov3_perceptual,0.9999999999999998
im37,subtle_color_error,huber_ab,0.9999999999999998
im37,subtle_color_error,gradient_ab,0.9999999999999998
im37,subtle_color_error,lpips_vgg,0.9999999999999998
im37,subtle_color_error,convnext_perceptual,0.9999999999999998
im37,subtle_color_error,dinov3_perceptual,0.9999999999999998
im37,semantically_wrong_color,huber_ab,0.9999999999999998
im37,semantically_wrong_color,gradient_ab,0.9999999999999998
im37,semantically_wrong_color,lpips_vgg,0.9999999999999998
im37,semantically_wrong_color,convnext_perceptual,0.9999999999999998
im37,semantically_wrong_color,dinov3_perceptual,0.9999999999999998
im37,plausible_alternative_colorization,huber_ab,0.9999999999999998
im37,plausible_alternative_colorization,gradient_ab,0.9999999999999998
im37,plausible_alternative_colorization,lpips_vgg,0.9999999999999998
im37,plausible_alternative_colorization,convnext_perceptual,0.9999999999999998
im37,plausible_alternative_colorization,dinov3_perceptual,0.9999999999999998
im38,wrong_hue,huber_ab,0.9999999999999998
im38,wrong_hue,gradient_ab,0.9999999999999998
im38,wrong_hue,lpips_vgg,0.9999999999999998
im38,wrong_hue,convnext_perceptual,0.9999999999999998
im38,wrong_hue,dinov3_perceptual,0.9999999999999998
im38,low_saturation,huber_ab,0.9999999999999998
im38,low_saturation,gradient_ab,0.9999999999999998
im38,low_saturation,lpips_vgg,0.9999999999999998
im38,low_saturation,convnext_perceptual,0.7999999999999998
im38,low_saturation,dinov3_perceptual,0.9999999999999998
im38,color_bleeding,huber_ab,0.9999999999999998
im38,color_bleeding,gradient_ab,0.9999999999999998
im38,color_bleeding,lpips_vgg,0.9999999999999998
im38,color_bleeding,convnext_perceptual,0.9999999999999998
im38,color_bleeding,dinov3_perceptual,0.9999999999999998
im38,subtle_color_error,huber_ab,0.9999999999999998
im38,subtle_color_error,gradient_ab,0.9999999999999998
im38,subtle_color_error,lpips_vgg,0.9999999999999998
im38,subtle_color_error,convnext_perceptual,0.9999999999999998
im38,subtle_color_error,dinov3_perceptual,0.9999999999999998
im38,semantically_wrong_color,huber_ab,0.9999999999999998
im38,semantically_wrong_color,gradient_ab,0.9999999999999998
im38,semantically_wrong_color,lpips_vgg,0.9999999999999998
im38,semantically_wrong_color,convnext_perceptual,0.9999999999999998
im38,semantically_wrong_color,dinov3_perceptual,0.9999999999999998
im38,plausible_alternative_colorization,huber_ab,0.9999999999999998
im38,plausible_alternative_colorization,gradient_ab,0.9999999999999998
im38,plausible_alternative_colorization,lpips_vgg,0.9999999999999998
im38,plausible_alternative_colorization,convnext_perceptual,0.9999999999999998
im38,plausible_alternative_colorization,dinov3_perceptual,0.9999999999999998
im39,wrong_hue,huber_ab,0.9999999999999998
im39,wrong_hue,gradient_ab,0.9999999999999998
im39,wrong_hue,lpips_vgg,0.9999999999999998
im39,wrong_hue,convnext_perceptual,0.9999999999999998
im39,wrong_hue,dinov3_perceptual,0.9999999999999998
im39,low_saturation,huber_ab,0.9999999999999998
im39,low_saturation,gradient_ab,0.9999999999999998
im39,low_saturation,lpips_vgg,0.9999999999999998
im39,low_saturation,convnext_perceptual,0.9999999999999998
im39,low_saturation,dinov3_perceptual,0.9999999999999998
im39,color_bleeding,huber_ab,0.9999999999999998
im39,color_bleeding,gradient_ab,0.9999999999999998
im39,color_bleeding,lpips_vgg,0.9999999999999998
im39,color_bleeding,convnext_perceptual,0.9999999999999998
im39,color_bleeding,dinov3_perceptual,0.9999999999999998
im39,subtle_color_error,huber_ab,0.9999999999999998
im39,subtle_color_error,gradient_ab,0.9999999999999998
im39,subtle_color_error,lpips_vgg,0.9999999999999998
im39,subtle_color_error,convnext_perceptual,0.9999999999999998
im39,subtle_color_error,dinov3_perceptual,0.9999999999999998
im39,semantically_wrong_color,huber_ab,0.9999999999999998
im39,semantically_wrong_color,gradient_ab,0.9999999999999998
im39,semantically_wrong_color,lpips_vgg,0.9999999999999998
im39,semantically_wrong_color,convnext_perceptual,0.9999999999999998
im39,semantically_wrong_color,dinov3_perceptual,0.9999999999999998
im39,plausible_alternative_colorization,huber_ab,0.9999999999999998
im39,plausible_alternative_colorization,gradient_ab,0.9999999999999998
im39,plausible_alternative_colorization,lpips_vgg,0.9999999999999998
im39,plausible_alternative_colorization,convnext_perceptual,0.7999999999999998
im39,plausible_alternative_colorization,dinov3_perceptual,0.9999999999999998
im40,wrong_hue,huber_ab,0.9999999999999998
im40,wrong_hue,gradient_ab,0.9999999999999998
im40,wrong_hue,lpips_vgg,0.9999999999999998
im40,wrong_hue,convnext_perceptual,0.9999999999999998
im40,wrong_hue,dinov3_perceptual,0.9999999999999998
im40,low_saturation,huber_ab,0.9999999999999998
im40,low_saturation,gradient_ab,0.9999999999999998
im40,low_saturation,lpips_vgg,0.9999999999999998
im40,low_saturation,convnext_perceptual,0.9999999999999998
im40,low_saturation,dinov3_perceptual,0.9999999999999998
im40,color_bleeding,huber_ab,0.9999999999999998
im40,color_bleeding,gradient_ab,0.9999999999999998
im40,color_bleeding,lpips_vgg,0.9999999999999998
im40,color_bleeding,convnext_perceptual,0.7999999999999998
im40,color_bleeding,dinov3_perceptual,0.9999999999999998
im40,subtle_color_error,huber_ab,0.9999999999999998
im40,subtle_color_error,gradient_ab,0.9999999999999998
im40,subtle_color_error,lpips_vgg,0.9999999999999998
im40,subtle_color_error,convnext_perceptual,0.9999999999999998
im40,subtle_color_error,dinov3_perceptual,0.9999999999999998
im40,semantically_wrong_color,huber_ab,0.9999999999999998
im40,semantically_wrong_color,gradient_ab,0.9999999999999998
im40,semantically_wrong_color,lpips_vgg,0.9999999999999998
im40,semantically_wrong_color,convnext_perceptual,0.9999999999999998
im40,semantically_wrong_color,dinov3_perceptual,0.9999999999999998
im40,plausible_alternative_colorization,huber_ab,0.9999999999999998
im40,plausible_alternative_colorization,gradient_ab,0.9999999999999998
im40,plausible_alternative_colorization,lpips_vgg,0.9999999999999998
im40,plausible_alternative_colorization,convnext_perceptual,0.9999999999999998
im40,plausible_alternative_colorization,dinov3_perceptual,0.9999999999999998
im41,wrong_hue,huber_ab,0.9999999999999998
im41,wrong_hue,gradient_ab,0.9999999999999998
im41,wrong_hue,lpips_vgg,0.9999999999999998
im41,wrong_hue,convnext_perceptual,0.9999999999999998
im41,wrong_hue,dinov3_perceptual,0.9999999999999998
im41,low_saturation,huber_ab,0.9999999999999998
im41,low_saturation,gradient_ab,0.9999999999999998
im41,low_saturation,lpips_vgg,0.9999999999999998
im41,low_saturation,convnext_perceptual,0.3999999999999999
im41,low_saturation,dinov3_perceptual,0.9999999999999998
im41,color_bleeding,huber_ab,0.9999999999999998
im41,color_bleeding,gradient_ab,0.9999999999999998
im41,color_bleeding,lpips_vgg,0.9999999999999998
im41,color_bleeding,convnext_perceptual,0.9999999999999998
im41,color_bleeding,dinov3_perceptual,0.9999999999999998
im41,subtle_color_error,huber_ab,0.9999999999999998
im41,subtle_color_error,gradient_ab,0.9999999999999998
im41,subtle_color_error,lpips_vgg,0.9999999999999998
im41,subtle_color_error,convnext_perceptual,0.9999999999999998
im41,subtle_color_error,dinov3_perceptual,0.9999999999999998
im41,semantically_wrong_color,huber_ab,0.9999999999999998
im41,semantically_wrong_color,gradient_ab,0.9999999999999998
im41,semantically_wrong_color,lpips_vgg,0.9999999999999998
im41,semantically_wrong_color,convnext_perceptual,0.9999999999999998
im41,semantically_wrong_color,dinov3_perceptual,0.9999999999999998
im41,plausible_alternative_colorization,huber_ab,0.9999999999999998
im41,plausible_alternative_colorization,gradient_ab,0.9999999999999998
im41,plausible_alternative_colorization,lpips_vgg,0.9999999999999998
im41,plausible_alternative_colorization,convnext_perceptual,0.9999999999999998
im41,plausible_alternative_colorization,dinov3_perceptual,0.9999999999999998
im42,wrong_hue,huber_ab,0.9999999999999998
im42,wrong_hue,gradient_ab,0.9999999999999998
im42,wrong_hue,lpips_vgg,0.9999999999999998
im42,wrong_hue,convnext_perceptual,0.7999999999999998
im42,wrong_hue,dinov3_perceptual,0.9999999999999998
im42,low_saturation,huber_ab,0.9999999999999998
im42,low_saturation,gradient_ab,0.9999999999999998
im42,low_saturation,lpips_vgg,0.9999999999999998
im42,low_saturation,convnext_perceptual,0.9999999999999998
im42,low_saturation,dinov3_perceptual,0.9999999999999998
im42,color_bleeding,huber_ab,0.9999999999999998
im42,color_bleeding,gradient_ab,0.9999999999999998
im42,color_bleeding,lpips_vgg,0.9999999999999998
im42,color_bleeding,convnext_perceptual,0.9999999999999998
im42,color_bleeding,dinov3_perceptual,0.9999999999999998
im42,subtle_color_error,huber_ab,0.9999999999999998
im42,subtle_color_error,gradient_ab,0.9999999999999998
im42,subtle_color_error,lpips_vgg,0.9999999999999998
im42,subtle_color_error,convnext_perceptual,0.9999999999999998
im42,subtle_color_error,dinov3_perceptual,0.9999999999999998
im42,semantically_wrong_color,huber_ab,0.9999999999999998
im42,semantically_wrong_color,gradient_ab,0.9999999999999998
im42,semantically_wrong_color,lpips_vgg,0.9999999999999998
im42,semantically_wrong_color,convnext_perceptual,0.9999999999999998
im42,semantically_wrong_color,dinov3_perceptual,0.9999999999999998
im42,plausible_alternative_colorization,huber_ab,0.9999999999999998
im42,plausible_alternative_colorization,gradient_ab,0.9999999999999998
im42,plausible_alternative_colorization,lpips_vgg,0.9999999999999998
im42,plausible_alternative_colorization,convnext_perceptual,0.9999999999999998
im42,plausible_alternative_colorization,dinov3_perceptual,0.9999999999999998
im43,wrong_hue,huber_ab,0.9999999999999998
im43,wrong_hue,gradient_ab,0.9999999999999998
im43,wrong_hue,lpips_vgg,0.9999999999999998
im43,wrong_hue,convnext_perceptual,0.9999999999999998
im43,wrong_hue,dinov3_perceptual,0.9999999999999998
im43,low_saturation,huber_ab,0.9999999999999998
im43,low_saturation,gradient_ab,0.9999999999999998
im43,low_saturation,lpips_vgg,0.9999999999999998
im43,low_saturation,convnext_perceptual,0.9999999999999998
im43,low_saturation,dinov3_perceptual,0.9999999999999998
im43,color_bleeding,huber_ab,0.9999999999999998
im43,color_bleeding,gradient_ab,0.9999999999999998
im43,color_bleeding,lpips_vgg,0.9999999999999998
im43,color_bleeding,convnext_perceptual,0.9999999999999998
im43,color_bleeding,dinov3_perceptual,0.9999999999999998
im43,subtle_color_error,huber_ab,0.9999999999999998
im43,subtle_color_error,gradient_ab,0.9999999999999998
im43,subtle_color_error,lpips_vgg,0.9999999999999998
im43,subtle_color_error,convnext_perceptual,0.9999999999999998
im43,subtle_color_error,dinov3_perceptual,0.9999999999999998
im43,semantically_wrong_color,huber_ab,0.9999999999999998
im43,semantically_wrong_color,gradient_ab,0.9999999999999998
im43,semantically_wrong_color,lpips_vgg,0.9999999999999998
im43,semantically_wrong_color,convnext_perceptual,0.7999999999999998
im43,semantically_wrong_color,dinov3_perceptual,0.9999999999999998
im43,plausible_alternative_colorization,huber_ab,0.9999999999999998
im43,plausible_alternative_colorization,gradient_ab,0.9999999999999998
im43,plausible_alternative_colorization,lpips_vgg,0.9999999999999998
im43,plausible_alternative_colorization,convnext_perceptual,0.9999999999999998
im43,plausible_alternative_colorization,dinov3_perceptual,0.9999999999999998
im45,wrong_hue,huber_ab,0.9999999999999998
im45,wrong_hue,gradient_ab,0.9999999999999998
im45,wrong_hue,lpips_vgg,0.9999999999999998
im45,wrong_hue,convnext_perceptual,0.9999999999999998
im45,wrong_hue,dinov3_perceptual,0.9999999999999998
im45,low_saturation,huber_ab,0.9999999999999998
im45,low_saturation,gradient_ab,0.9999999999999998
im45,low_saturation,lpips_vgg,0.9999999999999998
im45,low_saturation,convnext_perceptual,0.9999999999999998
im45,low_saturation,dinov3_perceptual,0.9999999999999998
im45,color_bleeding,huber_ab,0.9999999999999998
im45,color_bleeding,gradient_ab,0.9999999999999998
im45,color_bleeding,lpips_vgg,0.9999999999999998
im45,color_bleeding,convnext_perceptual,0.9999999999999998
im45,color_bleeding,dinov3_perceptual,0.9999999999999998
im45,subtle_color_error,huber_ab,0.9999999999999998
im45,subtle_color_error,gradient_ab,0.9999999999999998
im45,subtle_color_error,lpips_vgg,0.9999999999999998
im45,subtle_color_error,convnext_perceptual,0.9999999999999998
im45,subtle_color_error,dinov3_perceptual,0.9999999999999998
im45,semantically_wrong_color,huber_ab,0.9999999999999998
im45,semantically_wrong_color,gradient_ab,0.9999999999999998
im45,semantically_wrong_color,lpips_vgg,0.9999999999999998
im45,semantically_wrong_color,convnext_perceptual,0.9999999999999998
im45,semantically_wrong_color,dinov3_perceptual,0.9999999999999998
im45,plausible_alternative_colorization,huber_ab,0.9999999999999998
im45,plausible_alternative_colorization,gradient_ab,0.9999999999999998
im45,plausible_alternative_colorization,lpips_vgg,0.9999999999999998
im45,plausible_alternative_colorization,convnext_perceptual,0.9999999999999998
im45,plausible_alternative_colorization,dinov3_perceptual,0.9999999999999998
im46,wrong_hue,huber_ab,0.9999999999999998
im46,wrong_hue,gradient_ab,0.9999999999999998
im46,wrong_hue,lpips_vgg,0.9999999999999998
im46,wrong_hue,convnext_perceptual,0.9999999999999998
im46,wrong_hue,dinov3_perceptual,0.9999999999999998
im46,low_saturation,huber_ab,0.9999999999999998
im46,low_saturation,gradient_ab,0.9999999999999998
im46,low_saturation,lpips_vgg,0.9999999999999998
im46,low_saturation,convnext_perceptual,0.9999999999999998
im46,low_saturation,dinov3_perceptual,0.9999999999999998
im46,color_bleeding,huber_ab,0.9999999999999998
im46,color_bleeding,gradient_ab,0.9999999999999998
im46,color_bleeding,lpips_vgg,0.9999999999999998
im46,color_bleeding,convnext_perceptual,0.9999999999999998
im46,color_bleeding,dinov3_perceptual,0.9999999999999998
im46,subtle_color_error,huber_ab,0.9999999999999998
im46,subtle_color_error,gradient_ab,0.9999999999999998
im46,subtle_color_error,lpips_vgg,0.9999999999999998
im46,subtle_color_error,convnext_perceptual,0.9999999999999998
im46,subtle_color_error,dinov3_perceptual,0.9999999999999998
im46,semantically_wrong_color,huber_ab,0.9999999999999998
im46,semantically_wrong_color,gradient_ab,0.9999999999999998
im46,semantically_wrong_color,lpips_vgg,0.9999999999999998
im46,semantically_wrong_color,convnext_perceptual,0.9999999999999998
im46,semantically_wrong_color,dinov3_perceptual,0.9999999999999998
im46,plausible_alternative_colorization,huber_ab,0.9999999999999998
im46,plausible_alternative_colorization,gradient_ab,0.9999999999999998
im46,plausible_alternative_colorization,lpips_vgg,0.9999999999999998
im46,plausible_alternative_colorization,convnext_perceptual,0.9999999999999998
im46,plausible_alternative_colorization,dinov3_perceptual,0.9999999999999998
im47,wrong_hue,huber_ab,0.9999999999999998
im47,wrong_hue,gradient_ab,0.9999999999999998
im47,wrong_hue,lpips_vgg,0.9999999999999998
im47,wrong_hue,convnext_perceptual,0.9999999999999998
im47,wrong_hue,dinov3_perceptual,0.9999999999999998
im47,low_saturation,huber_ab,0.9999999999999998
im47,low_saturation,gradient_ab,0.9999999999999998
im47,low_saturation,lpips_vgg,0.9999999999999998
im47,low_saturation,convnext_perceptual,0.9999999999999998
im47,low_saturation,dinov3_perceptual,0.9999999999999998
im47,color_bleeding,huber_ab,0.9999999999999998
im47,color_bleeding,gradient_ab,0.9999999999999998
im47,color_bleeding,lpips_vgg,0.9999999999999998
im47,color_bleeding,convnext_perceptual,0.9999999999999998
im47,color_bleeding,dinov3_perceptual,0.9999999999999998
im47,subtle_color_error,huber_ab,0.9999999999999998
im47,subtle_color_error,gradient_ab,0.9999999999999998
im47,subtle_color_error,lpips_vgg,0.9999999999999998
im47,subtle_color_error,convnext_perceptual,0.9999999999999998
im47,subtle_color_error,dinov3_perceptual,0.9999999999999998
im47,semantically_wrong_color,huber_ab,0.9999999999999998
im47,semantically_wrong_color,gradient_ab,0.9999999999999998
im47,semantically_wrong_color,lpips_vgg,0.9999999999999998
im47,semantically_wrong_color,convnext_perceptual,0.9999999999999998
im47,semantically_wrong_color,dinov3_perceptual,0.9999999999999998
im47,plausible_alternative_colorization,huber_ab,0.9999999999999998
im47,plausible_alternative_colorization,gradient_ab,0.9999999999999998
im47,plausible_alternative_colorization,lpips_vgg,0.9999999999999998
im47,plausible_alternative_colorization,convnext_perceptual,0.9999999999999998
im47,plausible_alternative_colorization,dinov3_perceptual,0.9999999999999998
im48,wrong_hue,huber_ab,0.9999999999999998
im48,wrong_hue,gradient_ab,0.9999999999999998
im48,wrong_hue,lpips_vgg,0.9999999999999998
im48,wrong_hue,convnext_perceptual,0.9999999999999998
im48,wrong_hue,dinov3_perceptual,0.9999999999999998
im48,low_saturation,huber_ab,0.9999999999999998
im48,low_saturation,gradient_ab,0.9999999999999998
im48,low_saturation,lpips_vgg,0.9999999999999998
im48,low_saturation,convnext_perceptual,0.9999999999999998
im48,low_saturation,dinov3_perceptual,0.9999999999999998
im48,color_bleeding,huber_ab,0.9999999999999998
im48,color_bleeding,gradient_ab,0.9999999999999998
im48,color_bleeding,lpips_vgg,0.9999999999999998
im48,color_bleeding,convnext_perceptual,0.9999999999999998
im48,color_bleeding,dinov3_perceptual,0.9999999999999998
im48,subtle_color_error,huber_ab,0.9999999999999998
im48,subtle_color_error,gradient_ab,0.9999999999999998
im48,subtle_color_error,lpips_vgg,0.9999999999999998
im48,subtle_color_error,convnext_perceptual,0.9999999999999998
im48,subtle_color_error,dinov3_perceptual,0.9999999999999998
im48,semantically_wrong_color,huber_ab,0.9999999999999998
im48,semantically_wrong_color,gradient_ab,0.9999999999999998
im48,semantically_wrong_color,lpips_vgg,0.9999999999999998
im48,semantically_wrong_color,convnext_perceptual,0.9999999999999998
im48,semantically_wrong_color,dinov3_perceptual,0.9999999999999998
im48,plausible_alternative_colorization,huber_ab,0.9999999999999998
im48,plausible_alternative_colorization,gradient_ab,0.9999999999999998
im48,plausible_alternative_colorization,lpips_vgg,0.9999999999999998
im48,plausible_alternative_colorization,convnext_perceptual,0.9999999999999998
im48,plausible_alternative_colorization,dinov3_perceptual,0.9999999999999998
im5,wrong_hue,huber_ab,0.9999999999999998
im5,wrong_hue,gradient_ab,0.9999999999999998
im5,wrong_hue,lpips_vgg,0.9999999999999998
im5,wrong_hue,convnext_perceptual,0.7999999999999998
im5,wrong_hue,dinov3_perceptual,0.9999999999999998
im5,low_saturation,huber_ab,0.9999999999999998
im5,low_saturation,gradient_ab,0.9999999999999998
im5,low_saturation,lpips_vgg,0.9999999999999998
im5,low_saturation,convnext_perceptual,0.9999999999999998
im5,low_saturation,dinov3_perceptual,0.9999999999999998
im5,color_bleeding,huber_ab,0.9999999999999998
im5,color_bleeding,gradient_ab,0.9999999999999998
im5,color_bleeding,lpips_vgg,0.9999999999999998
im5,color_bleeding,convnext_perceptual,0.9999999999999998
im5,color_bleeding,dinov3_perceptual,0.9999999999999998
im5,subtle_color_error,huber_ab,0.9999999999999998
im5,subtle_color_error,gradient_ab,0.9999999999999998
im5,subtle_color_error,lpips_vgg,0.9999999999999998
im5,subtle_color_error,convnext_perceptual,0.9999999999999998
im5,subtle_color_error,dinov3_perceptual,0.9999999999999998
im5,semantically_wrong_color,huber_ab,0.9999999999999998
im5,semantically_wrong_color,gradient_ab,0.9999999999999998
im5,semantically_wrong_color,lpips_vgg,0.9999999999999998
im5,semantically_wrong_color,convnext_perceptual,0.9999999999999998
im5,semantically_wrong_color,dinov3_perceptual,0.9999999999999998
im5,plausible_alternative_colorization,huber_ab,0.9999999999999998
im5,plausible_alternative_colorization,gradient_ab,0.9999999999999998
im5,plausible_alternative_colorization,lpips_vgg,0.9999999999999998
im5,plausible_alternative_colorization,convnext_perceptual,0.9999999999999998
im5,plausible_alternative_colorization,dinov3_perceptual,0.9999999999999998
im50,wrong_hue,huber_ab,0.9999999999999998
im50,wrong_hue,gradient_ab,0.9999999999999998
im50,wrong_hue,lpips_vgg,0.9999999999999998
im50,wrong_hue,convnext_perceptual,0.9999999999999998
im50,wrong_hue,dinov3_perceptual,0.9999999999999998
im50,low_saturation,huber_ab,0.9999999999999998
im50,low_saturation,gradient_ab,0.9999999999999998
im50,low_saturation,lpips_vgg,0.9999999999999998
im50,low_saturation,convnext_perceptual,0.9999999999999998
im50,low_saturation,dinov3_perceptual,0.9999999999999998
im50,color_bleeding,huber_ab,0.9999999999999998
im50,color_bleeding,gradient_ab,0.9999999999999998
im50,color_bleeding,lpips_vgg,0.9999999999999998
im50,color_bleeding,convnext_perceptual,0.7999999999999998
im50,color_bleeding,dinov3_perceptual,0.9999999999999998
im50,subtle_color_error,huber_ab,0.9999999999999998
im50,subtle_color_error,gradient_ab,0.9999999999999998
im50,subtle_color_error,lpips_vgg,0.9999999999999998
im50,subtle_color_error,convnext_perceptual,0.7999999999999998
im50,subtle_color_error,dinov3_perceptual,0.9999999999999998
im50,semantically_wrong_color,huber_ab,0.9999999999999998
im50,semantically_wrong_color,gradient_ab,0.9999999999999998
im50,semantically_wrong_color,lpips_vgg,0.9999999999999998
im50,semantically_wrong_color,convnext_perceptual,0.9999999999999998
im50,semantically_wrong_color,dinov3_perceptual,0.9999999999999998
im50,plausible_alternative_colorization,huber_ab,0.9999999999999998
im50,plausible_alternative_colorization,gradient_ab,0.9999999999999998
im50,plausible_alternative_colorization,lpips_vgg,0.9999999999999998
im50,plausible_alternative_colorization,convnext_perceptual,0.7999999999999998
im50,plausible_alternative_colorization,dinov3_perceptual,0.9999999999999998
im51,wrong_hue,huber_ab,0.9999999999999998
im51,wrong_hue,gradient_ab,0.9999999999999998
im51,wrong_hue,lpips_vgg,0.9999999999999998
im51,wrong_hue,convnext_perceptual,0.9999999999999998
im51,wrong_hue,dinov3_perceptual,0.9999999999999998
im51,low_saturation,huber_ab,0.9999999999999998
im51,low_saturation,gradient_ab,0.9999999999999998
im51,low_saturation,lpips_vgg,0.9999999999999998
im51,low_saturation,convnext_perceptual,0.9999999999999998
im51,low_saturation,dinov3_perceptual,0.9999999999999998
im51,color_bleeding,huber_ab,0.9999999999999998
im51,color_bleeding,gradient_ab,0.9999999999999998
im51,color_bleeding,lpips_vgg,0.9999999999999998
im51,color_bleeding,convnext_perceptual,0.9999999999999998
im51,color_bleeding,dinov3_perceptual,0.9999999999999998
im51,subtle_color_error,huber_ab,0.9999999999999998
im51,subtle_color_error,gradient_ab,0.9999999999999998
im51,subtle_color_error,lpips_vgg,0.9999999999999998
im51,subtle_color_error,convnext_perceptual,0.9999999999999998
im51,subtle_color_error,dinov3_perceptual,0.9999999999999998
im51,semantically_wrong_color,huber_ab,0.9999999999999998
im51,semantically_wrong_color,gradient_ab,0.9999999999999998
im51,semantically_wrong_color,lpips_vgg,0.9999999999999998
im51,semantically_wrong_color,convnext_perceptual,0.9999999999999998
im51,semantically_wrong_color,dinov3_perceptual,0.9999999999999998
im51,plausible_alternative_colorization,huber_ab,0.9999999999999998
im51,plausible_alternative_colorization,gradient_ab,0.9999999999999998
im51,plausible_alternative_colorization,lpips_vgg,0.9999999999999998
im51,plausible_alternative_colorization,convnext_perceptual,0.9999999999999998
im51,plausible_alternative_colorization,dinov3_perceptual,0.9999999999999998
im52,wrong_hue,huber_ab,0.9999999999999998
im52,wrong_hue,gradient_ab,0.9999999999999998
im52,wrong_hue,lpips_vgg,0.9999999999999998
im52,wrong_hue,convnext_perceptual,0.9999999999999998
im52,wrong_hue,dinov3_perceptual,0.9999999999999998
im52,low_saturation,huber_ab,0.9999999999999998
im52,low_saturation,gradient_ab,0.9999999999999998
im52,low_saturation,lpips_vgg,0.9999999999999998
im52,low_saturation,convnext_perceptual,0.9999999999999998
im52,low_saturation,dinov3_perceptual,0.9999999999999998
im52,color_bleeding,huber_ab,0.9999999999999998
im52,color_bleeding,gradient_ab,0.9999999999999998
im52,color_bleeding,lpips_vgg,0.9999999999999998
im52,color_bleeding,convnext_perceptual,0.9999999999999998
im52,color_bleeding,dinov3_perceptual,0.9999999999999998
im52,subtle_color_error,huber_ab,0.9999999999999998
im52,subtle_color_error,gradient_ab,0.9999999999999998
im52,subtle_color_error,lpips_vgg,0.9999999999999998
im52,subtle_color_error,convnext_perceptual,0.9999999999999998
im52,subtle_color_error,dinov3_perceptual,0.9999999999999998
im52,semantically_wrong_color,huber_ab,0.9999999999999998
im52,semantically_wrong_color,gradient_ab,0.9999999999999998
im52,semantically_wrong_color,lpips_vgg,0.9999999999999998
im52,semantically_wrong_color,convnext_perceptual,0.9999999999999998
im52,semantically_wrong_color,dinov3_perceptual,0.9999999999999998
im52,plausible_alternative_colorization,huber_ab,0.9999999999999998
im52,plausible_alternative_colorization,gradient_ab,0.9999999999999998
im52,plausible_alternative_colorization,lpips_vgg,0.9999999999999998
im52,plausible_alternative_colorization,convnext_perceptual,0.7999999999999998
im52,plausible_alternative_colorization,dinov3_perceptual,0.9999999999999998
im54,wrong_hue,huber_ab,0.9999999999999998
im54,wrong_hue,gradient_ab,0.9999999999999998
im54,wrong_hue,lpips_vgg,0.9999999999999998
im54,wrong_hue,convnext_perceptual,0.9999999999999998
im54,wrong_hue,dinov3_perceptual,0.9999999999999998
im54,low_saturation,huber_ab,0.9999999999999998
im54,low_saturation,gradient_ab,0.9999999999999998
im54,low_saturation,lpips_vgg,0.9999999999999998
im54,low_saturation,convnext_perceptual,0.9999999999999998
im54,low_saturation,dinov3_perceptual,0.9999999999999998
im54,color_bleeding,huber_ab,0.9999999999999998
im54,color_bleeding,gradient_ab,0.9999999999999998
im54,color_bleeding,lpips_vgg,0.9999999999999998
im54,color_bleeding,convnext_perceptual,0.9999999999999998
im54,color_bleeding,dinov3_perceptual,0.9999999999999998
im54,subtle_color_error,huber_ab,0.9999999999999998
im54,subtle_color_error,gradient_ab,0.9999999999999998
im54,subtle_color_error,lpips_vgg,0.9999999999999998
im54,subtle_color_error,convnext_perceptual,0.9999999999999998
im54,subtle_color_error,dinov3_perceptual,0.9999999999999998
im54,semantically_wrong_color,huber_ab,0.9999999999999998
im54,semantically_wrong_color,gradient_ab,0.9999999999999998
im54,semantically_wrong_color,lpips_vgg,0.9999999999999998
im54,semantically_wrong_color,convnext_perceptual,0.9999999999999998
im54,semantically_wrong_color,dinov3_perceptual,0.9999999999999998
im54,plausible_alternative_colorization,huber_ab,0.9999999999999998
im54,plausible_alternative_colorization,gradient_ab,0.9999999999999998
im54,plausible_alternative_colorization,lpips_vgg,0.9999999999999998
im54,plausible_alternative_colorization,convnext_perceptual,0.9999999999999998
im54,plausible_alternative_colorization,dinov3_perceptual,0.9999999999999998
im56,wrong_hue,huber_ab,0.9999999999999998
im56,wrong_hue,gradient_ab,0.9999999999999998
im56,wrong_hue,lpips_vgg,0.9999999999999998
im56,wrong_hue,convnext_perceptual,0.3999999999999999
im56,wrong_hue,dinov3_perceptual,0.9999999999999998
im56,low_saturation,huber_ab,0.9999999999999998
im56,low_saturation,gradient_ab,0.9999999999999998
im56,low_saturation,lpips_vgg,0.9999999999999998
im56,low_saturation,convnext_perceptual,0.9999999999999998
im56,low_saturation,dinov3_perceptual,0.9999999999999998
im56,color_bleeding,huber_ab,0.9999999999999998
im56,color_bleeding,gradient_ab,0.9999999999999998
im56,color_bleeding,lpips_vgg,0.9999999999999998
im56,color_bleeding,convnext_perceptual,0.9999999999999998
im56,color_bleeding,dinov3_perceptual,0.9999999999999998
im56,subtle_color_error,huber_ab,0.9999999999999998
im56,subtle_color_error,gradient_ab,0.9999999999999998
im56,subtle_color_error,lpips_vgg,0.9999999999999998
im56,subtle_color_error,convnext_perceptual,0.9999999999999998
im56,subtle_color_error,dinov3_perceptual,0.9999999999999998
im56,semantically_wrong_color,huber_ab,0.9999999999999998
im56,semantically_wrong_color,gradient_ab,0.9999999999999998
im56,semantically_wrong_color,lpips_vgg,0.9999999999999998
im56,semantically_wrong_color,convnext_perceptual,0.9999999999999998
im56,semantically_wrong_color,dinov3_perceptual,0.9999999999999998
im56,plausible_alternative_colorization,huber_ab,0.9999999999999998
im56,plausible_alternative_colorization,gradient_ab,0.9999999999999998
im56,plausible_alternative_colorization,lpips_vgg,0.9999999999999998
im56,plausible_alternative_colorization,convnext_perceptual,0.9999999999999998
im56,plausible_alternative_colorization,dinov3_perceptual,0.9999999999999998
im57,wrong_hue,huber_ab,0.9999999999999998
im57,wrong_hue,gradient_ab,0.9999999999999998
im57,wrong_hue,lpips_vgg,0.9999999999999998
im57,wrong_hue,convnext_perceptual,0.9999999999999998
im57,wrong_hue,dinov3_perceptual,0.9999999999999998
im57,low_saturation,huber_ab,0.9999999999999998
im57,low_saturation,gradient_ab,0.9999999999999998
im57,low_saturation,lpips_vgg,0.9999999999999998
im57,low_saturation,convnext_perceptual,0.9999999999999998
im57,low_saturation,dinov3_perceptual,0.9999999999999998
im57,color_bleeding,huber_ab,0.9999999999999998
im57,color_bleeding,gradient_ab,0.9999999999999998
im57,color_bleeding,lpips_vgg,0.9999999999999998
im57,color_bleeding,convnext_perceptual,0.9999999999999998
im57,color_bleeding,dinov3_perceptual,0.9999999999999998
im57,subtle_color_error,huber_ab,0.9999999999999998
im57,subtle_color_error,gradient_ab,0.9999999999999998
im57,subtle_color_error,lpips_vgg,0.9999999999999998
im57,subtle_color_error,convnext_perceptual,0.9999999999999998
im57,subtle_color_error,dinov3_perceptual,0.9999999999999998
im57,semantically_wrong_color,huber_ab,0.9999999999999998
im57,semantically_wrong_color,gradient_ab,0.9999999999999998
im57,semantically_wrong_color,lpips_vgg,0.9999999999999998
im57,semantically_wrong_color,convnext_perceptual,0.9999999999999998
im57,semantically_wrong_color,dinov3_perceptual,0.9999999999999998
im57,plausible_alternative_colorization,huber_ab,0.9999999999999998
im57,plausible_alternative_colorization,gradient_ab,0.9999999999999998
im57,plausible_alternative_colorization,lpips_vgg,0.9999999999999998
im57,plausible_alternative_colorization,convnext_perceptual,0.9999999999999998
im57,plausible_alternative_colorization,dinov3_perceptual,0.9999999999999998
im58,wrong_hue,huber_ab,0.9999999999999998
im58,wrong_hue,gradient_ab,0.9999999999999998
im58,wrong_hue,lpips_vgg,0.9999999999999998
im58,wrong_hue,convnext_perceptual,0.0
im58,wrong_hue,dinov3_perceptual,0.9999999999999998
im58,low_saturation,huber_ab,0.9999999999999998
im58,low_saturation,gradient_ab,0.9999999999999998
im58,low_saturation,lpips_vgg,0.9999999999999998
im58,low_saturation,convnext_perceptual,0.9999999999999998
im58,low_saturation,dinov3_perceptual,0.9999999999999998
im58,color_bleeding,huber_ab,0.9999999999999998
im58,color_bleeding,gradient_ab,0.9999999999999998
im58,color_bleeding,lpips_vgg,0.9999999999999998
im58,color_bleeding,convnext_perceptual,0.9999999999999998
im58,color_bleeding,dinov3_perceptual,0.9999999999999998
im58,subtle_color_error,huber_ab,0.9999999999999998
im58,subtle_color_error,gradient_ab,0.9999999999999998
im58,subtle_color_error,lpips_vgg,0.9999999999999998
im58,subtle_color_error,convnext_perceptual,0.9999999999999998
im58,subtle_color_error,dinov3_perceptual,0.9999999999999998
im58,semantically_wrong_color,huber_ab,0.9999999999999998
im58,semantically_wrong_color,gradient_ab,0.9999999999999998
im58,semantically_wrong_color,lpips_vgg,0.9999999999999998
im58,semantically_wrong_color,convnext_perceptual,0.9999999999999998
im58,semantically_wrong_color,dinov3_perceptual,0.9999999999999998
im58,plausible_alternative_colorization,huber_ab,0.9999999999999998
im58,plausible_alternative_colorization,gradient_ab,0.9999999999999998
im58,plausible_alternative_colorization,lpips_vgg,0.9999999999999998
im58,plausible_alternative_colorization,convnext_perceptual,0.7999999999999998
im58,plausible_alternative_colorization,dinov3_perceptual,0.9999999999999998
im6,wrong_hue,huber_ab,0.9999999999999998
im6,wrong_hue,gradient_ab,0.9999999999999998
im6,wrong_hue,lpips_vgg,0.9999999999999998
im6,wrong_hue,convnext_perceptual,0.9999999999999998
im6,wrong_hue,dinov3_perceptual,0.9999999999999998
im6,low_saturation,huber_ab,0.9999999999999998
im6,low_saturation,gradient_ab,0.9999999999999998
im6,low_saturation,lpips_vgg,0.9999999999999998
im6,low_saturation,convnext_perceptual,0.9999999999999998
im6,low_saturation,dinov3_perceptual,0.9999999999999998
im6,color_bleeding,huber_ab,0.9999999999999998
im6,color_bleeding,gradient_ab,0.9999999999999998
im6,color_bleeding,lpips_vgg,0.9999999999999998
im6,color_bleeding,convnext_perceptual,0.9999999999999998
im6,color_bleeding,dinov3_perceptual,0.9999999999999998
im6,subtle_color_error,huber_ab,0.9999999999999998
im6,subtle_color_error,gradient_ab,0.9999999999999998
im6,subtle_color_error,lpips_vgg,0.9999999999999998
im6,subtle_color_error,convnext_perceptual,0.9999999999999998
im6,subtle_color_error,dinov3_perceptual,0.9999999999999998
im6,semantically_wrong_color,huber_ab,0.9999999999999998
im6,semantically_wrong_color,gradient_ab,0.9999999999999998
im6,semantically_wrong_color,lpips_vgg,0.9999999999999998
im6,semantically_wrong_color,convnext_perceptual,0.9999999999999998
im6,semantically_wrong_color,dinov3_perceptual,0.9999999999999998
im6,plausible_alternative_colorization,huber_ab,0.9999999999999998
im6,plausible_alternative_colorization,gradient_ab,0.9999999999999998
im6,plausible_alternative_colorization,lpips_vgg,0.9999999999999998
im6,plausible_alternative_colorization,convnext_perceptual,0.9999999999999998
im6,plausible_alternative_colorization,dinov3_perceptual,0.9999999999999998
im60,wrong_hue,huber_ab,0.9999999999999998
im60,wrong_hue,gradient_ab,0.9999999999999998
im60,wrong_hue,lpips_vgg,0.9999999999999998
im60,wrong_hue,convnext_perceptual,0.9999999999999998
im60,wrong_hue,dinov3_perceptual,0.9999999999999998
im60,low_saturation,huber_ab,0.9999999999999998
im60,low_saturation,gradient_ab,0.9999999999999998
im60,low_saturation,lpips_vgg,0.9999999999999998
im60,low_saturation,convnext_perceptual,0.9999999999999998
im60,low_saturation,dinov3_perceptual,0.9999999999999998
im60,color_bleeding,huber_ab,0.9999999999999998
im60,color_bleeding,gradient_ab,0.9999999999999998
im60,color_bleeding,lpips_vgg,0.9999999999999998
im60,color_bleeding,convnext_perceptual,0.9999999999999998
im60,color_bleeding,dinov3_perceptual,0.9999999999999998
im60,subtle_color_error,huber_ab,0.9999999999999998
im60,subtle_color_error,gradient_ab,0.9999999999999998
im60,subtle_color_error,lpips_vgg,0.9999999999999998
im60,subtle_color_error,convnext_perceptual,0.9999999999999998
im60,subtle_color_error,dinov3_perceptual,0.9999999999999998
im60,semantically_wrong_color,huber_ab,0.9999999999999998
im60,semantically_wrong_color,gradient_ab,0.9999999999999998
im60,semantically_wrong_color,lpips_vgg,0.9999999999999998
im60,semantically_wrong_color,convnext_perceptual,0.9999999999999998
im60,semantically_wrong_color,dinov3_perceptual,0.9999999999999998
im60,plausible_alternative_colorization,huber_ab,0.9999999999999998
im60,plausible_alternative_colorization,gradient_ab,0.9999999999999998
im60,plausible_alternative_colorization,lpips_vgg,0.9999999999999998
im60,plausible_alternative_colorization,convnext_perceptual,0.9999999999999998
im60,plausible_alternative_colorization,dinov3_perceptual,0.9999999999999998
im61,wrong_hue,huber_ab,0.9999999999999998
im61,wrong_hue,gradient_ab,0.9999999999999998
im61,wrong_hue,lpips_vgg,0.9999999999999998
im61,wrong_hue,convnext_perceptual,0.9999999999999998
im61,wrong_hue,dinov3_perceptual,0.9999999999999998
im61,low_saturation,huber_ab,0.9999999999999998
im61,low_saturation,gradient_ab,0.9999999999999998
im61,low_saturation,lpips_vgg,0.9999999999999998
im61,low_saturation,convnext_perceptual,0.9999999999999998
im61,low_saturation,dinov3_perceptual,0.9999999999999998
im61,color_bleeding,huber_ab,0.9999999999999998
im61,color_bleeding,gradient_ab,0.9999999999999998
im61,color_bleeding,lpips_vgg,0.9999999999999998
im61,color_bleeding,convnext_perceptual,0.9999999999999998
im61,color_bleeding,dinov3_perceptual,0.9999999999999998
im61,subtle_color_error,huber_ab,0.9999999999999998
im61,subtle_color_error,gradient_ab,0.9999999999999998
im61,subtle_color_error,lpips_vgg,0.9999999999999998
im61,subtle_color_error,convnext_perceptual,0.9999999999999998
im61,subtle_color_error,dinov3_perceptual,0.9999999999999998
im61,semantically_wrong_color,huber_ab,0.9999999999999998
im61,semantically_wrong_color,gradient_ab,0.9999999999999998
im61,semantically_wrong_color,lpips_vgg,0.9999999999999998
im61,semantically_wrong_color,convnext_perceptual,0.7999999999999998
im61,semantically_wrong_color,dinov3_perceptual,0.9999999999999998
im61,plausible_alternative_colorization,huber_ab,0.9999999999999998
im61,plausible_alternative_colorization,gradient_ab,0.9999999999999998
im61,plausible_alternative_colorization,lpips_vgg,0.9999999999999998
im61,plausible_alternative_colorization,convnext_perceptual,0.9999999999999998
im61,plausible_alternative_colorization,dinov3_perceptual,0.9999999999999998
im62,wrong_hue,huber_ab,0.9999999999999998
im62,wrong_hue,gradient_ab,0.9999999999999998
im62,wrong_hue,lpips_vgg,0.9999999999999998
im62,wrong_hue,convnext_perceptual,0.9999999999999998
im62,wrong_hue,dinov3_perceptual,0.9999999999999998
im62,low_saturation,huber_ab,0.9999999999999998
im62,low_saturation,gradient_ab,0.9999999999999998
im62,low_saturation,lpips_vgg,0.9999999999999998
im62,low_saturation,convnext_perceptual,0.9999999999999998
im62,low_saturation,dinov3_perceptual,0.9999999999999998
im62,color_bleeding,huber_ab,0.9999999999999998
im62,color_bleeding,gradient_ab,0.9999999999999998
im62,color_bleeding,lpips_vgg,0.9999999999999998
im62,color_bleeding,convnext_perceptual,0.9999999999999998
im62,color_bleeding,dinov3_perceptual,0.9999999999999998
im62,subtle_color_error,huber_ab,0.9999999999999998
im62,subtle_color_error,gradient_ab,0.9999999999999998
im62,subtle_color_error,lpips_vgg,0.9999999999999998
im62,subtle_color_error,convnext_perceptual,0.9999999999999998
im62,subtle_color_error,dinov3_perceptual,0.9999999999999998
im62,semantically_wrong_color,huber_ab,0.9999999999999998
im62,semantically_wrong_color,gradient_ab,0.9999999999999998
im62,semantically_wrong_color,lpips_vgg,0.9999999999999998
im62,semantically_wrong_color,convnext_perceptual,0.9999999999999998
im62,semantically_wrong_color,dinov3_perceptual,0.9999999999999998
im62,plausible_alternative_colorization,huber_ab,0.9999999999999998
im62,plausible_alternative_colorization,gradient_ab,0.9999999999999998
im62,plausible_alternative_colorization,lpips_vgg,0.9999999999999998
im62,plausible_alternative_colorization,convnext_perceptual,0.9999999999999998
im62,plausible_alternative_colorization,dinov3_perceptual,0.9999999999999998
im63,wrong_hue,huber_ab,0.9999999999999998
im63,wrong_hue,gradient_ab,0.9999999999999998
im63,wrong_hue,lpips_vgg,0.9999999999999998
im63,wrong_hue,convnext_perceptual,0.9999999999999998
im63,wrong_hue,dinov3_perceptual,0.9999999999999998
im63,low_saturation,huber_ab,0.9999999999999998
im63,low_saturation,gradient_ab,0.9999999999999998
im63,low_saturation,lpips_vgg,0.9999999999999998
im63,low_saturation,convnext_perceptual,0.3999999999999999
im63,low_saturation,dinov3_perceptual,0.9999999999999998
im63,color_bleeding,huber_ab,0.9999999999999998
im63,color_bleeding,gradient_ab,0.9999999999999998
im63,color_bleeding,lpips_vgg,0.9999999999999998
im63,color_bleeding,convnext_perceptual,0.9999999999999998
im63,color_bleeding,dinov3_perceptual,0.9999999999999998
im63,subtle_color_error,huber_ab,0.9999999999999998
im63,subtle_color_error,gradient_ab,0.9999999999999998
im63,subtle_color_error,lpips_vgg,0.9999999999999998
im63,subtle_color_error,convnext_perceptual,0.9999999999999998
im63,subtle_color_error,dinov3_perceptual,0.9999999999999998
im63,semantically_wrong_color,huber_ab,0.9999999999999998
im63,semantically_wrong_color,gradient_ab,0.9999999999999998
im63,semantically_wrong_color,lpips_vgg,0.9999999999999998
im63,semantically_wrong_color,convnext_perceptual,0.19999999999999996
im63,semantically_wrong_color,dinov3_perceptual,0.9999999999999998
im63,plausible_alternative_colorization,huber_ab,0.9999999999999998
im63,plausible_alternative_colorization,gradient_ab,0.9999999999999998
im63,plausible_alternative_colorization,lpips_vgg,0.9999999999999998
im63,plausible_alternative_colorization,convnext_perceptual,0.9999999999999998
im63,plausible_alternative_colorization,dinov3_perceptual,0.9999999999999998
im64,wrong_hue,huber_ab,0.9999999999999998
im64,wrong_hue,gradient_ab,0.9999999999999998
im64,wrong_hue,lpips_vgg,0.9999999999999998
im64,wrong_hue,convnext_perceptual,0.9999999999999998
im64,wrong_hue,dinov3_perceptual,0.9999999999999998
im64,low_saturation,huber_ab,0.9999999999999998
im64,low_saturation,gradient_ab,0.9999999999999998
im64,low_saturation,lpips_vgg,0.9999999999999998
im64,low_saturation,convnext_perceptual,0.3999999999999999
im64,low_saturation,dinov3_perceptual,0.9999999999999998
im64,color_bleeding,huber_ab,0.9999999999999998
im64,color_bleeding,gradient_ab,0.9999999999999998
im64,color_bleeding,lpips_vgg,0.9999999999999998
im64,color_bleeding,convnext_perceptual,0.9999999999999998
im64,color_bleeding,dinov3_perceptual,0.9999999999999998
im64,subtle_color_error,huber_ab,0.9999999999999998
im64,subtle_color_error,gradient_ab,0.9999999999999998
im64,subtle_color_error,lpips_vgg,0.9999999999999998
im64,subtle_color_error,convnext_perceptual,0.9999999999999998
im64,subtle_color_error,dinov3_perceptual,0.9999999999999998
im64,semantically_wrong_color,huber_ab,0.9999999999999998
im64,semantically_wrong_color,gradient_ab,0.9999999999999998
im64,semantically_wrong_color,lpips_vgg,0.9999999999999998
im64,semantically_wrong_color,convnext_perceptual,0.9999999999999998
im64,semantically_wrong_color,dinov3_perceptual,0.9999999999999998
im64,plausible_alternative_colorization,huber_ab,0.9999999999999998
im64,plausible_alternative_colorization,gradient_ab,0.9999999999999998
im64,plausible_alternative_colorization,lpips_vgg,0.9999999999999998
im64,plausible_alternative_colorization,convnext_perceptual,0.9999999999999998
im64,plausible_alternative_colorization,dinov3_perceptual,0.9999999999999998
im65,wrong_hue,huber_ab,0.9999999999999998
im65,wrong_hue,gradient_ab,0.9999999999999998
im65,wrong_hue,lpips_vgg,0.9999999999999998
im65,wrong_hue,convnext_perceptual,0.7999999999999998
im65,wrong_hue,dinov3_perceptual,0.9999999999999998
im65,low_saturation,huber_ab,0.9999999999999998
im65,low_saturation,gradient_ab,0.9999999999999998
im65,low_saturation,lpips_vgg,0.9999999999999998
im65,low_saturation,convnext_perceptual,0.9999999999999998
im65,low_saturation,dinov3_perceptual,0.9999999999999998
im65,color_bleeding,huber_ab,0.9999999999999998
im65,color_bleeding,gradient_ab,0.9999999999999998
im65,color_bleeding,lpips_vgg,0.9999999999999998
im65,color_bleeding,convnext_perceptual,0.9999999999999998
im65,color_bleeding,dinov3_perceptual,0.9999999999999998
im65,subtle_color_error,huber_ab,0.9999999999999998
im65,subtle_color_error,gradient_ab,0.9999999999999998
im65,subtle_color_error,lpips_vgg,0.9999999999999998
im65,subtle_color_error,convnext_perceptual,0.9999999999999998
im65,subtle_color_error,dinov3_perceptual,0.9999999999999998
im65,semantically_wrong_color,huber_ab,0.9999999999999998
im65,semantically_wrong_color,gradient_ab,0.9999999999999998
im65,semantically_wrong_color,lpips_vgg,0.9999999999999998
im65,semantically_wrong_color,convnext_perceptual,0.9999999999999998
im65,semantically_wrong_color,dinov3_perceptual,0.9999999999999998
im65,plausible_alternative_colorization,huber_ab,0.9999999999999998
im65,plausible_alternative_colorization,gradient_ab,0.9999999999999998
im65,plausible_alternative_colorization,lpips_vgg,0.9999999999999998
im65,plausible_alternative_colorization,convnext_perceptual,0.9999999999999998
im65,plausible_alternative_colorization,dinov3_perceptual,0.9999999999999998
im66,wrong_hue,huber_ab,0.9999999999999998
im66,wrong_hue,gradient_ab,0.9999999999999998
im66,wrong_hue,lpips_vgg,0.9999999999999998
im66,wrong_hue,convnext_perceptual,0.9999999999999998
im66,wrong_hue,dinov3_perceptual,0.9999999999999998
im66,low_saturation,huber_ab,0.9999999999999998
im66,low_saturation,gradient_ab,0.9999999999999998
im66,low_saturation,lpips_vgg,0.9999999999999998
im66,low_saturation,convnext_perceptual,0.7999999999999998
im66,low_saturation,dinov3_perceptual,0.9999999999999998
im66,color_bleeding,huber_ab,0.9999999999999998
im66,color_bleeding,gradient_ab,0.9999999999999998
im66,color_bleeding,lpips_vgg,0.9999999999999998
im66,color_bleeding,convnext_perceptual,0.9999999999999998
im66,color_bleeding,dinov3_perceptual,0.9999999999999998
im66,subtle_color_error,huber_ab,0.9999999999999998
im66,subtle_color_error,gradient_ab,0.9999999999999998
im66,subtle_color_error,lpips_vgg,0.9999999999999998
im66,subtle_color_error,convnext_perceptual,0.9999999999999998
im66,subtle_color_error,dinov3_perceptual,0.9999999999999998
im66,semantically_wrong_color,huber_ab,0.9999999999999998
im66,semantically_wrong_color,gradient_ab,0.9999999999999998
im66,semantically_wrong_color,lpips_vgg,0.9999999999999998
im66,semantically_wrong_color,convnext_perceptual,0.3999999999999999
im66,semantically_wrong_color,dinov3_perceptual,0.9999999999999998
im66,plausible_alternative_colorization,huber_ab,0.9999999999999998
im66,plausible_alternative_colorization,gradient_ab,0.9999999999999998
im66,plausible_alternative_colorization,lpips_vgg,0.9999999999999998
im66,plausible_alternative_colorization,convnext_perceptual,0.3999999999999999
im66,plausible_alternative_colorization,dinov3_perceptual,0.9999999999999998
im68,wrong_hue,huber_ab,0.9999999999999998
im68,wrong_hue,gradient_ab,0.9999999999999998
im68,wrong_hue,lpips_vgg,0.9999999999999998
im68,wrong_hue,convnext_perceptual,0.9999999999999998
im68,wrong_hue,dinov3_perceptual,0.9999999999999998
im68,low_saturation,huber_ab,0.9999999999999998
im68,low_saturation,gradient_ab,0.9999999999999998
im68,low_saturation,lpips_vgg,0.9999999999999998
im68,low_saturation,convnext_perceptual,0.9999999999999998
im68,low_saturation,dinov3_perceptual,0.9999999999999998
im68,color_bleeding,huber_ab,0.9999999999999998
im68,color_bleeding,gradient_ab,0.9999999999999998
im68,color_bleeding,lpips_vgg,0.9999999999999998
im68,color_bleeding,convnext_perceptual,0.9999999999999998
im68,color_bleeding,dinov3_perceptual,0.9999999999999998
im68,subtle_color_error,huber_ab,0.9999999999999998
im68,subtle_color_error,gradient_ab,0.9999999999999998
im68,subtle_color_error,lpips_vgg,0.9999999999999998
im68,subtle_color_error,convnext_perceptual,0.9999999999999998
im68,subtle_color_error,dinov3_perceptual,0.9999999999999998
im68,semantically_wrong_color,huber_ab,0.9999999999999998
im68,semantically_wrong_color,gradient_ab,0.9999999999999998
im68,semantically_wrong_color,lpips_vgg,0.9999999999999998
im68,semantically_wrong_color,convnext_perceptual,0.9999999999999998
im68,semantically_wrong_color,dinov3_perceptual,0.9999999999999998
im68,plausible_alternative_colorization,huber_ab,0.9999999999999998
im68,plausible_alternative_colorization,gradient_ab,0.9999999999999998
im68,plausible_alternative_colorization,lpips_vgg,0.9999999999999998
im68,plausible_alternative_colorization,convnext_perceptual,0.9999999999999998
im68,plausible_alternative_colorization,dinov3_perceptual,0.9999999999999998
im70,wrong_hue,huber_ab,0.9999999999999998
im70,wrong_hue,gradient_ab,0.9999999999999998
im70,wrong_hue,lpips_vgg,0.9999999999999998
im70,wrong_hue,convnext_perceptual,0.7999999999999998
im70,wrong_hue,dinov3_perceptual,0.9999999999999998
im70,low_saturation,huber_ab,0.9999999999999998
im70,low_saturation,gradient_ab,0.9999999999999998
im70,low_saturation,lpips_vgg,0.9999999999999998
im70,low_saturation,convnext_perceptual,0.9999999999999998
im70,low_saturation,dinov3_perceptual,0.9999999999999998
im70,color_bleeding,huber_ab,0.9999999999999998
im70,color_bleeding,gradient_ab,0.9999999999999998
im70,color_bleeding,lpips_vgg,0.9999999999999998
im70,color_bleeding,convnext_perceptual,0.9999999999999998
im70,color_bleeding,dinov3_perceptual,0.9999999999999998
im70,subtle_color_error,huber_ab,0.9999999999999998
im70,subtle_color_error,gradient_ab,0.9999999999999998
im70,subtle_color_error,lpips_vgg,0.9999999999999998
im70,subtle_color_error,convnext_perceptual,0.9999999999999998
im70,subtle_color_error,dinov3_perceptual,0.9999999999999998
im70,semantically_wrong_color,huber_ab,0.9999999999999998
im70,semantically_wrong_color,gradient_ab,0.9999999999999998
im70,semantically_wrong_color,lpips_vgg,0.9999999999999998
im70,semantically_wrong_color,convnext_perceptual,0.9999999999999998
im70,semantically_wrong_color,dinov3_perceptual,0.9999999999999998
im70,plausible_alternative_colorization,huber_ab,0.9999999999999998
im70,plausible_alternative_colorization,gradient_ab,0.9999999999999998
im70,plausible_alternative_colorization,lpips_vgg,0.9999999999999998
im70,plausible_alternative_colorization,convnext_perceptual,0.9999999999999998
im70,plausible_alternative_colorization,dinov3_perceptual,0.9999999999999998
im71,wrong_hue,huber_ab,0.9999999999999998
im71,wrong_hue,gradient_ab,0.9999999999999998
im71,wrong_hue,lpips_vgg,0.9999999999999998
im71,wrong_hue,convnext_perceptual,0.7999999999999998
im71,wrong_hue,dinov3_perceptual,0.9999999999999998
im71,low_saturation,huber_ab,0.9999999999999998
im71,low_saturation,gradient_ab,0.9999999999999998
im71,low_saturation,lpips_vgg,0.9999999999999998
im71,low_saturation,convnext_perceptual,0.9999999999999998
im71,low_saturation,dinov3_perceptual,0.9999999999999998
im71,color_bleeding,huber_ab,0.9999999999999998
im71,color_bleeding,gradient_ab,0.9999999999999998
im71,color_bleeding,lpips_vgg,0.9999999999999998
im71,color_bleeding,convnext_perceptual,0.9999999999999998
im71,color_bleeding,dinov3_perceptual,0.9999999999999998
im71,subtle_color_error,huber_ab,0.9999999999999998
im71,subtle_color_error,gradient_ab,0.9999999999999998
im71,subtle_color_error,lpips_vgg,0.9999999999999998
im71,subtle_color_error,convnext_perceptual,0.9999999999999998
im71,subtle_color_error,dinov3_perceptual,0.9999999999999998
im71,semantically_wrong_color,huber_ab,0.9999999999999998
im71,semantically_wrong_color,gradient_ab,0.9999999999999998
im71,semantically_wrong_color,lpips_vgg,0.9999999999999998
im71,semantically_wrong_color,convnext_perceptual,0.9999999999999998
im71,semantically_wrong_color,dinov3_perceptual,0.9999999999999998
im71,plausible_alternative_colorization,huber_ab,0.9999999999999998
im71,plausible_alternative_colorization,gradient_ab,0.9999999999999998
im71,plausible_alternative_colorization,lpips_vgg,0.9999999999999998
im71,plausible_alternative_colorization,convnext_perceptual,0.9999999999999998
im71,plausible_alternative_colorization,dinov3_perceptual,0.9999999999999998
im72,wrong_hue,huber_ab,0.9999999999999998
im72,wrong_hue,gradient_ab,0.9999999999999998
im72,wrong_hue,lpips_vgg,0.9999999999999998
im72,wrong_hue,convnext_perceptual,0.9999999999999998
im72,wrong_hue,dinov3_perceptual,0.9999999999999998
im72,low_saturation,huber_ab,0.9999999999999998
im72,low_saturation,gradient_ab,0.9999999999999998
im72,low_saturation,lpips_vgg,0.9999999999999998
im72,low_saturation,convnext_perceptual,0.9999999999999998
im72,low_saturation,dinov3_perceptual,0.9999999999999998
im72,color_bleeding,huber_ab,0.9999999999999998
im72,color_bleeding,gradient_ab,0.9999999999999998
im72,color_bleeding,lpips_vgg,0.9999999999999998
im72,color_bleeding,convnext_perceptual,0.9999999999999998
im72,color_bleeding,dinov3_perceptual,0.9999999999999998
im72,subtle_color_error,huber_ab,0.9999999999999998
im72,subtle_color_error,gradient_ab,0.9999999999999998
im72,subtle_color_error,lpips_vgg,0.9999999999999998
im72,subtle_color_error,convnext_perceptual,0.9999999999999998
im72,subtle_color_error,dinov3_perceptual,0.9999999999999998
im72,semantically_wrong_color,huber_ab,0.9999999999999998
im72,semantically_wrong_color,gradient_ab,0.9999999999999998
im72,semantically_wrong_color,lpips_vgg,0.9999999999999998
im72,semantically_wrong_color,convnext_perceptual,0.9999999999999998
im72,semantically_wrong_color,dinov3_perceptual,0.9999999999999998
im72,plausible_alternative_colorization,huber_ab,0.9999999999999998
im72,plausible_alternative_colorization,gradient_ab,0.9999999999999998
im72,plausible_alternative_colorization,lpips_vgg,0.9999999999999998
im72,plausible_alternative_colorization,convnext_perceptual,0.7999999999999998
im72,plausible_alternative_colorization,dinov3_perceptual,0.9999999999999998
im73,wrong_hue,huber_ab,0.9999999999999998
im73,wrong_hue,gradient_ab,0.9999999999999998
im73,wrong_hue,lpips_vgg,0.9999999999999998
im73,wrong_hue,convnext_perceptual,0.9999999999999998
im73,wrong_hue,dinov3_perceptual,0.9999999999999998
im73,low_saturation,huber_ab,0.9999999999999998
im73,low_saturation,gradient_ab,0.9999999999999998
im73,low_saturation,lpips_vgg,0.9999999999999998
im73,low_saturation,convnext_perceptual,0.9999999999999998
im73,low_saturation,dinov3_perceptual,0.9999999999999998
im73,color_bleeding,huber_ab,0.9999999999999998
im73,color_bleeding,gradient_ab,0.9999999999999998
im73,color_bleeding,lpips_vgg,0.9999999999999998
im73,color_bleeding,convnext_perceptual,0.9999999999999998
im73,color_bleeding,dinov3_perceptual,0.9999999999999998
im73,subtle_color_error,huber_ab,0.9999999999999998
im73,subtle_color_error,gradient_ab,0.9999999999999998
im73,subtle_color_error,lpips_vgg,0.9999999999999998
im73,subtle_color_error,convnext_perceptual,0.9999999999999998
im73,subtle_color_error,dinov3_perceptual,0.9999999999999998
im73,semantically_wrong_color,huber_ab,0.9999999999999998
im73,semantically_wrong_color,gradient_ab,0.9999999999999998
im73,semantically_wrong_color,lpips_vgg,0.9999999999999998
im73,semantically_wrong_color,convnext_perceptual,0.9999999999999998
im73,semantically_wrong_color,dinov3_perceptual,0.9999999999999998
im73,plausible_alternative_colorization,huber_ab,0.9999999999999998
im73,plausible_alternative_colorization,gradient_ab,0.9999999999999998
im73,plausible_alternative_colorization,lpips_vgg,0.9999999999999998
im73,plausible_alternative_colorization,convnext_perceptual,0.9999999999999998
im73,plausible_alternative_colorization,dinov3_perceptual,0.9999999999999998
im74,wrong_hue,huber_ab,0.9999999999999998
im74,wrong_hue,gradient_ab,0.9999999999999998
im74,wrong_hue,lpips_vgg,0.9999999999999998
im74,wrong_hue,convnext_perceptual,0.9999999999999998
im74,wrong_hue,dinov3_perceptual,0.9999999999999998
im74,low_saturation,huber_ab,0.9999999999999998
im74,low_saturation,gradient_ab,0.9999999999999998
im74,low_saturation,lpips_vgg,0.9999999999999998
im74,low_saturation,convnext_perceptual,0.9999999999999998
im74,low_saturation,dinov3_perceptual,0.9999999999999998
im74,color_bleeding,huber_ab,0.9999999999999998
im74,color_bleeding,gradient_ab,0.9999999999999998
im74,color_bleeding,lpips_vgg,0.9999999999999998
im74,color_bleeding,convnext_perceptual,0.9999999999999998
im74,color_bleeding,dinov3_perceptual,0.9999999999999998
im74,subtle_color_error,huber_ab,0.9999999999999998
im74,subtle_color_error,gradient_ab,0.9999999999999998
im74,subtle_color_error,lpips_vgg,0.9999999999999998
im74,subtle_color_error,convnext_perceptual,0.9999999999999998
im74,subtle_color_error,dinov3_perceptual,0.9999999999999998
im74,semantically_wrong_color,huber_ab,0.9999999999999998
im74,semantically_wrong_color,gradient_ab,0.9999999999999998
im74,semantically_wrong_color,lpips_vgg,0.9999999999999998
im74,semantically_wrong_color,convnext_perceptual,0.9999999999999998
im74,semantically_wrong_color,dinov3_perceptual,0.9999999999999998
im74,plausible_alternative_colorization,huber_ab,0.9999999999999998
im74,plausible_alternative_colorization,gradient_ab,0.9999999999999998
im74,plausible_alternative_colorization,lpips_vgg,0.9999999999999998
im74,plausible_alternative_colorization,convnext_perceptual,0.9999999999999998
im74,plausible_alternative_colorization,dinov3_perceptual,0.9999999999999998
im75,wrong_hue,huber_ab,0.9999999999999998
im75,wrong_hue,gradient_ab,0.9999999999999998
im75,wrong_hue,lpips_vgg,0.9999999999999998
im75,wrong_hue,convnext_perceptual,0.7999999999999998
im75,wrong_hue,dinov3_perceptual,0.9999999999999998
im75,low_saturation,huber_ab,0.9999999999999998
im75,low_saturation,gradient_ab,0.9999999999999998
im75,low_saturation,lpips_vgg,0.9999999999999998
im75,low_saturation,convnext_perceptual,0.9999999999999998
im75,low_saturation,dinov3_perceptual,0.9999999999999998
im75,color_bleeding,huber_ab,0.9999999999999998
im75,color_bleeding,gradient_ab,0.9999999999999998
im75,color_bleeding,lpips_vgg,0.9999999999999998
im75,color_bleeding,convnext_perceptual,0.9999999999999998
im75,color_bleeding,dinov3_perceptual,0.9999999999999998
im75,subtle_color_error,huber_ab,0.9999999999999998
im75,subtle_color_error,gradient_ab,0.9999999999999998
im75,subtle_color_error,lpips_vgg,0.9999999999999998
im75,subtle_color_error,convnext_perceptual,0.9999999999999998
im75,subtle_color_error,dinov3_perceptual,0.9999999999999998
im75,semantically_wrong_color,huber_ab,0.9999999999999998
im75,semantically_wrong_color,gradient_ab,0.9999999999999998
im75,semantically_wrong_color,lpips_vgg,0.9999999999999998
im75,semantically_wrong_color,convnext_perceptual,0.9999999999999998
im75,semantically_wrong_color,dinov3_perceptual,0.9999999999999998
im75,plausible_alternative_colorization,huber_ab,0.9999999999999998
im75,plausible_alternative_colorization,gradient_ab,0.9999999999999998
im75,plausible_alternative_colorization,lpips_vgg,0.9999999999999998
im75,plausible_alternative_colorization,convnext_perceptual,0.7999999999999998
im75,plausible_alternative_colorization,dinov3_perceptual,0.9999999999999998
im76,wrong_hue,huber_ab,0.9999999999999998
im76,wrong_hue,gradient_ab,0.9999999999999998
im76,wrong_hue,lpips_vgg,0.9999999999999998
im76,wrong_hue,convnext_perceptual,0.9999999999999998
im76,wrong_hue,dinov3_perceptual,0.9999999999999998
im76,low_saturation,huber_ab,0.9999999999999998
im76,low_saturation,gradient_ab,0.9999999999999998
im76,low_saturation,lpips_vgg,0.9999999999999998
im76,low_saturation,convnext_perceptual,0.9999999999999998
im76,low_saturation,dinov3_perceptual,0.9999999999999998
im76,color_bleeding,huber_ab,0.9999999999999998
im76,color_bleeding,gradient_ab,0.9999999999999998
im76,color_bleeding,lpips_vgg,0.9999999999999998
im76,color_bleeding,convnext_perceptual,0.9999999999999998
im76,color_bleeding,dinov3_perceptual,0.9999999999999998
im76,subtle_color_error,huber_ab,0.9999999999999998
im76,subtle_color_error,gradient_ab,0.9999999999999998
im76,subtle_color_error,lpips_vgg,0.9999999999999998
im76,subtle_color_error,convnext_perceptual,0.9999999999999998
im76,subtle_color_error,dinov3_perceptual,0.9999999999999998
im76,semantically_wrong_color,huber_ab,0.9999999999999998
im76,semantically_wrong_color,gradient_ab,0.9999999999999998
im76,semantically_wrong_color,lpips_vgg,0.9999999999999998
im76,semantically_wrong_color,convnext_perceptual,0.9999999999999998
im76,semantically_wrong_color,dinov3_perceptual,0.9999999999999998
im76,plausible_alternative_colorization,huber_ab,0.9999999999999998
im76,plausible_alternative_colorization,gradient_ab,0.9999999999999998
im76,plausible_alternative_colorization,lpips_vgg,0.9999999999999998
im76,plausible_alternative_colorization,convnext_perceptual,0.9999999999999998
im76,plausible_alternative_colorization,dinov3_perceptual,0.9999999999999998
im77,wrong_hue,huber_ab,0.9999999999999998
im77,wrong_hue,gradient_ab,0.9999999999999998
im77,wrong_hue,lpips_vgg,0.9999999999999998
im77,wrong_hue,convnext_perceptual,0.9999999999999998
im77,wrong_hue,dinov3_perceptual,0.9999999999999998
im77,low_saturation,huber_ab,0.9999999999999998
im77,low_saturation,gradient_ab,0.9999999999999998
im77,low_saturation,lpips_vgg,0.9999999999999998
im77,low_saturation,convnext_perceptual,0.7999999999999998
im77,low_saturation,dinov3_perceptual,0.9999999999999998
im77,color_bleeding,huber_ab,0.9999999999999998
im77,color_bleeding,gradient_ab,0.9999999999999998
im77,color_bleeding,lpips_vgg,0.9999999999999998
im77,color_bleeding,convnext_perceptual,0.9999999999999998
im77,color_bleeding,dinov3_perceptual,0.9999999999999998
im77,subtle_color_error,huber_ab,0.9999999999999998
im77,subtle_color_error,gradient_ab,0.9999999999999998
im77,subtle_color_error,lpips_vgg,0.9999999999999998
im77,subtle_color_error,convnext_perceptual,0.9999999999999998
im77,subtle_color_error,dinov3_perceptual,0.9999999999999998
im77,semantically_wrong_color,huber_ab,0.9999999999999998
im77,semantically_wrong_color,gradient_ab,0.9999999999999998
im77,semantically_wrong_color,lpips_vgg,0.9999999999999998
im77,semantically_wrong_color,convnext_perceptual,0.3999999999999999
im77,semantically_wrong_color,dinov3_perceptual,0.9999999999999998
im77,plausible_alternative_colorization,huber_ab,0.9999999999999998
im77,plausible_alternative_colorization,gradient_ab,0.9999999999999998
im77,plausible_alternative_colorization,lpips_vgg,0.9999999999999998
im77,plausible_alternative_colorization,convnext_perceptual,0.9999999999999998
im77,plausible_alternative_colorization,dinov3_perceptual,0.9999999999999998
im78,wrong_hue,huber_ab,0.9999999999999998
im78,wrong_hue,gradient_ab,0.9999999999999998
im78,wrong_hue,lpips_vgg,0.9999999999999998
im78,wrong_hue,convnext_perceptual,0.9999999999999998
im78,wrong_hue,dinov3_perceptual,0.9999999999999998
im78,low_saturation,huber_ab,0.9999999999999998
im78,low_saturation,gradient_ab,0.9999999999999998
im78,low_saturation,lpips_vgg,0.9999999999999998
im78,low_saturation,convnext_perceptual,0.9999999999999998
im78,low_saturation,dinov3_perceptual,0.9999999999999998
im78,color_bleeding,huber_ab,0.9999999999999998
im78,color_bleeding,gradient_ab,0.9999999999999998
im78,color_bleeding,lpips_vgg,0.9999999999999998
im78,color_bleeding,convnext_perceptual,0.9999999999999998
im78,color_bleeding,dinov3_perceptual,0.9999999999999998
im78,subtle_color_error,huber_ab,0.9999999999999998
im78,subtle_color_error,gradient_ab,0.9999999999999998
im78,subtle_color_error,lpips_vgg,0.9999999999999998
im78,subtle_color_error,convnext_perceptual,0.9999999999999998
im78,subtle_color_error,dinov3_perceptual,0.9999999999999998
im78,semantically_wrong_color,huber_ab,0.9999999999999998
im78,semantically_wrong_color,gradient_ab,0.9999999999999998
im78,semantically_wrong_color,lpips_vgg,0.9999999999999998
im78,semantically_wrong_color,convnext_perceptual,0.9999999999999998
im78,semantically_wrong_color,dinov3_perceptual,0.9999999999999998
im78,plausible_alternative_colorization,huber_ab,0.9999999999999998
im78,plausible_alternative_colorization,gradient_ab,0.9999999999999998
im78,plausible_alternative_colorization,lpips_vgg,0.9999999999999998
im78,plausible_alternative_colorization,convnext_perceptual,0.9999999999999998
im78,plausible_alternative_colorization,dinov3_perceptual,0.9999999999999998
im79,wrong_hue,huber_ab,0.9999999999999998
im79,wrong_hue,gradient_ab,0.9999999999999998
im79,wrong_hue,lpips_vgg,0.9999999999999998
im79,wrong_hue,convnext_perceptual,0.9999999999999998
im79,wrong_hue,dinov3_perceptual,0.9999999999999998
im79,low_saturation,huber_ab,0.9999999999999998
im79,low_saturation,gradient_ab,0.9999999999999998
im79,low_saturation,lpips_vgg,0.9999999999999998
im79,low_saturation,convnext_perceptual,0.7999999999999998
im79,low_saturation,dinov3_perceptual,0.9999999999999998
im79,color_bleeding,huber_ab,0.9999999999999998
im79,color_bleeding,gradient_ab,0.9999999999999998
im79,color_bleeding,lpips_vgg,0.9999999999999998
im79,color_bleeding,convnext_perceptual,0.9999999999999998
im79,color_bleeding,dinov3_perceptual,0.9999999999999998
im79,subtle_color_error,huber_ab,0.9999999999999998
im79,subtle_color_error,gradient_ab,0.9999999999999998
im79,subtle_color_error,lpips_vgg,0.9999999999999998
im79,subtle_color_error,convnext_perceptual,0.9999999999999998
im79,subtle_color_error,dinov3_perceptual,0.9999999999999998
im79,semantically_wrong_color,huber_ab,0.9999999999999998
im79,semantically_wrong_color,gradient_ab,0.9999999999999998
im79,semantically_wrong_color,lpips_vgg,0.9999999999999998
im79,semantically_wrong_color,convnext_perceptual,0.9999999999999998
im79,semantically_wrong_color,dinov3_perceptual,0.9999999999999998
im79,plausible_alternative_colorization,huber_ab,0.9999999999999998
im79,plausible_alternative_colorization,gradient_ab,0.9999999999999998
im79,plausible_alternative_colorization,lpips_vgg,0.9999999999999998
im79,plausible_alternative_colorization,convnext_perceptual,0.9999999999999998
im79,plausible_alternative_colorization,dinov3_perceptual,0.9999999999999998
im8,wrong_hue,huber_ab,0.9999999999999998
im8,wrong_hue,gradient_ab,0.9999999999999998
im8,wrong_hue,lpips_vgg,0.9999999999999998
im8,wrong_hue,convnext_perceptual,0.9999999999999998
im8,wrong_hue,dinov3_perceptual,0.9999999999999998
im8,low_saturation,huber_ab,0.9999999999999998
im8,low_saturation,gradient_ab,0.9999999999999998
im8,low_saturation,lpips_vgg,0.9999999999999998
im8,low_saturation,convnext_perceptual,0.9999999999999998
im8,low_saturation,dinov3_perceptual,0.9999999999999998
im8,color_bleeding,huber_ab,0.9999999999999998
im8,color_bleeding,gradient_ab,0.9999999999999998
im8,color_bleeding,lpips_vgg,0.9999999999999998
im8,color_bleeding,convnext_perceptual,0.9999999999999998
im8,color_bleeding,dinov3_perceptual,0.9999999999999998
im8,subtle_color_error,huber_ab,0.9999999999999998
im8,subtle_color_error,gradient_ab,0.9999999999999998
im8,subtle_color_error,lpips_vgg,0.9999999999999998
im8,subtle_color_error,convnext_perceptual,0.9999999999999998
im8,subtle_color_error,dinov3_perceptual,0.9999999999999998
im8,semantically_wrong_color,huber_ab,0.9999999999999998
im8,semantically_wrong_color,gradient_ab,0.9999999999999998
im8,semantically_wrong_color,lpips_vgg,0.9999999999999998
im8,semantically_wrong_color,convnext_perceptual,0.9999999999999998
im8,semantically_wrong_color,dinov3_perceptual,0.9999999999999998
im8,plausible_alternative_colorization,huber_ab,0.9999999999999998
im8,plausible_alternative_colorization,gradient_ab,0.9999999999999998
im8,plausible_alternative_colorization,lpips_vgg,0.9999999999999998
im8,plausible_alternative_colorization,convnext_perceptual,0.9999999999999998
im8,plausible_alternative_colorization,dinov3_perceptual,0.9999999999999998
im80,wrong_hue,huber_ab,0.9999999999999998
im80,wrong_hue,gradient_ab,0.9999999999999998
im80,wrong_hue,lpips_vgg,0.9999999999999998
im80,wrong_hue,convnext_perceptual,0.9999999999999998
im80,wrong_hue,dinov3_perceptual,0.9999999999999998
im80,low_saturation,huber_ab,0.9999999999999998
im80,low_saturation,gradient_ab,0.9999999999999998
im80,low_saturation,lpips_vgg,0.9999999999999998
im80,low_saturation,convnext_perceptual,0.9999999999999998
im80,low_saturation,dinov3_perceptual,0.9999999999999998
im80,color_bleeding,huber_ab,0.9999999999999998
im80,color_bleeding,gradient_ab,0.9999999999999998
im80,color_bleeding,lpips_vgg,0.9999999999999998
im80,color_bleeding,convnext_perceptual,0.9999999999999998
im80,color_bleeding,dinov3_perceptual,0.9999999999999998
im80,subtle_color_error,huber_ab,0.9999999999999998
im80,subtle_color_error,gradient_ab,0.9999999999999998
im80,subtle_color_error,lpips_vgg,0.9999999999999998
im80,subtle_color_error,convnext_perceptual,0.9999999999999998
im80,subtle_color_error,dinov3_perceptual,0.9999999999999998
im80,semantically_wrong_color,huber_ab,0.9999999999999998
im80,semantically_wrong_color,gradient_ab,0.9999999999999998
im80,semantically_wrong_color,lpips_vgg,0.9999999999999998
im80,semantically_wrong_color,convnext_perceptual,0.9999999999999998
im80,semantically_wrong_color,dinov3_perceptual,0.9999999999999998
im80,plausible_alternative_colorization,huber_ab,0.9999999999999998
im80,plausible_alternative_colorization,gradient_ab,0.9999999999999998
im80,plausible_alternative_colorization,lpips_vgg,0.9999999999999998
im80,plausible_alternative_colorization,convnext_perceptual,0.3999999999999999
im80,plausible_alternative_colorization,dinov3_perceptual,0.9999999999999998
im81,wrong_hue,huber_ab,0.9999999999999998
im81,wrong_hue,gradient_ab,0.9999999999999998
im81,wrong_hue,lpips_vgg,0.9999999999999998
im81,wrong_hue,convnext_perceptual,0.9999999999999998
im81,wrong_hue,dinov3_perceptual,0.9999999999999998
im81,low_saturation,huber_ab,0.9999999999999998
im81,low_saturation,gradient_ab,0.9999999999999998
im81,low_saturation,lpips_vgg,0.9999999999999998
im81,low_saturation,convnext_perceptual,0.9999999999999998
im81,low_saturation,dinov3_perceptual,0.9999999999999998
im81,color_bleeding,huber_ab,0.9999999999999998
im81,color_bleeding,gradient_ab,0.9999999999999998
im81,color_bleeding,lpips_vgg,0.9999999999999998
im81,color_bleeding,convnext_perceptual,0.9999999999999998
im81,color_bleeding,dinov3_perceptual,0.9999999999999998
im81,subtle_color_error,huber_ab,0.9999999999999998
im81,subtle_color_error,gradient_ab,0.9999999999999998
im81,subtle_color_error,lpips_vgg,0.9999999999999998
im81,subtle_color_error,convnext_perceptual,0.9999999999999998
im81,subtle_color_error,dinov3_perceptual,0.9999999999999998
im81,semantically_wrong_color,huber_ab,0.9999999999999998
im81,semantically_wrong_color,gradient_ab,0.9999999999999998
im81,semantically_wrong_color,lpips_vgg,0.9999999999999998
im81,semantically_wrong_color,convnext_perceptual,0.9999999999999998
im81,semantically_wrong_color,dinov3_perceptual,0.9999999999999998
im81,plausible_alternative_colorization,huber_ab,0.9999999999999998
im81,plausible_alternative_colorization,gradient_ab,0.9999999999999998
im81,plausible_alternative_colorization,lpips_vgg,0.9999999999999998
im81,plausible_alternative_colorization,convnext_perceptual,0.9999999999999998
im81,plausible_alternative_colorization,dinov3_perceptual,0.9999999999999998
im82,wrong_hue,huber_ab,0.9999999999999998
im82,wrong_hue,gradient_ab,0.9999999999999998
im82,wrong_hue,lpips_vgg,0.9999999999999998
im82,wrong_hue,convnext_perceptual,0.9999999999999998
im82,wrong_hue,dinov3_perceptual,0.9999999999999998
im82,low_saturation,huber_ab,0.9999999999999998
im82,low_saturation,gradient_ab,0.9999999999999998
im82,low_saturation,lpips_vgg,0.9999999999999998
im82,low_saturation,convnext_perceptual,0.9999999999999998
im82,low_saturation,dinov3_perceptual,0.9999999999999998
im82,color_bleeding,huber_ab,0.9999999999999998
im82,color_bleeding,gradient_ab,0.9999999999999998
im82,color_bleeding,lpips_vgg,0.9999999999999998
im82,color_bleeding,convnext_perceptual,0.9999999999999998
im82,color_bleeding,dinov3_perceptual,0.9999999999999998
im82,subtle_color_error,huber_ab,0.9999999999999998
im82,subtle_color_error,gradient_ab,0.9999999999999998
im82,subtle_color_error,lpips_vgg,0.9999999999999998
im82,subtle_color_error,convnext_perceptual,0.9999999999999998
im82,subtle_color_error,dinov3_perceptual,0.9999999999999998
im82,semantically_wrong_color,huber_ab,0.9999999999999998
im82,semantically_wrong_color,gradient_ab,0.9999999999999998
im82,semantically_wrong_color,lpips_vgg,0.9999999999999998
im82,semantically_wrong_color,convnext_perceptual,0.9999999999999998
im82,semantically_wrong_color,dinov3_perceptual,0.9999999999999998
im82,plausible_alternative_colorization,huber_ab,0.9999999999999998
im82,plausible_alternative_colorization,gradient_ab,0.9999999999999998
im82,plausible_alternative_colorization,lpips_vgg,0.9999999999999998
im82,plausible_alternative_colorization,convnext_perceptual,0.9999999999999998
im82,plausible_alternative_colorization,dinov3_perceptual,0.9999999999999998
im83,wrong_hue,huber_ab,0.9999999999999998
im83,wrong_hue,gradient_ab,0.9999999999999998
im83,wrong_hue,lpips_vgg,0.9999999999999998
im83,wrong_hue,convnext_perceptual,0.9999999999999998
im83,wrong_hue,dinov3_perceptual,0.9999999999999998
im83,low_saturation,huber_ab,0.9999999999999998
im83,low_saturation,gradient_ab,0.9999999999999998
im83,low_saturation,lpips_vgg,0.9999999999999998
im83,low_saturation,convnext_perceptual,0.9999999999999998
im83,low_saturation,dinov3_perceptual,0.9999999999999998
im83,color_bleeding,huber_ab,0.9999999999999998
im83,color_bleeding,gradient_ab,0.9999999999999998
im83,color_bleeding,lpips_vgg,0.9999999999999998
im83,color_bleeding,convnext_perceptual,0.9999999999999998
im83,color_bleeding,dinov3_perceptual,0.9999999999999998
im83,subtle_color_error,huber_ab,0.9999999999999998
im83,subtle_color_error,gradient_ab,0.9999999999999998
im83,subtle_color_error,lpips_vgg,0.9999999999999998
im83,subtle_color_error,convnext_perceptual,0.9999999999999998
im83,subtle_color_error,dinov3_perceptual,0.9999999999999998
im83,semantically_wrong_color,huber_ab,0.9999999999999998
im83,semantically_wrong_color,gradient_ab,0.9999999999999998
im83,semantically_wrong_color,lpips_vgg,0.9999999999999998
im83,semantically_wrong_color,convnext_perceptual,0.9999999999999998
im83,semantically_wrong_color,dinov3_perceptual,0.9999999999999998
im83,plausible_alternative_colorization,huber_ab,0.9999999999999998
im83,plausible_alternative_colorization,gradient_ab,0.9999999999999998
im83,plausible_alternative_colorization,lpips_vgg,0.9999999999999998
im83,plausible_alternative_colorization,convnext_perceptual,0.7999999999999998
im83,plausible_alternative_colorization,dinov3_perceptual,0.9999999999999998
im86,wrong_hue,huber_ab,0.9999999999999998
im86,wrong_hue,gradient_ab,0.9999999999999998
im86,wrong_hue,lpips_vgg,0.9999999999999998
im86,wrong_hue,convnext_perceptual,0.7999999999999998
im86,wrong_hue,dinov3_perceptual,0.9999999999999998
im86,low_saturation,huber_ab,0.9999999999999998
im86,low_saturation,gradient_ab,0.9999999999999998
im86,low_saturation,lpips_vgg,0.9999999999999998
im86,low_saturation,convnext_perceptual,0.9999999999999998
im86,low_saturation,dinov3_perceptual,0.9999999999999998
im86,color_bleeding,huber_ab,0.9999999999999998
im86,color_bleeding,gradient_ab,0.9999999999999998
im86,color_bleeding,lpips_vgg,0.9999999999999998
im86,color_bleeding,convnext_perceptual,0.9999999999999998
im86,color_bleeding,dinov3_perceptual,0.9999999999999998
im86,subtle_color_error,huber_ab,0.9999999999999998
im86,subtle_color_error,gradient_ab,0.9999999999999998
im86,subtle_color_error,lpips_vgg,0.9999999999999998
im86,subtle_color_error,convnext_perceptual,0.9999999999999998
im86,subtle_color_error,dinov3_perceptual,0.9999999999999998
im86,semantically_wrong_color,huber_ab,0.9999999999999998
im86,semantically_wrong_color,gradient_ab,0.9999999999999998
im86,semantically_wrong_color,lpips_vgg,0.9999999999999998
im86,semantically_wrong_color,convnext_perceptual,0.3999999999999999
im86,semantically_wrong_color,dinov3_perceptual,0.9999999999999998
im86,plausible_alternative_colorization,huber_ab,0.9999999999999998
im86,plausible_alternative_colorization,gradient_ab,0.9999999999999998
im86,plausible_alternative_colorization,lpips_vgg,0.9999999999999998
im86,plausible_alternative_colorization,convnext_perceptual,0.9999999999999998
im86,plausible_alternative_colorization,dinov3_perceptual,0.9999999999999998
im87,wrong_hue,huber_ab,0.9999999999999998
im87,wrong_hue,gradient_ab,0.9999999999999998
im87,wrong_hue,lpips_vgg,0.9999999999999998
im87,wrong_hue,convnext_perceptual,0.9999999999999998
im87,wrong_hue,dinov3_perceptual,0.9999999999999998
im87,low_saturation,huber_ab,0.9999999999999998
im87,low_saturation,gradient_ab,0.9999999999999998
im87,low_saturation,lpips_vgg,0.9999999999999998
im87,low_saturation,convnext_perceptual,0.9999999999999998
im87,low_saturation,dinov3_perceptual,0.9999999999999998
im87,color_bleeding,huber_ab,0.9999999999999998
im87,color_bleeding,gradient_ab,0.9999999999999998
im87,color_bleeding,lpips_vgg,0.9999999999999998
im87,color_bleeding,convnext_perceptual,0.9999999999999998
im87,color_bleeding,dinov3_perceptual,0.9999999999999998
im87,subtle_color_error,huber_ab,0.9999999999999998
im87,subtle_color_error,gradient_ab,0.9999999999999998
im87,subtle_color_error,lpips_vgg,0.9999999999999998
im87,subtle_color_error,convnext_perceptual,0.9999999999999998
im87,subtle_color_error,dinov3_perceptual,0.9999999999999998
im87,semantically_wrong_color,huber_ab,0.9999999999999998
im87,semantically_wrong_color,gradient_ab,0.9999999999999998
im87,semantically_wrong_color,lpips_vgg,0.9999999999999998
im87,semantically_wrong_color,convnext_perceptual,0.9999999999999998
im87,semantically_wrong_color,dinov3_perceptual,0.9999999999999998
im87,plausible_alternative_colorization,huber_ab,0.9999999999999998
im87,plausible_alternative_colorization,gradient_ab,0.9999999999999998
im87,plausible_alternative_colorization,lpips_vgg,0.9999999999999998
im87,plausible_alternative_colorization,convnext_perceptual,0.7999999999999998
im87,plausible_alternative_colorization,dinov3_perceptual,0.9999999999999998
im9,wrong_hue,huber_ab,0.9999999999999998
im9,wrong_hue,gradient_ab,0.9999999999999998
im9,wrong_hue,lpips_vgg,0.9999999999999998
im9,wrong_hue,convnext_perceptual,0.9999999999999998
im9,wrong_hue,dinov3_perceptual,0.9999999999999998
im9,low_saturation,huber_ab,0.9999999999999998
im9,low_saturation,gradient_ab,0.9999999999999998
im9,low_saturation,lpips_vgg,0.9999999999999998
im9,low_saturation,convnext_perceptual,0.9999999999999998
im9,low_saturation,dinov3_perceptual,0.9999999999999998
im9,color_bleeding,huber_ab,0.9999999999999998
im9,color_bleeding,gradient_ab,0.9999999999999998
im9,color_bleeding,lpips_vgg,0.9999999999999998
im9,color_bleeding,convnext_perceptual,0.9999999999999998
im9,color_bleeding,dinov3_perceptual,0.9999999999999998
im9,subtle_color_error,huber_ab,0.9999999999999998
im9,subtle_color_error,gradient_ab,0.9999999999999998
im9,subtle_color_error,lpips_vgg,0.9999999999999998
im9,subtle_color_error,convnext_perceptual,0.9999999999999998
im9,subtle_color_error,dinov3_perceptual,0.9999999999999998
im9,semantically_wrong_color,huber_ab,0.9999999999999998
im9,semantically_wrong_color,gradient_ab,0.9999999999999998
im9,semantically_wrong_color,lpips_vgg,0.9999999999999998
im9,semantically_wrong_color,convnext_perceptual,0.9999999999999998
im9,semantically_wrong_color,dinov3_perceptual,0.9999999999999998
im9,plausible_alternative_colorization,huber_ab,0.9999999999999998
im9,plausible_alternative_colorization,gradient_ab,0.9999999999999998
im9,plausible_alternative_colorization,lpips_vgg,0.9999999999999998
im9,plausible_alternative_colorization,convnext_perceptual,0.9999999999999998
im9,plausible_alternative_colorization,dinov3_perceptual,0.9999999999999998
im90,wrong_hue,huber_ab,0.9999999999999998
im90,wrong_hue,gradient_ab,0.9999999999999998
im90,wrong_hue,lpips_vgg,0.9999999999999998
im90,wrong_hue,convnext_perceptual,0.9999999999999998
im90,wrong_hue,dinov3_perceptual,0.9999999999999998
im90,low_saturation,huber_ab,0.9999999999999998
im90,low_saturation,gradient_ab,0.9999999999999998
im90,low_saturation,lpips_vgg,0.9999999999999998
im90,low_saturation,convnext_perceptual,0.3999999999999999
im90,low_saturation,dinov3_perceptual,0.9999999999999998
im90,color_bleeding,huber_ab,0.9999999999999998
im90,color_bleeding,gradient_ab,0.9999999999999998
im90,color_bleeding,lpips_vgg,0.9999999999999998
im90,color_bleeding,convnext_perceptual,0.9999999999999998
im90,color_bleeding,dinov3_perceptual,0.9999999999999998
im90,subtle_color_error,huber_ab,0.9999999999999998
im90,subtle_color_error,gradient_ab,0.9999999999999998
im90,subtle_color_error,lpips_vgg,0.9999999999999998
im90,subtle_color_error,convnext_perceptual,0.9999999999999998
im90,subtle_color_error,dinov3_perceptual,0.9999999999999998
im90,semantically_wrong_color,huber_ab,0.9999999999999998
im90,semantically_wrong_color,gradient_ab,0.9999999999999998
im90,semantically_wrong_color,lpips_vgg,0.9999999999999998
im90,semantically_wrong_color,convnext_perceptual,0.9999999999999998
im90,semantically_wrong_color,dinov3_perceptual,0.9999999999999998
im90,plausible_alternative_colorization,huber_ab,0.9999999999999998
im90,plausible_alternative_colorization,gradient_ab,0.9999999999999998
im90,plausible_alternative_colorization,lpips_vgg,0.9999999999999998
im90,plausible_alternative_colorization,convnext_perceptual,0.9999999999999998
im90,plausible_alternative_colorization,dinov3_perceptual,0.9999999999999998
im91,wrong_hue,huber_ab,0.9999999999999998
im91,wrong_hue,gradient_ab,0.9999999999999998
im91,wrong_hue,lpips_vgg,0.9999999999999998
im91,wrong_hue,convnext_perceptual,0.9999999999999998
im91,wrong_hue,dinov3_perceptual,0.9999999999999998
im91,low_saturation,huber_ab,0.9999999999999998
im91,low_saturation,gradient_ab,0.9999999999999998
im91,low_saturation,lpips_vgg,0.9999999999999998
im91,low_saturation,convnext_perceptual,0.9999999999999998
im91,low_saturation,dinov3_perceptual,0.9999999999999998
im91,color_bleeding,huber_ab,0.9999999999999998
im91,color_bleeding,gradient_ab,0.9999999999999998
im91,color_bleeding,lpips_vgg,0.9999999999999998
im91,color_bleeding,convnext_perceptual,0.9999999999999998
im91,color_bleeding,dinov3_perceptual,0.9999999999999998
im91,subtle_color_error,huber_ab,0.9999999999999998
im91,subtle_color_error,gradient_ab,0.9999999999999998
im91,subtle_color_error,lpips_vgg,0.9999999999999998
im91,subtle_color_error,convnext_perceptual,0.9999999999999998
im91,subtle_color_error,dinov3_perceptual,0.9999999999999998
im91,semantically_wrong_color,huber_ab,0.9999999999999998
im91,semantically_wrong_color,gradient_ab,0.9999999999999998
im91,semantically_wrong_color,lpips_vgg,0.9999999999999998
im91,semantically_wrong_color,convnext_perceptual,0.9999999999999998
im91,semantically_wrong_color,dinov3_perceptual,0.9999999999999998
im91,plausible_alternative_colorization,huber_ab,0.9999999999999998
im91,plausible_alternative_colorization,gradient_ab,0.9999999999999998
im91,plausible_alternative_colorization,lpips_vgg,0.9999999999999998
im91,plausible_alternative_colorization,convnext_perceptual,0.7999999999999998
im91,plausible_alternative_colorization,dinov3_perceptual,0.9999999999999998
im92,wrong_hue,huber_ab,0.9999999999999998
im92,wrong_hue,gradient_ab,0.9999999999999998
im92,wrong_hue,lpips_vgg,0.9999999999999998
im92,wrong_hue,convnext_perceptual,0.9999999999999998
im92,wrong_hue,dinov3_perceptual,0.9999999999999998
im92,low_saturation,huber_ab,0.9999999999999998
im92,low_saturation,gradient_ab,0.9999999999999998
im92,low_saturation,lpips_vgg,0.9999999999999998
im92,low_saturation,convnext_perceptual,0.9999999999999998
im92,low_saturation,dinov3_perceptual,0.9999999999999998
im92,color_bleeding,huber_ab,0.9999999999999998
im92,color_bleeding,gradient_ab,0.9999999999999998
im92,color_bleeding,lpips_vgg,0.9999999999999998
im92,color_bleeding,convnext_perceptual,0.9999999999999998
im92,color_bleeding,dinov3_perceptual,0.9999999999999998
im92,subtle_color_error,huber_ab,0.9999999999999998
im92,subtle_color_error,gradient_ab,0.9999999999999998
im92,subtle_color_error,lpips_vgg,0.9999999999999998
im92,subtle_color_error,convnext_perceptual,0.9999999999999998
im92,subtle_color_error,dinov3_perceptual,0.9999999999999998
im92,semantically_wrong_color,huber_ab,0.9999999999999998
im92,semantically_wrong_color,gradient_ab,0.9999999999999998
im92,semantically_wrong_color,lpips_vgg,0.9999999999999998
im92,semantically_wrong_color,convnext_perceptual,0.9999999999999998
im92,semantically_wrong_color,dinov3_perceptual,0.9999999999999998
im92,plausible_alternative_colorization,huber_ab,0.9999999999999998
im92,plausible_alternative_colorization,gradient_ab,0.9999999999999998
im92,plausible_alternative_colorization,lpips_vgg,0.9999999999999998
im92,plausible_alternative_colorization,convnext_perceptual,0.3999999999999999
im92,plausible_alternative_colorization,dinov3_perceptual,0.9999999999999998
im93,wrong_hue,huber_ab,0.9999999999999998
im93,wrong_hue,gradient_ab,0.9999999999999998
im93,wrong_hue,lpips_vgg,0.9999999999999998
im93,wrong_hue,convnext_perceptual,0.9999999999999998
im93,wrong_hue,dinov3_perceptual,0.9999999999999998
im93,low_saturation,huber_ab,0.9999999999999998
im93,low_saturation,gradient_ab,0.9999999999999998
im93,low_saturation,lpips_vgg,0.9999999999999998
im93,low_saturation,convnext_perceptual,0.9999999999999998
im93,low_saturation,dinov3_perceptual,0.9999999999999998
im93,color_bleeding,huber_ab,0.9999999999999998
im93,color_bleeding,gradient_ab,0.9999999999999998
im93,color_bleeding,lpips_vgg,0.9999999999999998
im93,color_bleeding,convnext_perceptual,0.9999999999999998
im93,color_bleeding,dinov3_perceptual,0.9999999999999998
im93,subtle_color_error,huber_ab,0.9999999999999998
im93,subtle_color_error,gradient_ab,0.9999999999999998
im93,subtle_color_error,lpips_vgg,0.9999999999999998
im93,subtle_color_error,convnext_perceptual,0.9999999999999998
im93,subtle_color_error,dinov3_perceptual,0.9999999999999998
im93,semantically_wrong_color,huber_ab,0.9999999999999998
im93,semantically_wrong_color,gradient_ab,0.9999999999999998
im93,semantically_wrong_color,lpips_vgg,0.9999999999999998
im93,semantically_wrong_color,convnext_perceptual,0.9999999999999998
im93,semantically_wrong_color,dinov3_perceptual,0.9999999999999998
im93,plausible_alternative_colorization,huber_ab,0.9999999999999998
im93,plausible_alternative_colorization,gradient_ab,0.9999999999999998
im93,plausible_alternative_colorization,lpips_vgg,0.9999999999999998
im93,plausible_alternative_colorization,convnext_perceptual,0.9999999999999998
im93,plausible_alternative_colorization,dinov3_perceptual,0.9999999999999998
im94,wrong_hue,huber_ab,0.9999999999999998
im94,wrong_hue,gradient_ab,0.9999999999999998
im94,wrong_hue,lpips_vgg,0.9999999999999998
im94,wrong_hue,convnext_perceptual,0.9999999999999998
im94,wrong_hue,dinov3_perceptual,0.9999999999999998
im94,low_saturation,huber_ab,0.9999999999999998
im94,low_saturation,gradient_ab,0.9999999999999998
im94,low_saturation,lpips_vgg,0.9999999999999998
im94,low_saturation,convnext_perceptual,0.7999999999999998
im94,low_saturation,dinov3_perceptual,0.9999999999999998
im94,color_bleeding,huber_ab,0.9999999999999998
im94,color_bleeding,gradient_ab,0.9999999999999998
im94,color_bleeding,lpips_vgg,0.9999999999999998
im94,color_bleeding,convnext_perceptual,0.9999999999999998
im94,color_bleeding,dinov3_perceptual,0.9999999999999998
im94,subtle_color_error,huber_ab,0.9999999999999998
im94,subtle_color_error,gradient_ab,0.9999999999999998
im94,subtle_color_error,lpips_vgg,0.9999999999999998
im94,subtle_color_error,convnext_perceptual,0.9999999999999998
im94,subtle_color_error,dinov3_perceptual,0.9999999999999998
im94,semantically_wrong_color,huber_ab,0.9999999999999998
im94,semantically_wrong_color,gradient_ab,0.9999999999999998
im94,semantically_wrong_color,lpips_vgg,0.9999999999999998
im94,semantically_wrong_color,convnext_perceptual,0.9999999999999998
im94,semantically_wrong_color,dinov3_perceptual,0.9999999999999998
im94,plausible_alternative_colorization,huber_ab,0.9999999999999998
im94,plausible_alternative_colorization,gradient_ab,0.9999999999999998
im94,plausible_alternative_colorization,lpips_vgg,0.9999999999999998
im94,plausible_alternative_colorization,convnext_perceptual,0.9999999999999998
im94,plausible_alternative_colorization,dinov3_perceptual,0.9999999999999998
im95,wrong_hue,huber_ab,0.9999999999999998
im95,wrong_hue,gradient_ab,0.9999999999999998
im95,wrong_hue,lpips_vgg,0.9999999999999998
im95,wrong_hue,convnext_perceptual,0.9999999999999998
im95,wrong_hue,dinov3_perceptual,0.9999999999999998
im95,low_saturation,huber_ab,0.9999999999999998
im95,low_saturation,gradient_ab,0.9999999999999998
im95,low_saturation,lpips_vgg,0.9999999999999998
im95,low_saturation,convnext_perceptual,0.9999999999999998
im95,low_saturation,dinov3_perceptual,0.9999999999999998
im95,color_bleeding,huber_ab,0.9999999999999998
im95,color_bleeding,gradient_ab,0.9999999999999998
im95,color_bleeding,lpips_vgg,0.9999999999999998
im95,color_bleeding,convnext_perceptual,0.9999999999999998
im95,color_bleeding,dinov3_perceptual,0.9999999999999998
im95,subtle_color_error,huber_ab,0.9999999999999998
im95,subtle_color_error,gradient_ab,0.9999999999999998
im95,subtle_color_error,lpips_vgg,0.9999999999999998
im95,subtle_color_error,convnext_perceptual,0.9999999999999998
im95,subtle_color_error,dinov3_perceptual,0.9999999999999998
im95,semantically_wrong_color,huber_ab,0.9999999999999998
im95,semantically_wrong_color,gradient_ab,0.9999999999999998
im95,semantically_wrong_color,lpips_vgg,0.9999999999999998
im95,semantically_wrong_color,convnext_perceptual,0.9999999999999998
im95,semantically_wrong_color,dinov3_perceptual,0.9999999999999998
im95,plausible_alternative_colorization,huber_ab,0.9999999999999998
im95,plausible_alternative_colorization,gradient_ab,0.9999999999999998
im95,plausible_alternative_colorization,lpips_vgg,0.9999999999999998
im95,plausible_alternative_colorization,convnext_perceptual,-0.5999999999999999
im95,plausible_alternative_colorization,dinov3_perceptual,0.9999999999999998
im97,wrong_hue,huber_ab,0.9999999999999998
im97,wrong_hue,gradient_ab,0.9999999999999998
im97,wrong_hue,lpips_vgg,0.9999999999999998
im97,wrong_hue,convnext_perceptual,0.7999999999999998
im97,wrong_hue,dinov3_perceptual,0.9999999999999998
im97,low_saturation,huber_ab,0.9999999999999998
im97,low_saturation,gradient_ab,0.9999999999999998
im97,low_saturation,lpips_vgg,0.9999999999999998
im97,low_saturation,convnext_perceptual,0.9999999999999998
im97,low_saturation,dinov3_perceptual,0.9999999999999998
im97,color_bleeding,huber_ab,0.9999999999999998
im97,color_bleeding,gradient_ab,0.9999999999999998
im97,color_bleeding,lpips_vgg,0.9999999999999998
im97,color_bleeding,convnext_perceptual,0.9999999999999998
im97,color_bleeding,dinov3_perceptual,0.9999999999999998
im97,subtle_color_error,huber_ab,0.9999999999999998
im97,subtle_color_error,gradient_ab,0.9999999999999998
im97,subtle_color_error,lpips_vgg,0.9999999999999998
im97,subtle_color_error,convnext_perceptual,0.9999999999999998
im97,subtle_color_error,dinov3_perceptual,0.9999999999999998
im97,semantically_wrong_color,huber_ab,0.9999999999999998
im97,semantically_wrong_color,gradient_ab,0.9999999999999998
im97,semantically_wrong_color,lpips_vgg,0.9999999999999998
im97,semantically_wrong_color,convnext_perceptual,0.9999999999999998
im97,semantically_wrong_color,dinov3_perceptual,0.9999999999999998
im97,plausible_alternative_colorization,huber_ab,0.9999999999999998
im97,plausible_alternative_colorization,gradient_ab,0.9999999999999998
im97,plausible_alternative_colorization,lpips_vgg,0.9999999999999998
im97,plausible_alternative_colorization,convnext_perceptual,0.9999999999999998
im97,plausible_alternative_colorization,dinov3_perceptual,0.9999999999999998
im98,wrong_hue,huber_ab,0.9999999999999998
im98,wrong_hue,gradient_ab,0.9999999999999998
im98,wrong_hue,lpips_vgg,0.9999999999999998
im98,wrong_hue,convnext_perceptual,0.9999999999999998
im98,wrong_hue,dinov3_perceptual,0.9999999999999998
im98,low_saturation,huber_ab,0.9999999999999998
im98,low_saturation,gradient_ab,0.9999999999999998
im98,low_saturation,lpips_vgg,0.9999999999999998
im98,low_saturation,convnext_perceptual,0.9999999999999998
im98,low_saturation,dinov3_perceptual,0.9999999999999998
im98,color_bleeding,huber_ab,0.9999999999999998
im98,color_bleeding,gradient_ab,0.9999999999999998
im98,color_bleeding,lpips_vgg,0.9999999999999998
im98,color_bleeding,convnext_perceptual,0.9999999999999998
im98,color_bleeding,dinov3_perceptual,0.9999999999999998
im98,subtle_color_error,huber_ab,0.9999999999999998
im98,subtle_color_error,gradient_ab,0.9999999999999998
im98,subtle_color_error,lpips_vgg,0.9999999999999998
im98,subtle_color_error,convnext_perceptual,0.9999999999999998
im98,subtle_color_error,dinov3_perceptual,0.9999999999999998
im98,semantically_wrong_color,huber_ab,0.9999999999999998
im98,semantically_wrong_color,gradient_ab,0.9999999999999998
im98,semantically_wrong_color,lpips_vgg,0.9999999999999998
im98,semantically_wrong_color,convnext_perceptual,0.9999999999999998
im98,semantically_wrong_color,dinov3_perceptual,0.9999999999999998
im98,plausible_alternative_colorization,huber_ab,0.9999999999999998
im98,plausible_alternative_colorization,gradient_ab,0.9999999999999998
im98,plausible_alternative_colorization,lpips_vgg,0.9999999999999998
im98,plausible_alternative_colorization,convnext_perceptual,0.9999999999999998
im98,plausible_alternative_colorization,dinov3_perceptual,0.9999999999999998
